Seed 7 | objective hybrid-as | selector pareto-live-gate | linear bc 30000 | linear ppo 40000 | neural off | neural bc 30000 | neural ppo 40000 | workers 11

BC linear    [----------------------------]   0.2% 64/30000 |    4.2/s | elapsed 15s | eta 1h 59m 17s | process workers | examples 6120 | q 2659 t 720 r 402
BC linear    [----------------------------]   0.4% 128/30000 |    8.2/s | elapsed 16s | eta 1h 0m 49s | process workers | examples 12075 | q 5398 t 1442 r 741
BC linear    [----------------------------]   0.6% 192/30000 |   11.9/s | elapsed 16s | eta 41m 38s | process workers | examples 18236 | q 8294 t 2047 r 1118 
BC linear    [----------------------------]   0.9% 256/30000 |   15.7/s | elapsed 16s | eta 31m 37s | process workers | examples 24374 | q 11182 t 2570 r 1497
BC linear    [----------------------------]   1.1% 320/30000 |   19.2/s | elapsed 17s | eta 25m 49s | process workers | examples 30793 | q 14081 t 3310 r 1877
BC linear    [----------------------------]   1.3% 384/30000 |   22.5/s | elapsed 17s | eta 21m 57s | process workers | examples 37228 | q 16981 t 4038 r 2266
BC linear    [----------------------------]   1.5% 448/30000 |   26.1/s | elapsed 17s | eta 18m 53s | process workers | examples 43904 | q 19969 t 4906 r 2648
BC linear    [----------------------------]   1.7% 512/30000 |   29.2/s | elapsed 18s | eta 16m 49s | process workers | examples 50916 | q 22973 t 6140 r 3021
BC linear    [----------------------------]   1.9% 576/30000 |   32.6/s | elapsed 18s | eta 15m 3s | process workers | examples 58044 | q 25911 t 7430 r 3418 
BC linear    [----------------------------]   2.3% 704/30000 |   39.2/s | elapsed 18s | eta 12m 27s | process workers | examples 71447 | q 31954 t 8843 r 4194
BC linear    [----------------------------]   2.6% 768/30000 |   25.2/s | elapsed 30s | eta 19m 20s | process workers | examples 77607 | q 34567 t 9685 r 4582
BC linear    [----------------------------]   2.8% 832/30000 |   26.0/s | elapsed 32s | eta 18m 43s | process workers | examples 83605 | q 37181 t 10511 r 4944
BC linear    [----------------------------]   3.0% 896/30000 |   27.9/s | elapsed 32s | eta 17m 25s | process workers | examples 89690 | q 39822 t 11434 r 5276
BC linear    [----------------------------]   3.2% 960/30000 |   29.7/s | elapsed 32s | eta 16m 16s | process workers | examples 96122 | q 42808 t 11899 r 5654
BC linear    [----------------------------]   3.4% 1024/30000 |   31.6/s | elapsed 32s | eta 15m 18s | process workers | examples 102225 | q 45536 t 12590 r 6043
BC linear    [#---------------------------]   4.1% 1216/30000 |   37.4/s | elapsed 33s | eta 12m 50s | process workers | examples 121842 | q 54431 t 14299 r 7284
BC linear    [#---------------------------]   4.3% 1280/30000 |   39.0/s | elapsed 33s | eta 12m 16s | process workers | examples 128052 | q 57242 t 14787 r 7689
BC linear    [#---------------------------]   4.7% 1408/30000 |   42.5/s | elapsed 33s | eta 11m 13s | process workers | examples 140904 | q 63004 t 16328 r 8446
BC linear    [#---------------------------]   4.9% 1472/30000 |   30.9/s | elapsed 48s | eta 15m 23s | process workers | examples 146800 | q 65506 t 16944 r 8839
BC linear    [#---------------------------]   5.1% 1536/30000 |   32.0/s | elapsed 48s | eta 14m 50s | process workers | examples 152594 | q 68066 t 17309 r 9254
BC linear    [#---------------------------]   5.5% 1664/30000 |   34.5/s | elapsed 48s | eta 13m 42s | process workers | examples 164752 | q 73392 t 18670 r 10005
BC linear    [#---------------------------]   5.8% 1728/30000 |   34.9/s | elapsed 49s | eta 13m 29s | process workers | examples 171210 | q 76292 t 19423 r 10393
BC linear    [#---------------------------]   6.0% 1792/30000 |   36.0/s | elapsed 50s | eta 13m 3s | process workers | examples 177690 | q 79344 t 19975 r 10758 
BC linear    [#---------------------------]   6.4% 1920/30000 |   38.4/s | elapsed 50s | eta 12m 11s | process workers | examples 191005 | q 85115 t 22158 r 11509
BC linear    [#---------------------------]   6.8% 2048/30000 |   40.7/s | elapsed 50s | eta 11m 27s | process workers | examples 204292 | q 91100 t 23464 r 12335
BC linear    [#---------------------------]   7.0% 2112/30000 |   41.7/s | elapsed 51s | eta 11m 9s | process workers | examples 211280 | q 94195 t 24634 r 12719 
BC linear    [##--------------------------]   7.3% 2176/30000 |   34.5/s | elapsed 1m 3s | eta 13m 27s | process workers | examples 217092 | q 96847 t 24999 r 13119
BC linear    [##--------------------------]   7.5% 2240/30000 |   35.0/s | elapsed 1m 4s | eta 13m 13s | process workers | examples 223466 | q 99714 t 25798 r 13495
BC linear    [##--------------------------]   7.7% 2304/30000 |   35.6/s | elapsed 1m 5s | eta 12m 59s | process workers | examples 230167 | q 102584 t 26651 r 13880
BC linear    [##--------------------------]   8.1% 2432/30000 |   37.1/s | elapsed 1m 6s | eta 12m 23s | process workers | examples 242552 | q 108259 t 27749 r 14651
BC linear    [##--------------------------]   8.7% 2624/30000 |   39.8/s | elapsed 1m 6s | eta 11m 28s | process workers | examples 262161 | q 117057 t 29445 r 15848
BC linear    [##--------------------------]   9.0% 2688/30000 |   40.7/s | elapsed 1m 6s | eta 11m 11s | process workers | examples 269056 | q 120218 t 30406 r 16225
BC linear    [##--------------------------]   9.2% 2752/30000 |   41.5/s | elapsed 1m 6s | eta 10m 56s | process workers | examples 275836 | q 123123 t 30955 r 16650
BC linear    [##--------------------------]   9.4% 2816/30000 |   42.5/s | elapsed 1m 6s | eta 10m 40s | process workers | examples 282450 | q 125966 t 31542 r 17093
BC linear    [##--------------------------]   9.6% 2880/30000 |   35.3/s | elapsed 1m 22s | eta 12m 48s | process workers | examples 288479 | q 128578 t 32238 r 17493
BC linear    [##--------------------------]   9.8% 2944/30000 |   35.5/s | elapsed 1m 23s | eta 12m 43s | process workers | examples 294780 | q 131476 t 32770 r 17879
BC linear    [##--------------------------]  10.0% 3008/30000 |   36.1/s | elapsed 1m 23s | eta 12m 27s | process workers | examples 301156 | q 134357 t 33350 r 18299
BC linear    [##--------------------------]  10.7% 3200/30000 |   38.1/s | elapsed 1m 24s | eta 11m 43s | process workers | examples 320714 | q 142984 t 35408 r 19539
BC linear    [###-------------------------]  11.1% 3328/30000 |   39.5/s | elapsed 1m 24s | eta 11m 14s | process workers | examples 334265 | q 149056 t 37008 r 20342
BC linear    [###-------------------------]  11.5% 3456/30000 |   40.9/s | elapsed 1m 25s | eta 10m 49s | process workers | examples 347599 | q 155245 t 38256 r 21171
BC linear    [###-------------------------]  11.9% 3584/30000 |   35.9/s | elapsed 1m 40s | eta 12m 17s | process workers | examples 360643 | q 161264 t 39622 r 21991
BC linear    [###-------------------------]  12.2% 3648/30000 |   36.0/s | elapsed 1m 41s | eta 12m 13s | process workers | examples 366790 | q 164005 t 40290 r 22380
BC linear    [###-------------------------]  12.4% 3712/30000 |   36.3/s | elapsed 1m 42s | eta 12m 3s | process workers | examples 372942 | q 166837 t 41154 r 22701 
BC linear    [###-------------------------]  12.6% 3776/30000 |   36.9/s | elapsed 1m 42s | eta 11m 50s | process workers | examples 379340 | q 169632 t 41891 r 23118
BC linear    [###-------------------------]  13.0% 3904/30000 |   38.1/s | elapsed 1m 42s | eta 11m 25s | process workers | examples 392289 | q 175375 t 43429 r 23913
BC linear    [###-------------------------]  13.7% 4096/30000 |   39.9/s | elapsed 1m 43s | eta 10m 49s | process workers | examples 411038 | q 183896 t 45145 r 25096
BC linear    [###-------------------------]  13.9% 4160/30000 |   40.5/s | elapsed 1m 43s | eta 10m 38s | process workers | examples 417611 | q 186986 t 46018 r 25472
BC linear    [###-------------------------]  14.1% 4224/30000 |   41.0/s | elapsed 1m 43s | eta 10m 29s | process workers | examples 424531 | q 189900 t 47187 r 25857
BC linear    [####------------------------]  14.3% 4288/30000 |   36.4/s | elapsed 1m 58s | eta 11m 46s | process workers | examples 430448 | q 192491 t 47894 r 26203
BC linear    [####------------------------]  14.5% 4352/30000 |   36.8/s | elapsed 1m 58s | eta 11m 38s | process workers | examples 436476 | q 195061 t 48528 r 26575
BC linear    [####------------------------]  14.7% 4416/30000 |   37.2/s | elapsed 1m 59s | eta 11m 28s | process workers | examples 442591 | q 198017 t 49009 r 26945
BC linear    [####------------------------]  14.9% 4480/30000 |   37.5/s | elapsed 1m 59s | eta 11m 20s | process workers | examples 449071 | q 200986 t 49701 r 27335
BC linear    [####------------------------]  15.4% 4608/30000 |   38.5/s | elapsed 2m 0s | eta 10m 59s | process workers | examples 462050 | q 206795 t 51289 r 28109 
BC linear    [####------------------------]  15.6% 4672/30000 |   39.0/s | elapsed 2m 0s | eta 10m 49s | process workers | examples 468713 | q 209795 t 52155 r 28491 
BC linear    [####------------------------]  15.8% 4736/30000 |   39.3/s | elapsed 2m 1s | eta 10m 43s | process workers | examples 475560 | q 212969 t 52803 r 28875 
BC linear    [####------------------------]  16.2% 4864/30000 |   40.3/s | elapsed 2m 1s | eta 10m 23s | process workers | examples 489537 | q 219053 t 54795 r 29668 
BC linear    [####------------------------]  16.4% 4928/30000 |   40.8/s | elapsed 2m 1s | eta 10m 14s | process workers | examples 496443 | q 222195 t 55711 r 30066 
BC linear    [####------------------------]  16.6% 4992/30000 |   37.3/s | elapsed 2m 14s | eta 11m 11s | process workers | examples 502260 | q 224891 t 56195 r 30460
BC linear    [####------------------------]  16.9% 5056/30000 |   37.5/s | elapsed 2m 15s | eta 11m 5s | process workers | examples 508226 | q 227568 t 56678 r 30880 
BC linear    [####------------------------]  17.1% 5120/30000 |   37.9/s | elapsed 2m 15s | eta 10m 56s | process workers | examples 514606 | q 230470 t 57221 r 31298
BC linear    [####------------------------]  17.3% 5184/30000 |   38.4/s | elapsed 2m 15s | eta 10m 46s | process workers | examples 520323 | q 233007 t 57931 r 31646
BC linear    [####------------------------]  17.5% 5248/30000 |   38.8/s | elapsed 2m 15s | eta 10m 38s | process workers | examples 526982 | q 236117 t 58693 r 32026
BC linear    [####------------------------]  17.7% 5312/30000 |   39.2/s | elapsed 2m 15s | eta 10m 29s | process workers | examples 533511 | q 238948 t 59608 r 32391
BC linear    [#####-----------------------]  17.9% 5376/30000 |   39.6/s | elapsed 2m 16s | eta 10m 21s | process workers | examples 539748 | q 241907 t 59943 r 32785
BC linear    [#####-----------------------]  18.1% 5440/30000 |   39.9/s | elapsed 2m 16s | eta 10m 15s | process workers | examples 546516 | q 244904 t 60713 r 33189
BC linear    [#####-----------------------]  18.6% 5568/30000 |   40.8/s | elapsed 2m 17s | eta 9m 59s | process workers | examples 559522 | q 250666 t 62110 r 33998 
BC linear    [#####-----------------------]  18.8% 5632/30000 |   41.0/s | elapsed 2m 17s | eta 9m 54s | process workers | examples 566847 | q 253943 t 63331 r 34377 
BC linear    [#####-----------------------]  19.0% 5696/30000 |   37.4/s | elapsed 2m 32s | eta 10m 50s | process workers | examples 572550 | q 256492 t 63828 r 34752
BC linear    [#####-----------------------]  19.2% 5760/30000 |   37.7/s | elapsed 2m 33s | eta 10m 43s | process workers | examples 578373 | q 259181 t 64331 r 35119
BC linear    [#####-----------------------]  19.4% 5824/30000 |   38.0/s | elapsed 2m 33s | eta 10m 36s | process workers | examples 584335 | q 261762 t 64885 r 35518
BC linear    [#####-----------------------]  19.6% 5888/30000 |   38.4/s | elapsed 2m 33s | eta 10m 27s | process workers | examples 590343 | q 264390 t 65427 r 35904
BC linear    [#####-----------------------]  19.8% 5952/30000 |   38.8/s | elapsed 2m 34s | eta 10m 20s | process workers | examples 596639 | q 267074 t 66222 r 36288
BC linear    [#####-----------------------]  20.1% 6016/30000 |   39.2/s | elapsed 2m 34s | eta 10m 12s | process workers | examples 602986 | q 269802 t 67186 r 36655
BC linear    [#####-----------------------]  20.5% 6144/30000 |   40.0/s | elapsed 2m 34s | eta 9m 57s | process workers | examples 615407 | q 275327 t 68586 r 37453 
BC linear    [#####-----------------------]  20.7% 6208/30000 |   40.1/s | elapsed 2m 35s | eta 9m 53s | process workers | examples 622046 | q 278304 t 69401 r 37847 
BC linear    [#####-----------------------]  20.9% 6272/30000 |   40.5/s | elapsed 2m 35s | eta 9m 47s | process workers | examples 628495 | q 281311 t 69911 r 38261 
BC linear    [#####-----------------------]  21.1% 6336/30000 |   40.8/s | elapsed 2m 35s | eta 9m 40s | process workers | examples 635369 | q 284288 t 70999 r 38609 
BC linear    [#####-----------------------]  21.3% 6400/30000 |   38.0/s | elapsed 2m 48s | eta 10m 21s | process workers | examples 641293 | q 286945 t 71394 r 39000
BC linear    [######----------------------]  21.5% 6464/30000 |   38.3/s | elapsed 2m 49s | eta 10m 15s | process workers | examples 647343 | q 289519 t 72355 r 39363
BC linear    [######----------------------]  21.8% 6528/30000 |   38.6/s | elapsed 2m 49s | eta 10m 9s | process workers | examples 653757 | q 292228 t 73356 r 39755 
BC linear    [######----------------------]  22.0% 6592/30000 |   38.9/s | elapsed 2m 49s | eta 10m 1s | process workers | examples 659683 | q 295138 t 73740 r 40130 
BC linear    [######----------------------]  22.2% 6656/30000 |   39.2/s | elapsed 2m 50s | eta 9m 55s | process workers | examples 666144 | q 297996 t 74797 r 40484 
BC linear    [######----------------------]  22.4% 6720/30000 |   39.6/s | elapsed 2m 50s | eta 9m 48s | process workers | examples 672993 | q 300994 t 75778 r 40871 
BC linear    [######----------------------]  22.6% 6784/30000 |   39.9/s | elapsed 2m 50s | eta 9m 42s | process workers | examples 679682 | q 303821 t 76875 r 41255 
BC linear    [######----------------------]  22.8% 6848/30000 |   40.3/s | elapsed 2m 50s | eta 9m 35s | process workers | examples 686033 | q 306876 t 77138 r 41662 
BC linear    [######----------------------]  23.0% 6912/30000 |   40.5/s | elapsed 2m 51s | eta 9m 30s | process workers | examples 692535 | q 309781 t 77909 r 42043 
BC linear    [######----------------------]  23.3% 6976/30000 |   40.9/s | elapsed 2m 51s | eta 9m 23s | process workers | examples 698853 | q 312699 t 78433 r 42456 
BC linear    [######----------------------]  23.5% 7040/30000 |   41.1/s | elapsed 2m 51s | eta 9m 18s | process workers | examples 705580 | q 315693 t 79522 r 42834 
BC linear    [######----------------------]  23.7% 7104/30000 |   38.2/s | elapsed 3m 6s | eta 10m 0s | process workers | examples 711371 | q 318315 t 79983 r 43197  
BC linear    [######----------------------]  23.9% 7168/30000 |   38.5/s | elapsed 3m 6s | eta 9m 53s | process workers | examples 717560 | q 320988 t 80692 r 43577  
BC linear    [######----------------------]  24.3% 7296/30000 |   39.2/s | elapsed 3m 6s | eta 9m 40s | process workers | examples 729464 | q 326156 t 82153 r 44321  
BC linear    [######----------------------]  24.5% 7360/30000 |   39.3/s | elapsed 3m 7s | eta 9m 36s | process workers | examples 735638 | q 328965 t 82663 r 44736  
BC linear    [######----------------------]  24.7% 7424/30000 |   39.6/s | elapsed 3m 7s | eta 9m 30s | process workers | examples 741756 | q 331701 t 83235 r 45116  
BC linear    [#######---------------------]  25.4% 7616/30000 |   40.6/s | elapsed 3m 8s | eta 9m 11s | process workers | examples 760619 | q 340158 t 85230 r 46284  
BC linear    [#######---------------------]  25.6% 7680/30000 |   40.9/s | elapsed 3m 8s | eta 9m 6s | process workers | examples 767350 | q 343216 t 86202 r 46655   
BC linear    [#######---------------------]  26.0% 7808/30000 |   38.6/s | elapsed 3m 22s | eta 9m 35s | process workers | examples 780061 | q 348914 t 87639 r 47443 
BC linear    [#######---------------------]  26.5% 7936/30000 |   39.1/s | elapsed 3m 23s | eta 9m 24s | process workers | examples 792547 | q 354657 t 88921 r 48191 
BC linear    [#######---------------------]  26.7% 8000/30000 |   39.4/s | elapsed 3m 23s | eta 9m 18s | process workers | examples 798577 | q 357381 t 89550 r 48562 
BC linear    [#######---------------------]  26.9% 8064/30000 |   39.7/s | elapsed 3m 23s | eta 9m 13s | process workers | examples 804535 | q 359974 t 90201 r 48916 
BC linear    [#######---------------------]  27.1% 8128/30000 |   40.0/s | elapsed 3m 23s | eta 9m 7s | process workers | examples 810962 | q 362847 t 91063 r 49286  
BC linear    [#######---------------------]  27.7% 8320/30000 |   40.9/s | elapsed 3m 23s | eta 8m 50s | process workers | examples 829949 | q 371400 t 92969 r 50464 
BC linear    [#######---------------------]  27.9% 8384/30000 |   41.1/s | elapsed 3m 24s | eta 8m 46s | process workers | examples 836659 | q 374391 t 93853 r 50855 
BC linear    [#######---------------------]  28.4% 8512/30000 |   39.0/s | elapsed 3m 38s | eta 9m 11s | process workers | examples 849142 | q 379781 t 95655 r 51614 
BC linear    [########--------------------]  28.6% 8576/30000 |   39.1/s | elapsed 3m 39s | eta 9m 7s | process workers | examples 855012 | q 382304 t 96421 r 51969  
BC linear    [########--------------------]  28.8% 8640/30000 |   39.4/s | elapsed 3m 39s | eta 9m 3s | process workers | examples 861000 | q 384981 t 97116 r 52341  
BC linear    [########--------------------]  29.2% 8768/30000 |   39.9/s | elapsed 3m 40s | eta 8m 53s | process workers | examples 873031 | q 390644 t 98176 r 53050 
BC linear    [########--------------------]  29.4% 8832/30000 |   40.1/s | elapsed 3m 40s | eta 8m 48s | process workers | examples 879359 | q 393389 t 98822 r 53463 
BC linear    [########--------------------]  29.7% 8896/30000 |   40.3/s | elapsed 3m 41s | eta 8m 43s | process workers | examples 885931 | q 396196 t 99975 r 53830 
BC linear    [########--------------------]  29.9% 8960/30000 |   40.5/s | elapsed 3m 41s | eta 8m 39s | process workers | examples 892589 | q 399170 t 100577 r 54246
BC linear    [########--------------------]  30.3% 9088/30000 |   41.1/s | elapsed 3m 41s | eta 8m 29s | process workers | examples 905496 | q 404914 t 102194 r 55012
BC linear    [########--------------------]  30.5% 9152/30000 |   41.3/s | elapsed 3m 42s | eta 8m 25s | process workers | examples 912101 | q 408055 t 102734 r 55398
BC linear    [########--------------------]  30.7% 9216/30000 |   39.4/s | elapsed 3m 54s | eta 8m 48s | process workers | examples 918158 | q 410667 t 103638 r 55745
BC linear    [########--------------------]  30.9% 9280/30000 |   39.6/s | elapsed 3m 55s | eta 8m 44s | process workers | examples 924006 | q 413167 t 104392 r 56107
BC linear    [########--------------------]  31.1% 9344/30000 |   39.7/s | elapsed 3m 55s | eta 8m 40s | process workers | examples 930065 | q 416081 t 104627 r 56498
BC linear    [########--------------------]  31.4% 9408/30000 |   39.9/s | elapsed 3m 56s | eta 8m 36s | process workers | examples 936296 | q 419005 t 105155 r 56890
BC linear    [########--------------------]  31.6% 9472/30000 |   40.1/s | elapsed 3m 56s | eta 8m 32s | process workers | examples 942907 | q 421892 t 106194 r 57264
BC linear    [########--------------------]  31.8% 9536/30000 |   40.3/s | elapsed 3m 56s | eta 8m 27s | process workers | examples 949242 | q 424658 t 106791 r 57671
BC linear    [#########-------------------]  32.2% 9664/30000 |   40.8/s | elapsed 3m 57s | eta 8m 19s | process workers | examples 962230 | q 430605 t 108235 r 58437
BC linear    [#########-------------------]  32.9% 9856/30000 |   41.5/s | elapsed 3m 57s | eta 8m 5s | process workers | examples 981922 | q 439543 t 110155 r 59639 
BC linear    [#########-------------------]  33.1% 9920/30000 |   39.3/s | elapsed 4m 12s | eta 8m 30s | process workers | examples 987626 | q 442055 t 110895 r 60010
BC linear    [#########-------------------]  33.3% 9984/30000 |   39.6/s | elapsed 4m 12s | eta 8m 26s | process workers | examples 993427 | q 444571 t 111536 r 60367
BC linear    [#########-------------------]  33.5% 10048/30000 |   39.8/s | elapsed 4m 13s | eta 8m 21s | process workers | examples 999407 | q 447191 t 112190 r 60739
BC linear    [#########-------------------]  33.7% 10112/30000 |   40.0/s | elapsed 4m 13s | eta 8m 17s | process workers | examples 1005282 | q 449761 t 112930 r 61115
BC linear    [#########-------------------]  33.9% 10176/30000 |   40.2/s | elapsed 4m 13s | eta 8m 13s | process workers | examples 1011399 | q 452633 t 113246 r 61507
BC linear    [#########-------------------]  34.1% 10240/30000 |   40.4/s | elapsed 4m 13s | eta 8m 9s | process workers | examples 1017518 | q 455448 t 113924 r 61866 
BC linear    [#########-------------------]  34.3% 10304/30000 |   40.6/s | elapsed 4m 14s | eta 8m 5s | process workers | examples 1023989 | q 458257 t 114722 r 62241 
BC linear    [#########-------------------]  34.6% 10368/30000 |   40.7/s | elapsed 4m 15s | eta 8m 2s | process workers | examples 1030556 | q 461191 t 115446 r 62659 
BC linear    [#########-------------------]  34.8% 10432/30000 |   40.9/s | elapsed 4m 15s | eta 7m 58s | process workers | examples 1037038 | q 464077 t 116091 r 63069
BC linear    [#########-------------------]  35.0% 10496/30000 |   41.1/s | elapsed 4m 15s | eta 7m 54s | process workers | examples 1043683 | q 467139 t 116611 r 63496
BC linear    [#########-------------------]  35.2% 10560/30000 |   41.3/s | elapsed 4m 16s | eta 7m 50s | process workers | examples 1050337 | q 470297 t 117148 r 63887
BC linear    [#########-------------------]  35.4% 10624/30000 |   39.7/s | elapsed 4m 28s | eta 8m 8s | process workers | examples 1056465 | q 473060 t 118043 r 64199 
BC linear    [#########-------------------]  35.6% 10688/30000 |   39.8/s | elapsed 4m 28s | eta 8m 5s | process workers | examples 1062563 | q 475710 t 118572 r 64616 
BC linear    [##########------------------]  35.8% 10752/30000 |   40.0/s | elapsed 4m 29s | eta 8m 1s | process workers | examples 1068919 | q 478326 t 119789 r 64991 
BC linear    [##########------------------]  36.1% 10816/30000 |   40.1/s | elapsed 4m 30s | eta 7m 58s | process workers | examples 1074649 | q 480781 t 120568 r 65353
BC linear    [##########------------------]  36.7% 11008/30000 |   40.8/s | elapsed 4m 30s | eta 7m 45s | process workers | examples 1093844 | q 489278 t 122492 r 66582
BC linear    [##########------------------]  36.9% 11072/30000 |   41.0/s | elapsed 4m 30s | eta 7m 41s | process workers | examples 1100397 | q 492249 t 123291 r 66961
BC linear    [##########------------------]  37.1% 11136/30000 |   41.2/s | elapsed 4m 30s | eta 7m 38s | process workers | examples 1106713 | q 495079 t 123987 r 67353
BC linear    [##########------------------]  37.3% 11200/30000 |   41.3/s | elapsed 4m 31s | eta 7m 35s | process workers | examples 1113036 | q 498053 t 124476 r 67734
BC linear    [##########------------------]  37.5% 11264/30000 |   41.4/s | elapsed 4m 32s | eta 7m 32s | process workers | examples 1119880 | q 501094 t 125294 r 68133
BC linear    [##########------------------]  37.8% 11328/30000 |   39.4/s | elapsed 4m 47s | eta 7m 53s | process workers | examples 1125869 | q 503923 t 125952 r 68469
BC linear    [##########------------------]  38.0% 11392/30000 |   39.6/s | elapsed 4m 47s | eta 7m 49s | process workers | examples 1131889 | q 506612 t 126624 r 68834
BC linear    [##########------------------]  38.2% 11456/30000 |   39.8/s | elapsed 4m 48s | eta 7m 46s | process workers | examples 1137957 | q 509345 t 127301 r 69215
BC linear    [##########------------------]  38.4% 11520/30000 |   40.0/s | elapsed 4m 48s | eta 7m 42s | process workers | examples 1144190 | q 512094 t 127989 r 69605
BC linear    [##########------------------]  38.6% 11584/30000 |   40.2/s | elapsed 4m 48s | eta 7m 38s | process workers | examples 1150446 | q 514893 t 128745 r 70012
BC linear    [##########------------------]  38.8% 11648/30000 |   40.4/s | elapsed 4m 48s | eta 7m 34s | process workers | examples 1157028 | q 517709 t 129561 r 70409
BC linear    [##########------------------]  39.0% 11712/30000 |   40.5/s | elapsed 4m 49s | eta 7m 31s | process workers | examples 1163557 | q 520705 t 130007 r 70836
BC linear    [###########-----------------]  39.5% 11840/30000 |   41.0/s | elapsed 4m 49s | eta 7m 23s | process workers | examples 1176502 | q 526441 t 131431 r 71621
BC linear    [###########-----------------]  39.9% 11968/30000 |   41.4/s | elapsed 4m 49s | eta 7m 16s | process workers | examples 1189888 | q 532367 t 133038 r 72426
BC linear    [###########-----------------]  40.1% 12032/30000 |   39.7/s | elapsed 5m 3s | eta 7m 32s | process workers | examples 1195682 | q 534900 t 133596 r 72818 
BC linear    [###########-----------------]  40.3% 12096/30000 |   39.9/s | elapsed 5m 3s | eta 7m 29s | process workers | examples 1201844 | q 537771 t 134243 r 73169 
BC linear    [###########-----------------]  40.5% 12160/30000 |   40.0/s | elapsed 5m 4s | eta 7m 26s | process workers | examples 1208129 | q 540268 t 135247 r 73595 
BC linear    [###########-----------------]  40.7% 12224/30000 |   40.2/s | elapsed 5m 4s | eta 7m 22s | process workers | examples 1214328 | q 543027 t 136040 r 73958 
BC linear    [###########-----------------]  41.0% 12288/30000 |   40.4/s | elapsed 5m 4s | eta 7m 19s | process workers | examples 1220570 | q 545819 t 136822 r 74345 
BC linear    [###########-----------------]  41.2% 12352/30000 |   40.6/s | elapsed 5m 5s | eta 7m 15s | process workers | examples 1226619 | q 548418 t 137646 r 74729 
BC linear    [###########-----------------]  41.4% 12416/30000 |   40.7/s | elapsed 5m 5s | eta 7m 12s | process workers | examples 1232904 | q 551280 t 138099 r 75162 
BC linear    [###########-----------------]  41.6% 12480/30000 |   40.9/s | elapsed 5m 5s | eta 7m 8s | process workers | examples 1239024 | q 554286 t 138426 r 75541  
BC linear    [###########-----------------]  41.8% 12544/30000 |   41.1/s | elapsed 5m 5s | eta 7m 5s | process workers | examples 1245495 | q 557184 t 139110 r 75951  
BC linear    [###########-----------------]  42.2% 12672/30000 |   41.5/s | elapsed 5m 6s | eta 6m 58s | process workers | examples 1258933 | q 562763 t 140860 r 76792 
BC linear    [###########-----------------]  42.5% 12736/30000 |   39.7/s | elapsed 5m 21s | eta 7m 15s | process workers | examples 1264796 | q 565279 t 141525 r 77191
BC linear    [###########-----------------]  42.7% 12800/30000 |   39.9/s | elapsed 5m 21s | eta 7m 11s | process workers | examples 1270932 | q 567995 t 142370 r 77538
BC linear    [############----------------]  42.9% 12864/30000 |   40.0/s | elapsed 5m 21s | eta 7m 8s | process workers | examples 1277303 | q 570598 t 143190 r 77936 
BC linear    [############----------------]  43.3% 12992/30000 |   40.4/s | elapsed 5m 22s | eta 7m 1s | process workers | examples 1289642 | q 576130 t 144453 r 78694 
BC linear    [############----------------]  43.7% 13120/30000 |   40.8/s | elapsed 5m 22s | eta 6m 54s | process workers | examples 1302292 | q 581676 t 146006 r 79488
BC linear    [############----------------]  43.9% 13184/30000 |   41.0/s | elapsed 5m 22s | eta 6m 50s | process workers | examples 1308667 | q 584638 t 146845 r 79837
BC linear    [############----------------]  44.2% 13248/30000 |   41.1/s | elapsed 5m 22s | eta 6m 48s | process workers | examples 1315146 | q 587623 t 147456 r 80217
BC linear    [############----------------]  44.4% 13312/30000 |   41.3/s | elapsed 5m 23s | eta 6m 45s | process workers | examples 1321939 | q 590669 t 148274 r 80621
BC linear    [############----------------]  44.6% 13376/30000 |   41.3/s | elapsed 5m 24s | eta 6m 42s | process workers | examples 1328974 | q 593861 t 149098 r 81041
BC linear    [############----------------]  44.8% 13440/30000 |   39.8/s | elapsed 5m 37s | eta 6m 56s | process workers | examples 1335026 | q 596659 t 149781 r 81406
BC linear    [############----------------]  45.0% 13504/30000 |   40.0/s | elapsed 5m 38s | eta 6m 53s | process workers | examples 1341094 | q 599401 t 150331 r 81800
BC linear    [############----------------]  45.4% 13632/30000 |   40.3/s | elapsed 5m 38s | eta 6m 46s | process workers | examples 1353613 | q 604936 t 151567 r 82601
BC linear    [############----------------]  45.7% 13696/30000 |   40.5/s | elapsed 5m 38s | eta 6m 42s | process workers | examples 1359815 | q 607786 t 152330 r 82951
BC linear    [############----------------]  45.9% 13760/30000 |   40.7/s | elapsed 5m 38s | eta 6m 39s | process workers | examples 1366736 | q 610723 t 153590 r 83303
BC linear    [############----------------]  46.3% 13888/30000 |   41.0/s | elapsed 5m 38s | eta 6m 33s | process workers | examples 1379775 | q 616468 t 155175 r 84109
BC linear    [#############---------------]  46.5% 13952/30000 |   41.2/s | elapsed 5m 39s | eta 6m 30s | process workers | examples 1386146 | q 619285 t 155902 r 84498
BC linear    [#############---------------]  46.7% 14016/30000 |   41.3/s | elapsed 5m 39s | eta 6m 27s | process workers | examples 1392205 | q 622064 t 156488 r 84899
BC linear    [#############---------------]  47.1% 14144/30000 |   40.0/s | elapsed 5m 54s | eta 6m 37s | process workers | examples 1405061 | q 627576 t 158267 r 85668
BC linear    [#############---------------]  47.4% 14208/30000 |   40.1/s | elapsed 5m 54s | eta 6m 34s | process workers | examples 1411060 | q 630381 t 158709 r 86055
BC linear    [#############---------------]  47.6% 14272/30000 |   40.2/s | elapsed 5m 55s | eta 6m 31s | process workers | examples 1417165 | q 633036 t 159603 r 86412
BC linear    [#############---------------]  47.8% 14336/30000 |   40.3/s | elapsed 5m 55s | eta 6m 28s | process workers | examples 1423586 | q 635902 t 160487 r 86771
BC linear    [#############---------------]  48.0% 14400/30000 |   40.5/s | elapsed 5m 56s | eta 6m 25s | process workers | examples 1430044 | q 638778 t 161417 r 87148
BC linear    [#############---------------]  48.4% 14528/30000 |   40.8/s | elapsed 5m 56s | eta 6m 19s | process workers | examples 1443041 | q 644628 t 163115 r 87889
BC linear    [#############---------------]  49.1% 14720/30000 |   41.3/s | elapsed 5m 56s | eta 6m 10s | process workers | examples 1462748 | q 653185 t 165756 r 89062
BC linear    [#############---------------]  49.3% 14784/30000 |   41.4/s | elapsed 5m 57s | eta 6m 7s | process workers | examples 1469667 | q 656250 t 166787 r 89436 
BC linear    [#############---------------]  49.5% 14848/30000 |   40.1/s | elapsed 6m 10s | eta 6m 18s | process workers | examples 1475463 | q 658920 t 167588 r 89726
BC linear    [#############---------------]  49.7% 14912/30000 |   40.2/s | elapsed 6m 11s | eta 6m 16s | process workers | examples 1481806 | q 661686 t 168242 r 90110
BC linear    [#############---------------]  49.9% 14976/30000 |   40.3/s | elapsed 6m 12s | eta 6m 13s | process workers | examples 1487796 | q 664355 t 168733 r 90494
BC linear    [##############--------------]  50.3% 15104/30000 |   40.6/s | elapsed 6m 12s | eta 6m 7s | process workers | examples 1500126 | q 669916 t 170169 r 91249 
BC linear    [##############--------------]  51.0% 15296/30000 |   41.1/s | elapsed 6m 12s | eta 5m 58s | process workers | examples 1518977 | q 678197 t 172489 r 92423
BC linear    [##############--------------]  51.4% 15424/30000 |   41.4/s | elapsed 6m 13s | eta 5m 52s | process workers | examples 1531623 | q 683924 t 173457 r 93238
BC linear    [##############--------------]  51.8% 15552/30000 |   40.1/s | elapsed 6m 28s | eta 6m 0s | process workers | examples 1544114 | q 689406 t 174729 r 94010 
BC linear    [##############--------------]  52.3% 15680/30000 |   40.4/s | elapsed 6m 28s | eta 5m 54s | process workers | examples 1555954 | q 694764 t 175861 r 94734
BC linear    [##############--------------]  52.5% 15744/30000 |   40.5/s | elapsed 6m 29s | eta 5m 52s | process workers | examples 1562327 | q 697616 t 176668 r 95120
BC linear    [##############--------------]  52.7% 15808/30000 |   40.6/s | elapsed 6m 29s | eta 5m 49s | process workers | examples 1568667 | q 700479 t 177400 r 95501
BC linear    [##############--------------]  52.9% 15872/30000 |   40.7/s | elapsed 6m 30s | eta 5m 47s | process workers | examples 1575227 | q 703323 t 178342 r 95872
BC linear    [##############--------------]  53.3% 16000/30000 |   41.0/s | elapsed 6m 30s | eta 5m 41s | process workers | examples 1588168 | q 709155 t 179781 r 96655
BC linear    [##############--------------]  53.5% 16064/30000 |   41.2/s | elapsed 6m 30s | eta 5m 39s | process workers | examples 1594730 | q 712222 t 180316 r 97051
BC linear    [###############-------------]  54.0% 16192/30000 |   41.4/s | elapsed 6m 31s | eta 5m 34s | process workers | examples 1608771 | q 718471 t 182268 r 97825
BC linear    [###############-------------]  54.2% 16256/30000 |   40.2/s | elapsed 6m 44s | eta 5m 42s | process workers | examples 1614850 | q 721144 t 183294 r 98152
BC linear    [###############-------------]  54.4% 16320/30000 |   40.4/s | elapsed 6m 44s | eta 5m 39s | process workers | examples 1621228 | q 723975 t 184085 r 98525
BC linear    [###############-------------]  54.6% 16384/30000 |   40.5/s | elapsed 6m 45s | eta 5m 36s | process workers | examples 1627194 | q 726742 t 184553 r 98896
BC linear    [###############-------------]  54.8% 16448/30000 |   40.6/s | elapsed 6m 45s | eta 5m 34s | process workers | examples 1633412 | q 729647 t 184884 r 99298
BC linear    [###############-------------]  55.0% 16512/30000 |   40.7/s | elapsed 6m 45s | eta 5m 31s | process workers | examples 1639485 | q 732382 t 185611 r 99642
BC linear    [###############-------------]  55.5% 16640/30000 |   41.0/s | elapsed 6m 45s | eta 5m 26s | process workers | examples 1652040 | q 737847 t 187130 r 100399
BC linear    [###############-------------]  55.7% 16704/30000 |   41.2/s | elapsed 6m 46s | eta 5m 23s | process workers | examples 1658517 | q 740707 t 188108 r 100742
BC linear    [###############-------------]  55.9% 16768/30000 |   41.3/s | elapsed 6m 46s | eta 5m 21s | process workers | examples 1665052 | q 743669 t 188929 r 101118
BC linear    [###############-------------]  56.1% 16832/30000 |   41.4/s | elapsed 6m 46s | eta 5m 18s | process workers | examples 1671579 | q 746603 t 189732 r 101519
BC linear    [###############-------------]  56.3% 16896/30000 |   41.5/s | elapsed 6m 47s | eta 5m 16s | process workers | examples 1678189 | q 749604 t 190482 r 101916
BC linear    [###############-------------]  56.5% 16960/30000 |   40.1/s | elapsed 7m 3s | eta 5m 25s | process workers | examples 1684074 | q 752318 t 191179 r 102251 
BC linear    [###############-------------]  57.0% 17088/30000 |   40.4/s | elapsed 7m 3s | eta 5m 20s | process workers | examples 1696231 | q 757489 t 192573 r 103057 
BC linear    [################------------]  57.2% 17152/30000 |   40.5/s | elapsed 7m 3s | eta 5m 17s | process workers | examples 1702463 | q 760239 t 193271 r 103436 
BC linear    [################------------]  57.4% 17216/30000 |   40.6/s | elapsed 7m 4s | eta 5m 15s | process workers | examples 1708780 | q 763063 t 194000 r 103792 
BC linear    [################------------]  57.6% 17280/30000 |   40.8/s | elapsed 7m 4s | eta 5m 12s | process workers | examples 1715129 | q 766058 t 194602 r 104161 
BC linear    [################------------]  58.0% 17408/30000 |   41.0/s | elapsed 7m 4s | eta 5m 7s | process workers | examples 1728390 | q 771862 t 196329 r 104934  
BC linear    [################------------]  58.2% 17472/30000 |   41.2/s | elapsed 7m 4s | eta 5m 4s | process workers | examples 1734808 | q 774640 t 196935 r 105349  
BC linear    [################------------]  58.5% 17536/30000 |   41.3/s | elapsed 7m 5s | eta 5m 2s | process workers | examples 1741485 | q 777721 t 197478 r 105778  
BC linear    [################------------]  58.7% 17600/30000 |   41.4/s | elapsed 7m 6s | eta 5m 0s | process workers | examples 1748495 | q 780904 t 198320 r 106199  
BC linear    [################------------]  58.9% 17664/30000 |   40.2/s | elapsed 7m 19s | eta 5m 7s | process workers | examples 1754601 | q 783727 t 198840 r 106576 
BC linear    [################------------]  59.1% 17728/30000 |   40.3/s | elapsed 7m 20s | eta 5m 4s | process workers | examples 1761199 | q 786670 t 199825 r 106945 
BC linear    [################------------]  59.5% 17856/30000 |   40.6/s | elapsed 7m 20s | eta 4m 59s | process workers | examples 1773805 | q 792304 t 201483 r 107666
BC linear    [################------------]  59.7% 17920/30000 |   40.7/s | elapsed 7m 20s | eta 4m 57s | process workers | examples 1780667 | q 795289 t 202558 r 108062
BC linear    [################------------]  59.9% 17984/30000 |   40.9/s | elapsed 7m 20s | eta 4m 54s | process workers | examples 1787018 | q 798076 t 203281 r 108451
BC linear    [################------------]  60.4% 18112/30000 |   41.1/s | elapsed 7m 21s | eta 4m 49s | process workers | examples 1799839 | q 803487 t 205449 r 109176
BC linear    [################------------]  60.6% 18176/30000 |   41.2/s | elapsed 7m 21s | eta 4m 47s | process workers | examples 1806533 | q 806375 t 206130 r 109618
BC linear    [#################-----------]  60.8% 18240/30000 |   41.4/s | elapsed 7m 21s | eta 4m 44s | process workers | examples 1812775 | q 809223 t 206584 r 110019
BC linear    [#################-----------]  61.0% 18304/30000 |   41.5/s | elapsed 7m 21s | eta 4m 42s | process workers | examples 1819022 | q 811998 t 207496 r 110380
BC linear    [#################-----------]  61.2% 18368/30000 |   40.3/s | elapsed 7m 36s | eta 4m 49s | process workers | examples 1824621 | q 814497 t 208147 r 110729
BC linear    [#################-----------]  61.4% 18432/30000 |   40.3/s | elapsed 7m 37s | eta 4m 47s | process workers | examples 1830751 | q 817231 t 208811 r 111095
BC linear    [#################-----------]  61.7% 18496/30000 |   40.4/s | elapsed 7m 38s | eta 4m 45s | process workers | examples 1836991 | q 819999 t 209553 r 111467
BC linear    [#################-----------]  62.3% 18688/30000 |   40.8/s | elapsed 7m 38s | eta 4m 37s | process workers | examples 1855546 | q 828487 t 211505 r 112587
BC linear    [#################-----------]  62.5% 18752/30000 |   40.9/s | elapsed 7m 38s | eta 4m 35s | process workers | examples 1861805 | q 831190 t 212304 r 112981
BC linear    [#################-----------]  63.1% 18944/30000 |   41.3/s | elapsed 7m 39s | eta 4m 28s | process workers | examples 1881629 | q 840171 t 214710 r 114128
BC linear    [#################-----------]  63.4% 19008/30000 |   41.3/s | elapsed 7m 40s | eta 4m 26s | process workers | examples 1888638 | q 843212 t 215694 r 114537
BC linear    [#################-----------]  63.6% 19072/30000 |   40.3/s | elapsed 7m 53s | eta 4m 31s | process workers | examples 1895120 | q 846034 t 216472 r 114953
BC linear    [#################-----------]  63.8% 19136/30000 |   40.4/s | elapsed 7m 54s | eta 4m 29s | process workers | examples 1901547 | q 848815 t 217236 r 115358
BC linear    [#################-----------]  64.0% 19200/30000 |   40.5/s | elapsed 7m 54s | eta 4m 27s | process workers | examples 1907694 | q 851447 t 217747 r 115788
BC linear    [##################----------]  64.4% 19328/30000 |   40.7/s | elapsed 7m 55s | eta 4m 22s | process workers | examples 1920007 | q 856919 t 219361 r 116518
BC linear    [##################----------]  65.1% 19520/30000 |   41.1/s | elapsed 7m 55s | eta 4m 15s | process workers | examples 1938925 | q 865463 t 221681 r 117589
BC linear    [##################----------]  65.3% 19584/30000 |   41.2/s | elapsed 7m 55s | eta 4m 13s | process workers | examples 1945610 | q 868383 t 222632 r 117960
BC linear    [##################----------]  65.7% 19712/30000 |   41.5/s | elapsed 7m 55s | eta 4m 8s | process workers | examples 1958856 | q 874362 t 223839 r 118811 
BC linear    [##################----------]  65.9% 19776/30000 |   40.3/s | elapsed 8m 11s | eta 4m 14s | process workers | examples 1964714 | q 876992 t 224422 r 119168
BC linear    [##################----------]  66.1% 19840/30000 |   40.4/s | elapsed 8m 11s | eta 4m 12s | process workers | examples 1970602 | q 879707 t 224851 r 119558
BC linear    [##################----------]  66.3% 19904/30000 |   40.5/s | elapsed 8m 12s | eta 4m 9s | process workers | examples 1976660 | q 882616 t 225225 r 119912 
BC linear    [##################----------]  66.6% 19968/30000 |   40.6/s | elapsed 8m 12s | eta 4m 7s | process workers | examples 1982894 | q 885500 t 225887 r 120287 
BC linear    [##################----------]  67.0% 20096/30000 |   40.8/s | elapsed 8m 12s | eta 4m 3s | process workers | examples 1995638 | q 891163 t 227436 r 121041 
BC linear    [##################----------]  67.2% 20160/30000 |   40.9/s | elapsed 8m 13s | eta 4m 1s | process workers | examples 2002326 | q 894146 t 228141 r 121449 
BC linear    [##################----------]  67.4% 20224/30000 |   41.0/s | elapsed 8m 13s | eta 3m 58s | process workers | examples 2009023 | q 897098 t 229063 r 121819
BC linear    [##################----------]  67.6% 20288/30000 |   41.1/s | elapsed 8m 13s | eta 3m 56s | process workers | examples 2015798 | q 900448 t 229480 r 122204
BC linear    [##################----------]  67.8% 20352/30000 |   41.3/s | elapsed 8m 13s | eta 3m 54s | process workers | examples 2022673 | q 903446 t 230500 r 122616
BC linear    [###################---------]  68.3% 20480/30000 |   40.4/s | elapsed 8m 26s | eta 3m 55s | process workers | examples 2035250 | q 909023 t 231784 r 123440
BC linear    [###################---------]  68.5% 20544/30000 |   40.5/s | elapsed 8m 27s | eta 3m 54s | process workers | examples 2041418 | q 911936 t 232238 r 123836
BC linear    [###################---------]  68.7% 20608/30000 |   40.5/s | elapsed 8m 29s | eta 3m 52s | process workers | examples 2047929 | q 914705 t 233116 r 124235
BC linear    [###################---------]  69.1% 20736/30000 |   40.7/s | elapsed 8m 29s | eta 3m 47s | process workers | examples 2060047 | q 920342 t 234645 r 124929
BC linear    [###################---------]  69.3% 20800/30000 |   40.8/s | elapsed 8m 29s | eta 3m 45s | process workers | examples 2066369 | q 923075 t 235463 r 125290
BC linear    [###################---------]  69.8% 20928/30000 |   41.1/s | elapsed 8m 29s | eta 3m 41s | process workers | examples 2079745 | q 929097 t 236684 r 126129
BC linear    [###################---------]  70.2% 21056/30000 |   41.3/s | elapsed 8m 30s | eta 3m 36s | process workers | examples 2092623 | q 934778 t 238204 r 126932
BC linear    [###################---------]  70.4% 21120/30000 |   41.4/s | elapsed 8m 30s | eta 3m 34s | process workers | examples 2099185 | q 937827 t 238884 r 127332
BC linear    [###################---------]  70.6% 21184/30000 |   40.3/s | elapsed 8m 45s | eta 3m 39s | process workers | examples 2104964 | q 940384 t 239766 r 127649
BC linear    [###################---------]  70.8% 21248/30000 |   40.4/s | elapsed 8m 46s | eta 3m 37s | process workers | examples 2110842 | q 943177 t 240269 r 128016
BC linear    [###################---------]  71.3% 21376/30000 |   40.6/s | elapsed 8m 46s | eta 3m 32s | process workers | examples 2123144 | q 948557 t 241639 r 128772
BC linear    [####################--------]  71.5% 21440/30000 |   40.7/s | elapsed 8m 47s | eta 3m 30s | process workers | examples 2129425 | q 951381 t 242449 r 129136
BC linear    [####################--------]  71.7% 21504/30000 |   40.8/s | elapsed 8m 47s | eta 3m 28s | process workers | examples 2135773 | q 954371 t 243117 r 129516
BC linear    [####################--------]  71.9% 21568/30000 |   40.9/s | elapsed 8m 47s | eta 3m 26s | process workers | examples 2142390 | q 957102 t 243946 r 129941
BC linear    [####################--------]  72.1% 21632/30000 |   41.0/s | elapsed 8m 47s | eta 3m 24s | process workers | examples 2148864 | q 960010 t 244766 r 130324
BC linear    [####################--------]  72.5% 21760/30000 |   41.2/s | elapsed 8m 48s | eta 3m 20s | process workers | examples 2162200 | q 966020 t 246389 r 131108
BC linear    [####################--------]  72.7% 21824/30000 |   41.3/s | elapsed 8m 48s | eta 3m 18s | process workers | examples 2169014 | q 969147 t 247118 r 131496
BC linear    [####################--------]  73.0% 21888/30000 |   40.5/s | elapsed 9m 1s | eta 3m 20s | process workers | examples 2174930 | q 971682 t 247886 r 131868 
BC linear    [####################--------]  73.2% 21952/30000 |   40.5/s | elapsed 9m 2s | eta 3m 19s | process workers | examples 2180854 | q 974330 t 248552 r 132236 
BC linear    [####################--------]  73.4% 22016/30000 |   40.6/s | elapsed 9m 2s | eta 3m 17s | process workers | examples 2186994 | q 977091 t 249311 r 132585 
BC linear    [####################--------]  73.6% 22080/30000 |   40.7/s | elapsed 9m 2s | eta 3m 15s | process workers | examples 2192787 | q 979783 t 249877 r 132946 
BC linear    [####################--------]  73.8% 22144/30000 |   40.8/s | elapsed 9m 3s | eta 3m 13s | process workers | examples 2198617 | q 982377 t 250631 r 133306 
BC linear    [####################--------]  74.0% 22208/30000 |   40.9/s | elapsed 9m 3s | eta 3m 11s | process workers | examples 2205139 | q 985243 t 251609 r 133671 
BC linear    [####################--------]  74.7% 22400/30000 |   41.2/s | elapsed 9m 3s | eta 3m 4s | process workers | examples 2223898 | q 993544 t 253544 r 134877  
BC linear    [####################--------]  74.9% 22464/30000 |   41.3/s | elapsed 9m 4s | eta 3m 2s | process workers | examples 2230556 | q 996483 t 254451 r 135262  
BC linear    [#####################-------]  75.3% 22592/30000 |   40.3/s | elapsed 9m 20s | eta 3m 4s | process workers | examples 2243167 | q 1002186 t 256141 r 135966
BC linear    [#####################-------]  75.7% 22720/30000 |   40.5/s | elapsed 9m 21s | eta 3m 0s | process workers | examples 2255474 | q 1008006 t 256968 r 136723
BC linear    [#####################-------]  76.2% 22848/30000 |   40.7/s | elapsed 9m 21s | eta 2m 56s | process workers | examples 2268466 | q 1013680 t 258775 r 137481
BC linear    [#####################-------]  76.4% 22912/30000 |   40.8/s | elapsed 9m 21s | eta 2m 54s | process workers | examples 2275075 | q 1016564 t 259876 r 137856
BC linear    [#####################-------]  76.6% 22976/30000 |   40.9/s | elapsed 9m 21s | eta 2m 52s | process workers | examples 2281468 | q 1019501 t 260489 r 138243
BC linear    [#####################-------]  77.0% 23104/30000 |   41.1/s | elapsed 9m 22s | eta 2m 48s | process workers | examples 2294499 | q 1025565 t 261695 r 139061
BC linear    [#####################-------]  77.2% 23168/30000 |   41.2/s | elapsed 9m 22s | eta 2m 46s | process workers | examples 2301357 | q 1028591 t 262459 r 139453
BC linear    [#####################-------]  77.4% 23232/30000 |   41.3/s | elapsed 9m 23s | eta 2m 44s | process workers | examples 2308520 | q 1031927 t 263054 r 139876
BC linear    [#####################-------]  77.7% 23296/30000 |   40.4/s | elapsed 9m 37s | eta 2m 46s | process workers | examples 2314394 | q 1034553 t 263770 r 140232
BC linear    [#####################-------]  77.9% 23360/30000 |   40.5/s | elapsed 9m 37s | eta 2m 44s | process workers | examples 2320807 | q 1037381 t 264790 r 140589
BC linear    [#####################-------]  78.1% 23424/30000 |   40.5/s | elapsed 9m 38s | eta 2m 42s | process workers | examples 2327475 | q 1040206 t 265847 r 140999
BC linear    [#####################-------]  78.3% 23488/30000 |   40.6/s | elapsed 9m 38s | eta 2m 40s | process workers | examples 2334038 | q 1043000 t 266811 r 141388
BC linear    [#####################-------]  78.5% 23552/30000 |   40.8/s | elapsed 9m 38s | eta 2m 38s | process workers | examples 2340679 | q 1045935 t 267688 r 141755
BC linear    [######################------]  78.9% 23680/30000 |   41.0/s | elapsed 9m 38s | eta 2m 34s | process workers | examples 2353527 | q 1051552 t 269003 r 142601
BC linear    [######################------]  79.1% 23744/30000 |   41.1/s | elapsed 9m 38s | eta 2m 32s | process workers | examples 2359942 | q 1054363 t 269684 r 143018
BC linear    [######################------]  79.4% 23808/30000 |   41.2/s | elapsed 9m 38s | eta 2m 30s | process workers | examples 2366301 | q 1057080 t 270336 r 143414
BC linear    [######################------]  79.6% 23872/30000 |   41.3/s | elapsed 9m 39s | eta 2m 29s | process workers | examples 2373062 | q 1060109 t 271024 r 143822
BC linear    [######################------]  79.8% 23936/30000 |   41.3/s | elapsed 9m 39s | eta 2m 27s | process workers | examples 2379542 | q 1062857 t 271715 r 144244
BC linear    [######################------]  80.0% 24000/30000 |   40.5/s | elapsed 9m 53s | eta 2m 28s | process workers | examples 2385005 | q 1065214 t 272221 r 144603
BC linear    [######################------]  80.2% 24064/30000 |   40.5/s | elapsed 9m 55s | eta 2m 27s | process workers | examples 2391172 | q 1067944 t 273081 r 144976
BC linear    [######################------]  80.4% 24128/30000 |   40.6/s | elapsed 9m 55s | eta 2m 25s | process workers | examples 2397387 | q 1070744 t 274010 r 145353
BC linear    [######################------]  80.6% 24192/30000 |   40.6/s | elapsed 9m 56s | eta 2m 23s | process workers | examples 2403973 | q 1073666 t 274707 r 145761
BC linear    [######################------]  81.1% 24320/30000 |   40.8/s | elapsed 9m 56s | eta 2m 19s | process workers | examples 2417269 | q 1079526 t 276314 r 146557
BC linear    [######################------]  81.3% 24384/30000 |   40.9/s | elapsed 9m 56s | eta 2m 17s | process workers | examples 2423848 | q 1082454 t 276882 r 146964
BC linear    [######################------]  81.5% 24448/30000 |   41.0/s | elapsed 9m 56s | eta 2m 15s | process workers | examples 2430606 | q 1085363 t 277899 r 147347
BC linear    [######################------]  81.7% 24512/30000 |   41.1/s | elapsed 9m 57s | eta 2m 14s | process workers | examples 2437126 | q 1088491 t 278262 r 147781
BC linear    [######################------]  81.9% 24576/30000 |   41.2/s | elapsed 9m 57s | eta 2m 12s | process workers | examples 2443850 | q 1091532 t 279026 r 148196
BC linear    [######################------]  82.1% 24640/30000 |   41.3/s | elapsed 9m 57s | eta 2m 10s | process workers | examples 2450510 | q 1094595 t 279579 r 148601
BC linear    [#######################-----]  82.3% 24704/30000 |   40.5/s | elapsed 10m 9s | eta 2m 11s | process workers | examples 2456552 | q 1097314 t 280270 r 148985
BC linear    [#######################-----]  82.6% 24768/30000 |   40.5/s | elapsed 10m 12s | eta 2m 9s | process workers | examples 2463160 | q 1100178 t 281119 r 149388
BC linear    [#######################-----]  82.8% 24832/30000 |   40.5/s | elapsed 10m 13s | eta 2m 8s | process workers | examples 2469828 | q 1102941 t 282087 r 149780
BC linear    [#######################-----]  83.0% 24896/30000 |   40.6/s | elapsed 10m 13s | eta 2m 6s | process workers | examples 2476417 | q 1105913 t 282953 r 150155
BC linear    [#######################-----]  83.4% 25024/30000 |   40.8/s | elapsed 10m 13s | eta 2m 2s | process workers | examples 2489748 | q 1111893 t 284635 r 150935
BC linear    [#######################-----]  83.6% 25088/30000 |   40.9/s | elapsed 10m 13s | eta 2m 0s | process workers | examples 2496375 | q 1114802 t 285563 r 151324
BC linear    [#######################-----]  84.1% 25216/30000 |   41.1/s | elapsed 10m 13s | eta 1m 56s | process workers | examples 2509032 | q 1120348 t 286900 r 152156
BC linear    [#######################-----]  84.3% 25280/30000 |   41.2/s | elapsed 10m 13s | eta 1m 55s | process workers | examples 2515834 | q 1123439 t 287669 r 152552
BC linear    [#######################-----]  84.5% 25344/30000 |   41.3/s | elapsed 10m 13s | eta 1m 53s | process workers | examples 2522414 | q 1126406 t 288386 r 152941
BC linear    [#######################-----]  84.7% 25408/30000 |   40.5/s | elapsed 10m 28s | eta 1m 53s | process workers | examples 2527968 | q 1128969 t 288883 r 153270
BC linear    [#######################-----]  84.9% 25472/30000 |   40.5/s | elapsed 10m 29s | eta 1m 52s | process workers | examples 2534069 | q 1131705 t 289827 r 153621
BC linear    [#######################-----]  85.3% 25600/30000 |   40.7/s | elapsed 10m 30s | eta 1m 48s | process workers | examples 2546401 | q 1137435 t 291003 r 154378
BC linear    [#######################-----]  85.5% 25664/30000 |   40.7/s | elapsed 10m 30s | eta 1m 46s | process workers | examples 2552673 | q 1140274 t 291876 r 154735
BC linear    [########################----]  85.8% 25728/30000 |   40.8/s | elapsed 10m 30s | eta 1m 45s | process workers | examples 2559065 | q 1143139 t 292521 r 155147
BC linear    [########################----]  86.0% 25792/30000 |   40.9/s | elapsed 10m 30s | eta 1m 43s | process workers | examples 2565607 | q 1145943 t 293463 r 155524
BC linear    [########################----]  86.2% 25856/30000 |   41.0/s | elapsed 10m 30s | eta 1m 41s | process workers | examples 2571964 | q 1148796 t 294090 r 155916
BC linear    [########################----]  86.4% 25920/30000 |   41.1/s | elapsed 10m 30s | eta 1m 39s | process workers | examples 2578446 | q 1151697 t 294791 r 156316
BC linear    [########################----]  86.6% 25984/30000 |   41.2/s | elapsed 10m 31s | eta 1m 38s | process workers | examples 2585392 | q 1154736 t 295571 r 156739
BC linear    [########################----]  86.8% 26048/30000 |   41.2/s | elapsed 10m 33s | eta 1m 36s | process workers | examples 2592885 | q 1158123 t 296503 r 157154
BC linear    [########################----]  87.0% 26112/30000 |   40.6/s | elapsed 10m 43s | eta 1m 36s | process workers | examples 2598793 | q 1160717 t 297238 r 157515
BC linear    [########################----]  87.3% 26176/30000 |   40.6/s | elapsed 10m 45s | eta 1m 34s | process workers | examples 2605197 | q 1163486 t 298081 r 157924
BC linear    [########################----]  87.5% 26240/30000 |   40.6/s | elapsed 10m 46s | eta 1m 33s | process workers | examples 2611280 | q 1166422 t 298371 r 158304
BC linear    [########################----]  87.9% 26368/30000 |   40.8/s | elapsed 10m 46s | eta 1m 29s | process workers | examples 2624287 | q 1172021 t 300380 r 159082
BC linear    [########################----]  88.3% 26496/30000 |   41.0/s | elapsed 10m 46s | eta 1m 25s | process workers | examples 2636824 | q 1177691 t 301664 r 159864
BC linear    [########################----]  88.5% 26560/30000 |   41.1/s | elapsed 10m 46s | eta 1m 24s | process workers | examples 2643088 | q 1180656 t 302167 r 160244
BC linear    [########################----]  88.7% 26624/30000 |   41.1/s | elapsed 10m 47s | eta 1m 22s | process workers | examples 2649666 | q 1183592 t 303127 r 160634
BC linear    [########################----]  89.0% 26688/30000 |   41.2/s | elapsed 10m 48s | eta 1m 20s | process workers | examples 2656929 | q 1186883 t 303641 r 161094
BC linear    [########################----]  89.2% 26752/30000 |   41.3/s | elapsed 10m 48s | eta 1m 19s | process workers | examples 2663740 | q 1189774 t 304651 r 161490
BC linear    [#########################---]  89.4% 26816/30000 |   40.5/s | elapsed 11m 3s | eta 1m 19s | process workers | examples 2669412 | q 1192315 t 305097 r 161861 
BC linear    [#########################---]  89.6% 26880/30000 |   40.5/s | elapsed 11m 3s | eta 1m 17s | process workers | examples 2675445 | q 1194825 t 306114 r 162252 
BC linear    [#########################---]  89.8% 26944/30000 |   40.6/s | elapsed 11m 3s | eta 1m 15s | process workers | examples 2681232 | q 1197494 t 306444 r 162631 
BC linear    [#########################---]  90.0% 27008/30000 |   40.7/s | elapsed 11m 4s | eta 1m 14s | process workers | examples 2687414 | q 1200266 t 307238 r 162986 
BC linear    [#########################---]  90.2% 27072/30000 |   40.8/s | elapsed 11m 4s | eta 1m 12s | process workers | examples 2693417 | q 1203014 t 307794 r 163366 
BC linear    [#########################---]  90.5% 27136/30000 |   40.9/s | elapsed 11m 4s | eta 1m 10s | process workers | examples 2699674 | q 1205712 t 308538 r 163753 
BC linear    [#########################---]  90.7% 27200/30000 |   40.9/s | elapsed 11m 4s | eta 1m 8s | process workers | examples 2706176 | q 1208465 t 309193 r 164191  
BC linear    [#########################---]  91.1% 27328/30000 |   41.1/s | elapsed 11m 5s | eta 1m 5s | process workers | examples 2718949 | q 1214509 t 310239 r 164956  
BC linear    [#########################---]  91.3% 27392/30000 |   41.2/s | elapsed 11m 5s | eta 1m 3s | process workers | examples 2725371 | q 1217398 t 310835 r 165356  
BC linear    [#########################---]  91.5% 27456/30000 |   41.3/s | elapsed 11m 5s | eta 1m 2s | process workers | examples 2732110 | q 1220438 t 311572 r 165760  
BC linear    [#########################---]  91.7% 27520/30000 |   40.5/s | elapsed 11m 19s | eta 1m 1s | process workers | examples 2738367 | q 1223338 t 312341 r 166115 
BC linear    [#########################---]  91.9% 27584/30000 |   40.6/s | elapsed 11m 19s | eta 59s | process workers | examples 2744534 | q 1225986 t 313212 r 166483   
BC linear    [#########################---]  92.2% 27648/30000 |   40.7/s | elapsed 11m 19s | eta 58s | process workers | examples 2750771 | q 1228710 t 314114 r 166855   
BC linear    [#########################---]  92.4% 27712/30000 |   40.8/s | elapsed 11m 20s | eta 56s | process workers | examples 2756779 | q 1231296 t 314815 r 167218   
BC linear    [#########################---]  92.8% 27840/30000 |   40.9/s | elapsed 11m 20s | eta 53s | process workers | examples 2768958 | q 1236907 t 316116 r 167933   
BC linear    [##########################--]  93.0% 27904/30000 |   41.0/s | elapsed 11m 20s | eta 51s | process workers | examples 2775629 | q 1239850 t 317069 r 168291   
BC linear    [##########################--]  93.2% 27968/30000 |   41.1/s | elapsed 11m 21s | eta 49s | process workers | examples 2781955 | q 1242608 t 317696 r 168699   
BC linear    [##########################--]  93.4% 28032/30000 |   41.2/s | elapsed 11m 21s | eta 48s | process workers | examples 2788714 | q 1245587 t 318704 r 169064   
BC linear    [##########################--]  93.7% 28096/30000 |   41.3/s | elapsed 11m 21s | eta 46s | process workers | examples 2795608 | q 1248588 t 319680 r 169450   
BC linear    [##########################--]  93.9% 28160/30000 |   41.3/s | elapsed 11m 22s | eta 45s | process workers | examples 2802278 | q 1251608 t 320197 r 169883   
BC linear    [##########################--]  94.1% 28224/30000 |   40.5/s | elapsed 11m 37s | eta 44s | process workers | examples 2808401 | q 1254343 t 320821 r 170251   
BC linear    [##########################--]  94.3% 28288/30000 |   40.5/s | elapsed 11m 38s | eta 42s | process workers | examples 2814639 | q 1257026 t 321420 r 170680   
BC linear    [##########################--]  94.5% 28352/30000 |   40.6/s | elapsed 11m 38s | eta 41s | process workers | examples 2820891 | q 1260026 t 321889 r 171068   
BC linear    [##########################--]  94.7% 28416/30000 |   40.7/s | elapsed 11m 38s | eta 39s | process workers | examples 2827284 | q 1262937 t 322635 r 171439   
BC linear    [##########################--]  95.6% 28672/30000 |   41.1/s | elapsed 11m 38s | eta 32s | process workers | examples 2852801 | q 1274410 t 325330 r 173006   
BC linear    [##########################--]  95.8% 28736/30000 |   41.1/s | elapsed 11m 39s | eta 31s | process workers | examples 2859715 | q 1277619 t 326203 r 173366   
BC linear    [##########################--]  96.2% 28864/30000 |   41.3/s | elapsed 11m 39s | eta 28s | process workers | examples 2873361 | q 1283622 t 328045 r 174142   
BC linear    [##########################--]  96.4% 28928/30000 |   40.6/s | elapsed 11m 53s | eta 26s | process workers | examples 2879151 | q 1286196 t 328517 r 174539   
BC linear    [###########################-]  96.6% 28992/30000 |   40.6/s | elapsed 11m 53s | eta 25s | process workers | examples 2885465 | q 1289105 t 329256 r 174907   
BC linear    [###########################-]  96.9% 29056/30000 |   40.7/s | elapsed 11m 54s | eta 23s | process workers | examples 2891588 | q 1291858 t 329696 r 175331   
BC linear    [###########################-]  97.1% 29120/30000 |   40.8/s | elapsed 11m 54s | eta 22s | process workers | examples 2897658 | q 1294564 t 330434 r 175669   
BC linear    [###########################-]  97.7% 29312/30000 |   41.0/s | elapsed 11m 55s | eta 17s | process workers | examples 2916351 | q 1303112 t 332243 r 176809   
BC linear    [###########################-]  97.9% 29376/30000 |   41.1/s | elapsed 11m 55s | eta 15s | process workers | examples 2922936 | q 1306099 t 332823 r 177223   
BC linear    [###########################-]  98.1% 29440/30000 |   41.2/s | elapsed 11m 55s | eta 14s | process workers | examples 2929434 | q 1308980 t 333312 r 177655   
BC linear    [###########################-]  98.6% 29568/30000 |   41.3/s | elapsed 11m 55s | eta 10s | process workers | examples 2943075 | q 1315051 t 334949 r 178476   
BC linear    [###########################-]  98.7% 29616/30000 |   40.8/s | elapsed 12m 5s | eta 9s | process workers | examples 2948161 | q 1317275 t 335574 r 178779     
BC linear    [###########################-]  98.9% 29680/30000 |   40.8/s | elapsed 12m 7s | eta 8s | process workers | examples 2953919 | q 1319757 t 336161 r 179164     
BC linear    [###########################-]  99.1% 29744/30000 |   40.9/s | elapsed 12m 7s | eta 6s | process workers | examples 2959751 | q 1322325 t 336692 r 179573     
BC linear    [###########################-]  99.4% 29808/30000 |   41.0/s | elapsed 12m 7s | eta 5s | process workers | examples 2965681 | q 1324893 t 337308 r 179960     
BC linear    [###########################-]  99.6% 29872/30000 |   41.0/s | elapsed 12m 8s | eta 3s | process workers | examples 2972089 | q 1327772 t 338137 r 180306     
BC linear    [###########################-]  99.8% 29936/30000 |   41.1/s | elapsed 12m 8s | eta 2s | process workers | examples 2978554 | q 1330649 t 339073 r 180663     
BC linear    [############################] 100.0% 30000/30000 |   41.2/s | elapsed 12m 8s | process workers | examples 2985010 | q 1333519 t 339700 r 181053              
BC linear    [############################] 100.0% 30000/30000 |   41.2/s | elapsed 12m 8s | process workers | examples 2985010 | q 1333519 t 339700 r 181053              

PPO linea    [----------------------------]   0.0% 1/40000 |    3.4/s | elapsed 0s | eta 3h 13m 24s | process workers | seats 4 | tracked 15 | cur 1 hist 0 boot 3 teach 0 base 0 heur 0 | avg reward 0.000
PPO linea    [----------------------------]   0.1% 23/40000 |   48.8/s | elapsed 0s | eta 13m 39s | process workers | seats 6 | tracked 15 | cur 1 hist 2 boot 0 teach 1 base 0 heur 2 | avg reward -0.000 
PPO linea    [----------------------------]   0.1% 45/40000 |   65.7/s | elapsed 1s | eta 10m 8s | process workers | seats 10 | tracked 30 | cur 2 hist 3 boot 1 teach 1 base 2 heur 1 | avg reward -0.000 
PPO linea    [----------------------------]   0.2% 67/40000 |   75.5/s | elapsed 1s | eta 8m 49s | process workers | seats 4 | tracked 15 | cur 1 hist 1 boot 0 teach 2 base 0 heur 0 | avg reward -0.000  
PPO linea    [----------------------------]   0.2% 89/40000 |   83.4/s | elapsed 1s | eta 7m 58s | process workers | seats 4 | tracked 15 | cur 1 hist 0 boot 1 teach 2 base 0 heur 0 | avg reward -0.000  
PPO linea    [----------------------------]   0.3% 111/40000 |   86.6/s | elapsed 1s | eta 7m 41s | process workers | seats 2 | tracked 15 | cur 1 hist 1 boot 0 teach 0 base 0 heur 0 | avg reward -0.000 
PPO linea    [----------------------------]   0.3% 133/40000 |   89.4/s | elapsed 1s | eta 7m 26s | process workers | seats 10 | tracked 15 | cur 1 hist 3 boot 2 teach 1 base 3 heur 0 | avg reward -0.000
PPO linea    [----------------------------]   0.4% 155/40000 |   92.6/s | elapsed 2s | eta 7m 10s | process workers | seats 4 | tracked 15 | cur 1 hist 1 boot 0 teach 2 base 0 heur 0 | avg reward -0.000 
PPO linea    [----------------------------]   0.4% 177/40000 |   94.8/s | elapsed 2s | eta 7m 0s | process workers | seats 4 | tracked 15 | cur 1 hist 2 boot 0 teach 1 base 0 heur 0 | avg reward -0.000  
PPO linea    [----------------------------]   0.5% 199/40000 |   97.4/s | elapsed 2s | eta 6m 48s | process workers | seats 2 | tracked 15 | cur 1 hist 1 boot 0 teach 0 base 0 heur 0 | avg reward 0.000  
PPO linea    [----------------------------]   0.6% 221/40000 |   98.0/s | elapsed 2s | eta 6m 46s | process workers | seats 2 | tracked 15 | cur 1 hist 0 boot 0 teach 0 base 0 heur 1 | avg reward 0.000  
PPO linea    [----------------------------]   0.6% 243/40000 |   98.1/s | elapsed 2s | eta 6m 45s | process workers | seats 2 | tracked 15 | cur 1 hist 0 boot 0 teach 0 base 1 heur 0 | avg reward -0.000 
PPO linea    [----------------------------]   0.7% 265/40000 |  100.2/s | elapsed 3s | eta 6m 36s | process workers | seats 8 | tracked 15 | cur 1 hist 1 boot 1 teach 4 base 1 heur 0 | avg reward 0.000  
PPO linea    [----------------------------]   0.7% 287/40000 |  102.3/s | elapsed 3s | eta 6m 28s | process workers | seats 8 | tracked 30 | cur 2 hist 0 boot 1 teach 3 base 2 heur 0 | avg reward 0.000  
PPO linea    [----------------------------]   0.8% 309/40000 |  103.3/s | elapsed 3s | eta 6m 24s | process workers | seats 4 | tracked 15 | cur 1 hist 0 boot 0 teach 3 base 0 heur 0 | avg reward 0.000  
PPO linea    [----------------------------]   0.8% 331/40000 |  103.9/s | elapsed 3s | eta 6m 22s | process workers | seats 10 | tracked 30 | cur 2 hist 2 boot 1 teach 2 base 2 heur 1 | avg reward 0.000 
PPO linea    [----------------------------]   0.9% 353/40000 |  104.9/s | elapsed 3s | eta 6m 18s | process workers | seats 6 | tracked 15 | cur 1 hist 3 boot 1 teach 1 base 0 heur 0 | avg reward 0.000  
PPO linea    [----------------------------]   0.9% 375/40000 |  106.0/s | elapsed 4s | eta 6m 14s | process workers | seats 4 | tracked 15 | cur 1 hist 0 boot 0 teach 3 base 0 heur 0 | avg reward 0.000  
PPO linea    [----------------------------]   1.0% 397/40000 |  106.2/s | elapsed 4s | eta 6m 13s | process workers | seats 8 | tracked 30 | cur 2 hist 0 boot 0 teach 4 base 2 heur 0 | avg reward 0.000  
PPO linea    [----------------------------]   1.0% 419/40000 |  106.4/s | elapsed 4s | eta 6m 12s | process workers | seats 8 | tracked 30 | cur 2 hist 0 boot 2 teach 3 base 0 heur 1 | avg reward 0.000  
PPO linea    [----------------------------]   1.1% 441/40000 |  106.7/s | elapsed 4s | eta 6m 11s | process workers | seats 8 | tracked 15 | cur 1 hist 2 boot 1 teach 1 base 1 heur 2 | avg reward 0.000  
PPO linea    [----------------------------]   1.2% 463/40000 |  106.6/s | elapsed 4s | eta 6m 11s | process workers | seats 6 | tracked 15 | cur 1 hist 4 boot 0 teach 1 base 0 heur 0 | avg reward 0.000  
PPO linea    [----------------------------]   1.2% 485/40000 |  106.9/s | elapsed 5s | eta 6m 10s | process workers | seats 6 | tracked 15 | cur 1 hist 1 boot 1 teach 2 base 0 heur 1 | avg reward 0.000  
PPO linea    [----------------------------]   1.3% 507/40000 |  107.2/s | elapsed 5s | eta 6m 9s | process workers | seats 10 | tracked 15 | cur 1 hist 3 boot 0 teach 4 base 2 heur 0 | avg reward 0.000  
PPO linea    [----------------------------]   1.3% 529/40000 |  107.8/s | elapsed 5s | eta 6m 6s | process workers | seats 2 | tracked 15 | cur 1 hist 0 boot 0 teach 0 base 1 heur 0 | avg reward 0.000   
PPO linea    [----------------------------]   1.4% 551/40000 |  108.1/s | elapsed 5s | eta 6m 5s | process workers | seats 6 | tracked 15 | cur 1 hist 0 boot 2 teach 2 base 1 heur 0 | avg reward 0.000   
PPO linea    [----------------------------]   1.4% 573/40000 |  108.2/s | elapsed 5s | eta 6m 4s | process workers | seats 6 | tracked 15 | cur 1 hist 1 boot 0 teach 4 base 0 heur 0 | avg reward 0.000   
PPO linea    [----------------------------]   1.5% 595/40000 |  108.2/s | elapsed 5s | eta 6m 4s | process workers | seats 10 | tracked 15 | cur 1 hist 4 boot 2 teach 3 base 0 heur 0 | avg reward 0.000  
PPO linea    [----------------------------]   1.5% 617/40000 |  108.5/s | elapsed 6s | eta 6m 3s | process workers | seats 4 | tracked 15 | cur 1 hist 0 boot 0 teach 3 base 0 heur 0 | avg reward 0.000   
PPO linea    [----------------------------]   1.6% 639/40000 |  109.0/s | elapsed 6s | eta 6m 1s | process workers | seats 2 | tracked 15 | cur 1 hist 0 boot 0 teach 0 base 1 heur 0 | avg reward 0.000   
PPO linea    [----------------------------]   1.7% 661/40000 |  108.9/s | elapsed 6s | eta 6m 1s | process workers | seats 4 | tracked 15 | cur 1 hist 0 boot 1 teach 2 base 0 heur 0 | avg reward 0.000   
PPO linea    [----------------------------]   1.7% 683/40000 |  109.3/s | elapsed 6s | eta 6m 0s | process workers | seats 4 | tracked 15 | cur 1 hist 2 boot 1 teach 0 base 0 heur 0 | avg reward 0.000   
PPO linea    [----------------------------]   1.8% 705/40000 |  109.3/s | elapsed 6s | eta 5m 59s | process workers | seats 4 | tracked 15 | cur 1 hist 0 boot 0 teach 2 base 1 heur 0 | avg reward 0.000  
PPO linea    [----------------------------]   1.8% 727/40000 |  109.1/s | elapsed 7s | eta 6m 0s | process workers | seats 10 | tracked 15 | cur 1 hist 2 boot 5 teach 1 base 1 heur 0 | avg reward 0.000  
PPO linea    [----------------------------]   1.9% 749/40000 |  109.3/s | elapsed 7s | eta 5m 59s | process workers | seats 2 | tracked 15 | cur 1 hist 0 boot 1 teach 0 base 0 heur 0 | avg reward 0.000  
PPO linea    [----------------------------]   1.9% 771/40000 |  110.1/s | elapsed 7s | eta 5m 56s | process workers | seats 4 | tracked 15 | cur 1 hist 1 boot 1 teach 0 base 1 heur 0 | avg reward 0.000  
PPO linea    [----------------------------]   2.0% 793/40000 |  110.0/s | elapsed 7s | eta 5m 56s | process workers | seats 4 | tracked 15 | cur 1 hist 2 boot 0 teach 1 base 0 heur 0 | avg reward 0.000  
PPO linea    [----------------------------]   2.0% 815/40000 |  110.0/s | elapsed 7s | eta 5m 56s | process workers | seats 8 | tracked 15 | cur 1 hist 1 boot 2 teach 2 base 2 heur 0 | avg reward 0.000  
PPO linea    [----------------------------]   2.1% 837/40000 |  110.0/s | elapsed 8s | eta 5m 56s | process workers | seats 10 | tracked 15 | cur 1 hist 3 boot 0 teach 4 base 1 heur 1 | avg reward 0.000 
PPO linea    [----------------------------]   2.1% 859/40000 |  110.1/s | elapsed 8s | eta 5m 56s | process workers | seats 8 | tracked 15 | cur 1 hist 2 boot 3 teach 1 base 1 heur 0 | avg reward 0.000  
PPO linea    [----------------------------]   2.2% 881/40000 |  110.2/s | elapsed 8s | eta 5m 55s | process workers | seats 10 | tracked 30 | cur 2 hist 0 boot 0 teach 6 base 2 heur 0 | avg reward 0.000 
PPO linea    [----------------------------]   2.3% 903/40000 |  110.2/s | elapsed 8s | eta 5m 55s | process workers | seats 6 | tracked 15 | cur 1 hist 2 boot 0 teach 1 base 1 heur 1 | avg reward 0.000  
PPO linea    [----------------------------]   2.3% 925/40000 |  110.3/s | elapsed 8s | eta 5m 54s | process workers | seats 10 | tracked 15 | cur 1 hist 1 boot 4 teach 3 base 1 heur 0 | avg reward 0.000 
PPO linea    [----------------------------]   2.4% 947/40000 |  110.5/s | elapsed 9s | eta 5m 53s | process workers | seats 4 | tracked 15 | cur 1 hist 1 boot 1 teach 1 base 0 heur 0 | avg reward 0.000  
PPO linea    [----------------------------]   2.4% 969/40000 |  110.5/s | elapsed 9s | eta 5m 53s | process workers | seats 10 | tracked 15 | cur 1 hist 0 boot 2 teach 7 base 0 heur 0 | avg reward 0.000 
PPO linea    [----------------------------]   2.5% 991/40000 |  110.8/s | elapsed 9s | eta 5m 52s | process workers | seats 8 | tracked 15 | cur 1 hist 1 boot 2 teach 2 base 1 heur 1 | avg reward 0.000  
PPO linea    [----------------------------]   2.5% 1013/40000 |  110.9/s | elapsed 9s | eta 5m 51s | process workers | seats 8 | tracked 30 | cur 2 hist 2 boot 1 teach 3 base 0 heur 0 | avg reward 0.000 
PPO linea    [----------------------------]   2.6% 1035/40000 |  111.0/s | elapsed 9s | eta 5m 51s | process workers | seats 10 | tracked 30 | cur 2 hist 2 boot 0 teach 5 base 1 heur 0 | avg reward 0.000
PPO linea    [----------------------------]   2.6% 1057/40000 |  111.3/s | elapsed 9s | eta 5m 50s | process workers | seats 8 | tracked 30 | cur 2 hist 2 boot 2 teach 2 base 0 heur 0 | avg reward 0.000 
PPO linea    [----------------------------]   2.7% 1079/40000 |  111.3/s | elapsed 10s | eta 5m 50s | process workers | seats 4 | tracked 15 | cur 1 hist 2 boot 1 teach 0 base 0 heur 0 | avg reward 0.000
PPO linea    [----------------------------]   2.8% 1101/40000 |  111.3/s | elapsed 10s | eta 5m 49s | process workers | seats 10 | tracked 15 | cur 1 hist 4 boot 0 teach 2 base 2 heur 1 | avg reward 0.000
PPO linea    [----------------------------]   2.8% 1123/40000 |  111.4/s | elapsed 10s | eta 5m 49s | process workers | seats 8 | tracked 15 | cur 1 hist 1 boot 0 teach 6 base 0 heur 0 | avg reward 0.000 
PPO linea    [----------------------------]   2.9% 1145/40000 |  111.2/s | elapsed 10s | eta 5m 49s | process workers | seats 6 | tracked 15 | cur 1 hist 0 boot 2 teach 3 base 0 heur 0 | avg reward 0.000 
PPO linea    [----------------------------]   2.9% 1167/40000 |  111.4/s | elapsed 10s | eta 5m 49s | process workers | seats 4 | tracked 15 | cur 1 hist 0 boot 0 teach 3 base 0 heur 0 | avg reward 0.000 
PPO linea    [----------------------------]   3.0% 1189/40000 |  111.3/s | elapsed 11s | eta 5m 49s | process workers | seats 10 | tracked 30 | cur 2 hist 1 boot 2 teach 4 base 1 heur 0 | avg reward 0.000
PPO linea    [----------------------------]   3.0% 1211/40000 |  111.2/s | elapsed 11s | eta 5m 49s | process workers | seats 10 | tracked 15 | cur 1 hist 2 boot 2 teach 4 base 1 heur 0 | avg reward 0.000
PPO linea    [----------------------------]   3.1% 1233/40000 |  111.2/s | elapsed 11s | eta 5m 49s | process workers | seats 10 | tracked 30 | cur 2 hist 1 boot 1 teach 5 base 1 heur 0 | avg reward 0.000
PPO linea    [----------------------------]   3.1% 1255/40000 |  111.4/s | elapsed 11s | eta 5m 48s | process workers | seats 10 | tracked 30 | cur 2 hist 2 boot 2 teach 3 base 1 heur 0 | avg reward 0.000
PPO linea    [----------------------------]   3.2% 1277/40000 |  111.4/s | elapsed 11s | eta 5m 48s | process workers | seats 8 | tracked 30 | cur 2 hist 2 boot 1 teach 2 base 0 heur 1 | avg reward 0.000 
PPO linea    [----------------------------]   3.2% 1299/40000 |  111.4/s | elapsed 12s | eta 5m 47s | process workers | seats 2 | tracked 15 | cur 1 hist 0 boot 1 teach 0 base 0 heur 0 | avg reward 0.000 
PPO linea    [----------------------------]   3.3% 1321/40000 |  111.4/s | elapsed 12s | eta 5m 47s | process workers | seats 10 | tracked 15 | cur 1 hist 3 boot 1 teach 5 base 0 heur 0 | avg reward 0.000
PPO linea    [----------------------------]   3.4% 1343/40000 |  111.2/s | elapsed 12s | eta 5m 48s | process workers | seats 6 | tracked 15 | cur 1 hist 0 boot 1 teach 3 base 1 heur 0 | avg reward 0.000 
PPO linea    [----------------------------]   3.4% 1365/40000 |  111.2/s | elapsed 12s | eta 5m 48s | process workers | seats 4 | tracked 15 | cur 1 hist 1 boot 1 teach 0 base 1 heur 0 | avg reward 0.000 
PPO linea    [----------------------------]   3.5% 1387/40000 |  111.1/s | elapsed 12s | eta 5m 47s | process workers | seats 2 | tracked 15 | cur 1 hist 0 boot 0 teach 0 base 1 heur 0 | avg reward 0.000 
PPO linea    [----------------------------]   3.5% 1409/40000 |  111.0/s | elapsed 13s | eta 5m 48s | process workers | seats 10 | tracked 15 | cur 1 hist 0 boot 1 teach 6 base 1 heur 1 | avg reward 0.000
PPO linea    [#---------------------------]   3.6% 1431/40000 |  111.2/s | elapsed 13s | eta 5m 47s | process workers | seats 6 | tracked 15 | cur 1 hist 0 boot 1 teach 2 base 1 heur 1 | avg reward 0.000 
PPO linea    [#---------------------------]   3.6% 1453/40000 |  111.4/s | elapsed 13s | eta 5m 46s | process workers | seats 10 | tracked 30 | cur 2 hist 1 boot 2 teach 3 base 1 heur 1 | avg reward 0.000
PPO linea    [#---------------------------]   3.7% 1475/40000 |  111.3/s | elapsed 13s | eta 5m 46s | process workers | seats 2 | tracked 15 | cur 1 hist 1 boot 0 teach 0 base 0 heur 0 | avg reward 0.000 
PPO linea    [#---------------------------]   3.7% 1497/40000 |  111.2/s | elapsed 13s | eta 5m 46s | process workers | seats 10 | tracked 15 | cur 1 hist 2 boot 2 teach 4 base 1 heur 0 | avg reward 0.000
PPO linea    [#---------------------------]   3.8% 1519/40000 |  111.5/s | elapsed 14s | eta 5m 45s | process workers | seats 6 | tracked 15 | cur 1 hist 2 boot 1 teach 1 base 0 heur 1 | avg reward 0.000 
PPO linea    [#---------------------------]   3.9% 1541/40000 |  111.6/s | elapsed 14s | eta 5m 45s | process workers | seats 10 | tracked 30 | cur 2 hist 2 boot 0 teach 4 base 2 heur 0 | avg reward 0.000
PPO linea    [#---------------------------]   3.9% 1563/40000 |  111.5/s | elapsed 14s | eta 5m 45s | process workers | seats 6 | tracked 15 | cur 1 hist 0 boot 1 teach 2 base 2 heur 0 | avg reward 0.000 
PPO linea    [#---------------------------]   4.0% 1585/40000 |  111.6/s | elapsed 14s | eta 5m 44s | process workers | seats 8 | tracked 30 | cur 2 hist 1 boot 1 teach 1 base 3 heur 0 | avg reward 0.000 
PPO linea    [#---------------------------]   4.0% 1607/40000 |  111.7/s | elapsed 14s | eta 5m 44s | process workers | seats 4 | tracked 15 | cur 1 hist 0 boot 2 teach 1 base 0 heur 0 | avg reward 0.000 
PPO linea    [#---------------------------]   4.1% 1629/40000 |  111.8/s | elapsed 15s | eta 5m 43s | process workers | seats 6 | tracked 15 | cur 1 hist 1 boot 0 teach 2 base 2 heur 0 | avg reward 0.000 
PPO linea    [#---------------------------]   4.1% 1651/40000 |  112.1/s | elapsed 15s | eta 5m 42s | process workers | seats 2 | tracked 15 | cur 1 hist 0 boot 0 teach 0 base 0 heur 1 | avg reward 0.000 
PPO linea    [#---------------------------]   4.2% 1673/40000 |  112.3/s | elapsed 15s | eta 5m 41s | process workers | seats 4 | tracked 15 | cur 1 hist 0 boot 0 teach 2 base 0 heur 1 | avg reward 0.000 
PPO linea    [#---------------------------]   4.2% 1695/40000 |  112.2/s | elapsed 15s | eta 5m 41s | process workers | seats 4 | tracked 15 | cur 1 hist 0 boot 0 teach 2 base 1 heur 0 | avg reward 0.000 
PPO linea    [#---------------------------]   4.3% 1717/40000 |  112.3/s | elapsed 15s | eta 5m 41s | process workers | seats 10 | tracked 30 | cur 2 hist 3 boot 0 teach 2 base 3 heur 0 | avg reward 0.000
PPO linea    [#---------------------------]   4.3% 1739/40000 |  112.5/s | elapsed 15s | eta 5m 40s | process workers | seats 4 | tracked 15 | cur 1 hist 0 boot 0 teach 1 base 1 heur 1 | avg reward 0.000 
PPO linea    [#---------------------------]   4.4% 1761/40000 |  112.7/s | elapsed 16s | eta 5m 39s | process workers | seats 4 | tracked 15 | cur 1 hist 1 boot 0 teach 2 base 0 heur 0 | avg reward 0.000 
PPO linea    [#---------------------------]   4.5% 1783/40000 |  112.6/s | elapsed 16s | eta 5m 39s | process workers | seats 10 | tracked 15 | cur 1 hist 2 boot 3 teach 2 base 1 heur 1 | avg reward 0.000
PPO linea    [#---------------------------]   4.5% 1805/40000 |  112.7/s | elapsed 16s | eta 5m 39s | process workers | seats 8 | tracked 15 | cur 1 hist 1 boot 1 teach 4 base 1 heur 0 | avg reward 0.000 
PPO linea    [#---------------------------]   4.6% 1827/40000 |  112.8/s | elapsed 16s | eta 5m 38s | process workers | seats 4 | tracked 15 | cur 1 hist 1 boot 1 teach 1 base 0 heur 0 | avg reward 0.000 
PPO linea    [#---------------------------]   4.6% 1849/40000 |  112.6/s | elapsed 16s | eta 5m 39s | process workers | seats 10 | tracked 15 | cur 1 hist 5 boot 1 teach 3 base 0 heur 0 | avg reward 0.000
PPO linea    [#---------------------------]   4.7% 1871/40000 |  112.5/s | elapsed 17s | eta 5m 39s | process workers | seats 8 | tracked 30 | cur 2 hist 1 boot 0 teach 4 base 1 heur 0 | avg reward 0.000 
PPO linea    [#---------------------------]   4.7% 1893/40000 |  112.5/s | elapsed 17s | eta 5m 39s | process workers | seats 10 | tracked 15 | cur 1 hist 3 boot 2 teach 3 base 1 heur 0 | avg reward 0.000
PPO linea    [#---------------------------]   4.8% 1915/40000 |  112.5/s | elapsed 17s | eta 5m 39s | process workers | seats 10 | tracked 30 | cur 2 hist 1 boot 2 teach 3 base 1 heur 1 | avg reward 0.000
PPO linea    [#---------------------------]   4.8% 1937/40000 |  112.4/s | elapsed 17s | eta 5m 38s | process workers | seats 6 | tracked 15 | cur 1 hist 1 boot 0 teach 3 base 0 heur 1 | avg reward 0.000 
PPO linea    [#---------------------------]   4.9% 1959/40000 |  112.3/s | elapsed 17s | eta 5m 39s | process workers | seats 8 | tracked 15 | cur 1 hist 1 boot 0 teach 4 base 2 heur 0 | avg reward 0.000 
PPO linea    [#---------------------------]   5.0% 1981/40000 |  112.3/s | elapsed 18s | eta 5m 39s | process workers | seats 4 | tracked 15 | cur 1 hist 2 boot 1 teach 0 base 0 heur 0 | avg reward 0.000 
PPO linea    [#---------------------------]   5.0% 2003/40000 |  112.3/s | elapsed 18s | eta 5m 38s | process workers | seats 4 | tracked 15 | cur 1 hist 2 boot 1 teach 0 base 0 heur 0 | avg reward 0.000 
PPO linea    [#---------------------------]   5.1% 2025/40000 |  112.3/s | elapsed 18s | eta 5m 38s | process workers | seats 4 | tracked 15 | cur 1 hist 1 boot 0 teach 1 base 1 heur 0 | avg reward 0.000 
PPO linea    [#---------------------------]   5.1% 2047/40000 |  112.3/s | elapsed 18s | eta 5m 38s | process workers | seats 10 | tracked 15 | cur 1 hist 2 boot 2 teach 2 base 0 heur 3 | avg reward 0.000
PPO linea    [#---------------------------]   5.2% 2069/40000 |  112.2/s | elapsed 18s | eta 5m 38s | process workers | seats 2 | tracked 15 | cur 1 hist 1 boot 0 teach 0 base 0 heur 0 | avg reward 0.000 
PPO linea    [#---------------------------]   5.2% 2091/40000 |  112.2/s | elapsed 19s | eta 5m 38s | process workers | seats 10 | tracked 15 | cur 1 hist 3 boot 0 teach 3 base 3 heur 0 | avg reward 0.000
PPO linea    [#---------------------------]   5.3% 2113/40000 |  112.1/s | elapsed 19s | eta 5m 38s | process workers | seats 8 | tracked 15 | cur 1 hist 1 boot 1 teach 2 base 1 heur 2 | avg reward 0.000 
PPO linea    [#---------------------------]   5.3% 2135/40000 |  112.2/s | elapsed 19s | eta 5m 38s | process workers | seats 10 | tracked 30 | cur 2 hist 2 boot 1 teach 5 base 0 heur 0 | avg reward 0.000
PPO linea    [#---------------------------]   5.4% 2157/40000 |  112.2/s | elapsed 19s | eta 5m 37s | process workers | seats 6 | tracked 15 | cur 1 hist 0 boot 2 teach 2 base 1 heur 0 | avg reward 0.000 
PPO linea    [#---------------------------]   5.4% 2179/40000 |  112.3/s | elapsed 19s | eta 5m 37s | process workers | seats 6 | tracked 15 | cur 1 hist 1 boot 0 teach 4 base 0 heur 0 | avg reward 0.000 
PPO linea    [#---------------------------]   5.5% 2201/40000 |  112.3/s | elapsed 20s | eta 5m 37s | process workers | seats 4 | tracked 15 | cur 1 hist 1 boot 0 teach 2 base 0 heur 0 | avg reward 0.000 
PPO linea    [#---------------------------]   5.6% 2223/40000 |  112.3/s | elapsed 20s | eta 5m 36s | process workers | seats 4 | tracked 15 | cur 1 hist 0 boot 2 teach 0 base 1 heur 0 | avg reward 0.000 
PPO linea    [#---------------------------]   5.6% 2245/40000 |  112.3/s | elapsed 20s | eta 5m 36s | process workers | seats 6 | tracked 15 | cur 1 hist 2 boot 1 teach 1 base 0 heur 1 | avg reward 0.000 
PPO linea    [#---------------------------]   5.7% 2267/40000 |  112.2/s | elapsed 20s | eta 5m 36s | process workers | seats 10 | tracked 15 | cur 1 hist 3 boot 1 teach 3 base 1 heur 1 | avg reward 0.000
PPO linea    [#---------------------------]   5.7% 2289/40000 |  112.3/s | elapsed 20s | eta 5m 36s | process workers | seats 4 | tracked 15 | cur 1 hist 1 boot 1 teach 1 base 0 heur 0 | avg reward 0.000 
PPO linea    [#---------------------------]   5.8% 2311/40000 |  112.3/s | elapsed 21s | eta 5m 36s | process workers | seats 4 | tracked 15 | cur 1 hist 0 boot 0 teach 2 base 1 heur 0 | avg reward 0.000 
PPO linea    [#---------------------------]   5.8% 2333/40000 |  112.3/s | elapsed 21s | eta 5m 35s | process workers | seats 6 | tracked 15 | cur 1 hist 1 boot 0 teach 1 base 1 heur 2 | avg reward 0.000 
PPO linea    [#---------------------------]   5.9% 2355/40000 |  112.4/s | elapsed 21s | eta 5m 35s | process workers | seats 6 | tracked 15 | cur 1 hist 1 boot 1 teach 2 base 1 heur 0 | avg reward 0.000 
PPO linea    [#---------------------------]   5.9% 2377/40000 |  112.4/s | elapsed 21s | eta 5m 35s | process workers | seats 10 | tracked 30 | cur 2 hist 3 boot 2 teach 2 base 1 heur 0 | avg reward 0.000
PPO linea    [#---------------------------]   6.0% 2399/40000 |  112.5/s | elapsed 21s | eta 5m 34s | process workers | seats 10 | tracked 15 | cur 1 hist 2 boot 4 teach 2 base 1 heur 0 | avg reward 0.000
PPO linea    [#---------------------------]   6.1% 2421/40000 |  112.5/s | elapsed 22s | eta 5m 34s | process workers | seats 4 | tracked 15 | cur 1 hist 1 boot 0 teach 2 base 0 heur 0 | avg reward 0.000 
PPO linea    [#---------------------------]   6.1% 2443/40000 |  112.6/s | elapsed 22s | eta 5m 34s | process workers | seats 8 | tracked 15 | cur 1 hist 1 boot 0 teach 2 base 3 heur 1 | avg reward 0.000 
PPO linea    [#---------------------------]   6.2% 2465/40000 |  112.5/s | elapsed 22s | eta 5m 34s | process workers | seats 4 | tracked 15 | cur 1 hist 0 boot 3 teach 0 base 0 heur 0 | avg reward 0.000 
PPO linea    [#---------------------------]   6.2% 2487/40000 |  112.5/s | elapsed 22s | eta 5m 34s | process workers | seats 8 | tracked 30 | cur 2 hist 2 boot 0 teach 1 base 3 heur 0 | avg reward 0.000 
PPO linea    [#---------------------------]   6.3% 2509/40000 |  112.4/s | elapsed 22s | eta 5m 33s | process workers | seats 10 | tracked 30 | cur 2 hist 1 boot 3 teach 3 base 1 heur 0 | avg reward 0.000
PPO linea    [#---------------------------]   6.3% 2531/40000 |  112.6/s | elapsed 22s | eta 5m 33s | process workers | seats 8 | tracked 15 | cur 1 hist 3 boot 3 teach 1 base 0 heur 0 | avg reward 0.000 
PPO linea    [#---------------------------]   6.4% 2553/40000 |  112.6/s | elapsed 23s | eta 5m 33s | process workers | seats 8 | tracked 30 | cur 2 hist 2 boot 0 teach 2 base 1 heur 1 | avg reward 0.000 
PPO linea    [#---------------------------]   6.4% 2575/40000 |  112.4/s | elapsed 23s | eta 5m 33s | process workers | seats 10 | tracked 15 | cur 1 hist 2 boot 2 teach 5 base 0 heur 0 | avg reward 0.000
PPO linea    [#---------------------------]   6.5% 2597/40000 |  112.5/s | elapsed 23s | eta 5m 32s | process workers | seats 10 | tracked 30 | cur 2 hist 3 boot 2 teach 2 base 0 heur 1 | avg reward 0.000
PPO linea    [#---------------------------]   6.5% 2619/40000 |  112.6/s | elapsed 23s | eta 5m 32s | process workers | seats 10 | tracked 30 | cur 2 hist 1 boot 0 teach 3 base 2 heur 2 | avg reward 0.000
PPO linea    [#---------------------------]   6.6% 2641/40000 |  112.4/s | elapsed 23s | eta 5m 32s | process workers | seats 10 | tracked 15 | cur 1 hist 2 boot 2 teach 3 base 2 heur 0 | avg reward 0.000
PPO linea    [#---------------------------]   6.7% 2663/40000 |  112.4/s | elapsed 24s | eta 5m 32s | process workers | seats 8 | tracked 30 | cur 2 hist 3 boot 2 teach 1 base 0 heur 0 | avg reward 0.000 
PPO linea    [#---------------------------]   6.7% 2685/40000 |  112.4/s | elapsed 24s | eta 5m 32s | process workers | seats 10 | tracked 15 | cur 1 hist 0 boot 5 teach 2 base 1 heur 1 | avg reward 0.000
PPO linea    [#---------------------------]   6.8% 2707/40000 |  112.3/s | elapsed 24s | eta 5m 32s | process workers | seats 10 | tracked 15 | cur 1 hist 2 boot 0 teach 5 base 2 heur 0 | avg reward 0.000
PPO linea    [#---------------------------]   6.8% 2729/40000 |  112.3/s | elapsed 24s | eta 5m 32s | process workers | seats 8 | tracked 30 | cur 2 hist 1 boot 2 teach 2 base 1 heur 0 | avg reward 0.000 
PPO linea    [#---------------------------]   6.9% 2751/40000 |  112.3/s | elapsed 24s | eta 5m 32s | process workers | seats 4 | tracked 15 | cur 1 hist 0 boot 1 teach 1 base 1 heur 0 | avg reward 0.000 
PPO linea    [#---------------------------]   6.9% 2773/40000 |  112.3/s | elapsed 25s | eta 5m 32s | process workers | seats 10 | tracked 15 | cur 1 hist 3 boot 2 teach 3 base 1 heur 0 | avg reward 0.000
PPO linea    [#---------------------------]   7.0% 2795/40000 |  112.3/s | elapsed 25s | eta 5m 31s | process workers | seats 2 | tracked 15 | cur 1 hist 0 boot 0 teach 1 base 0 heur 0 | avg reward 0.000 
PPO linea    [#---------------------------]   7.0% 2817/40000 |  112.2/s | elapsed 25s | eta 5m 31s | process workers | seats 8 | tracked 30 | cur 2 hist 0 boot 3 teach 3 base 0 heur 0 | avg reward 0.000 
PPO linea    [#---------------------------]   7.1% 2839/40000 |  112.3/s | elapsed 25s | eta 5m 31s | process workers | seats 8 | tracked 30 | cur 2 hist 0 boot 1 teach 4 base 1 heur 0 | avg reward 0.000 
PPO linea    [##--------------------------]   7.2% 2861/40000 |  112.3/s | elapsed 25s | eta 5m 31s | process workers | seats 6 | tracked 15 | cur 1 hist 1 boot 0 teach 2 base 1 heur 1 | avg reward 0.000 
PPO linea    [##--------------------------]   7.2% 2883/40000 |  112.3/s | elapsed 26s | eta 5m 31s | process workers | seats 8 | tracked 30 | cur 2 hist 0 boot 2 teach 1 base 2 heur 1 | avg reward 0.000 
PPO linea    [##--------------------------]   7.3% 2905/40000 |  112.2/s | elapsed 26s | eta 5m 31s | process workers | seats 10 | tracked 15 | cur 1 hist 3 boot 1 teach 3 base 2 heur 0 | avg reward 0.000
PPO linea    [##--------------------------]   7.3% 2927/40000 |  112.3/s | elapsed 26s | eta 5m 30s | process workers | seats 10 | tracked 15 | cur 1 hist 1 boot 0 teach 4 base 3 heur 1 | avg reward 0.000
PPO linea    [##--------------------------]   7.4% 2949/40000 |  112.4/s | elapsed 26s | eta 5m 30s | process workers | seats 10 | tracked 15 | cur 1 hist 0 boot 2 teach 4 base 2 heur 1 | avg reward 0.000
PPO linea    [##--------------------------]   7.4% 2971/40000 |  112.3/s | elapsed 26s | eta 5m 30s | process workers | seats 6 | tracked 15 | cur 1 hist 1 boot 1 teach 2 base 1 heur 0 | avg reward 0.000 
PPO linea    [##--------------------------]   7.5% 2993/40000 |  112.2/s | elapsed 27s | eta 5m 30s | process workers | seats 10 | tracked 30 | cur 2 hist 3 boot 0 teach 4 base 1 heur 0 | avg reward 0.000
PPO linea    [##--------------------------]   7.5% 3015/40000 |  112.2/s | elapsed 27s | eta 5m 30s | process workers | seats 10 | tracked 15 | cur 1 hist 1 boot 1 teach 5 base 2 heur 0 | avg reward 0.000
PPO linea    [##--------------------------]   7.6% 3037/40000 |  112.1/s | elapsed 27s | eta 5m 30s | process workers | seats 4 | tracked 15 | cur 1 hist 1 boot 0 teach 2 base 0 heur 0 | avg reward 0.000 
PPO linea    [##--------------------------]   7.6% 3059/40000 |  112.2/s | elapsed 27s | eta 5m 29s | process workers | seats 4 | tracked 15 | cur 1 hist 0 boot 0 teach 3 base 0 heur 0 | avg reward 0.000 
PPO linea    [##--------------------------]   7.7% 3081/40000 |  112.2/s | elapsed 27s | eta 5m 29s | process workers | seats 10 | tracked 15 | cur 1 hist 2 boot 2 teach 4 base 0 heur 1 | avg reward 0.000
PPO linea    [##--------------------------]   7.8% 3103/40000 |  112.1/s | elapsed 28s | eta 5m 29s | process workers | seats 8 | tracked 15 | cur 1 hist 0 boot 0 teach 5 base 2 heur 0 | avg reward 0.000 
PPO linea    [##--------------------------]   7.8% 3125/40000 |  112.1/s | elapsed 28s | eta 5m 29s | process workers | seats 10 | tracked 15 | cur 1 hist 1 boot 0 teach 5 base 2 heur 1 | avg reward 0.000
PPO linea    [##--------------------------]   7.9% 3147/40000 |  112.0/s | elapsed 28s | eta 5m 29s | process workers | seats 6 | tracked 15 | cur 1 hist 1 boot 1 teach 1 base 0 heur 2 | avg reward 0.000 
PPO linea    [##--------------------------]   7.9% 3169/40000 |  111.9/s | elapsed 28s | eta 5m 29s | process workers | seats 10 | tracked 15 | cur 1 hist 4 boot 1 teach 2 base 1 heur 1 | avg reward 0.000
PPO linea    [##--------------------------]   8.0% 3191/40000 |  111.9/s | elapsed 29s | eta 5m 29s | process workers | seats 8 | tracked 15 | cur 1 hist 1 boot 1 teach 3 base 2 heur 0 | avg reward 0.000 
PPO linea    [##--------------------------]   8.0% 3213/40000 |  112.0/s | elapsed 29s | eta 5m 29s | process workers | seats 6 | tracked 15 | cur 1 hist 1 boot 2 teach 0 base 1 heur 1 | avg reward 0.000 
PPO linea    [##--------------------------]   8.1% 3235/40000 |  111.9/s | elapsed 29s | eta 5m 28s | process workers | seats 10 | tracked 30 | cur 2 hist 4 boot 2 teach 0 base 1 heur 1 | avg reward 0.000
PPO linea    [##--------------------------]   8.1% 3257/40000 |  111.9/s | elapsed 29s | eta 5m 28s | process workers | seats 10 | tracked 30 | cur 2 hist 4 boot 2 teach 0 base 0 heur 2 | avg reward 0.000
PPO linea    [##--------------------------]   8.2% 3279/40000 |  111.9/s | elapsed 29s | eta 5m 28s | process workers | seats 10 | tracked 15 | cur 1 hist 0 boot 1 teach 4 base 2 heur 2 | avg reward 0.000
PPO linea    [##--------------------------]   8.3% 3301/40000 |  112.0/s | elapsed 29s | eta 5m 28s | process workers | seats 4 | tracked 15 | cur 1 hist 0 boot 0 teach 2 base 1 heur 0 | avg reward 0.000 
PPO linea    [##--------------------------]   8.3% 3323/40000 |  112.0/s | elapsed 30s | eta 5m 27s | process workers | seats 4 | tracked 15 | cur 1 hist 1 boot 0 teach 2 base 0 heur 0 | avg reward 0.000 
PPO linea    [##--------------------------]   8.4% 3345/40000 |  112.0/s | elapsed 30s | eta 5m 27s | process workers | seats 4 | tracked 15 | cur 1 hist 1 boot 0 teach 1 base 1 heur 0 | avg reward 0.000 
PPO linea    [##--------------------------]   8.4% 3367/40000 |  112.1/s | elapsed 30s | eta 5m 27s | process workers | seats 10 | tracked 15 | cur 1 hist 0 boot 1 teach 6 base 2 heur 0 | avg reward 0.000
PPO linea    [##--------------------------]   8.5% 3389/40000 |  112.1/s | elapsed 30s | eta 5m 27s | process workers | seats 4 | tracked 15 | cur 1 hist 1 boot 2 teach 0 base 0 heur 0 | avg reward 0.000 
PPO linea    [##--------------------------]   8.5% 3411/40000 |  112.2/s | elapsed 30s | eta 5m 26s | process workers | seats 4 | tracked 15 | cur 1 hist 2 boot 0 teach 1 base 0 heur 0 | avg reward 0.000 
PPO linea    [##--------------------------]   8.6% 3433/40000 |  112.2/s | elapsed 31s | eta 5m 26s | process workers | seats 8 | tracked 15 | cur 1 hist 2 boot 2 teach 2 base 0 heur 1 | avg reward 0.000 
PPO linea    [##--------------------------]   8.6% 3455/40000 |  112.2/s | elapsed 31s | eta 5m 26s | process workers | seats 6 | tracked 15 | cur 1 hist 0 boot 3 teach 1 base 1 heur 0 | avg reward 0.000 
PPO linea    [##--------------------------]   8.7% 3477/40000 |  112.1/s | elapsed 31s | eta 5m 26s | process workers | seats 8 | tracked 15 | cur 1 hist 1 boot 0 teach 4 base 2 heur 0 | avg reward 0.000 
PPO linea    [##--------------------------]   8.7% 3499/40000 |  112.1/s | elapsed 31s | eta 5m 26s | process workers | seats 2 | tracked 15 | cur 1 hist 1 boot 0 teach 0 base 0 heur 0 | avg reward 0.000 
PPO linea    [##--------------------------]   8.8% 3521/40000 |  112.1/s | elapsed 31s | eta 5m 25s | process workers | seats 4 | tracked 15 | cur 1 hist 1 boot 0 teach 2 base 0 heur 0 | avg reward 0.000 
PPO linea    [##--------------------------]   8.9% 3543/40000 |  112.1/s | elapsed 32s | eta 5m 25s | process workers | seats 10 | tracked 15 | cur 1 hist 2 boot 1 teach 4 base 2 heur 0 | avg reward 0.000
PPO linea    [##--------------------------]   8.9% 3565/40000 |  112.0/s | elapsed 32s | eta 5m 25s | process workers | seats 10 | tracked 15 | cur 1 hist 2 boot 2 teach 4 base 1 heur 0 | avg reward 0.000
PPO linea    [##--------------------------]   9.0% 3587/40000 |  112.0/s | elapsed 32s | eta 5m 25s | process workers | seats 8 | tracked 15 | cur 1 hist 1 boot 2 teach 4 base 0 heur 0 | avg reward 0.000 
PPO linea    [##--------------------------]   9.0% 3609/40000 |  112.2/s | elapsed 32s | eta 5m 24s | process workers | seats 6 | tracked 15 | cur 1 hist 1 boot 3 teach 1 base 0 heur 0 | avg reward 0.000 
PPO linea    [##--------------------------]   9.1% 3631/40000 |  112.2/s | elapsed 32s | eta 5m 24s | process workers | seats 2 | tracked 15 | cur 1 hist 1 boot 0 teach 0 base 0 heur 0 | avg reward 0.000 
PPO linea    [##--------------------------]   9.1% 3653/40000 |  112.3/s | elapsed 33s | eta 5m 24s | process workers | seats 4 | tracked 15 | cur 1 hist 0 boot 0 teach 2 base 0 heur 1 | avg reward 0.000 
PPO linea    [##--------------------------]   9.2% 3675/40000 |  112.3/s | elapsed 33s | eta 5m 24s | process workers | seats 4 | tracked 15 | cur 1 hist 1 boot 1 teach 1 base 0 heur 0 | avg reward 0.000 
PPO linea    [##--------------------------]   9.2% 3697/40000 |  112.3/s | elapsed 33s | eta 5m 23s | process workers | seats 4 | tracked 15 | cur 1 hist 1 boot 0 teach 2 base 0 heur 0 | avg reward 0.000 
PPO linea    [##--------------------------]   9.3% 3719/40000 |  112.4/s | elapsed 33s | eta 5m 23s | process workers | seats 8 | tracked 30 | cur 2 hist 2 boot 1 teach 2 base 0 heur 1 | avg reward 0.000 
PPO linea    [##--------------------------]   9.4% 3741/40000 |  112.4/s | elapsed 33s | eta 5m 23s | process workers | seats 6 | tracked 15 | cur 1 hist 1 boot 1 teach 2 base 0 heur 1 | avg reward 0.000 
PPO linea    [##--------------------------]   9.4% 3763/40000 |  112.3/s | elapsed 34s | eta 5m 23s | process workers | seats 8 | tracked 15 | cur 1 hist 1 boot 1 teach 4 base 1 heur 0 | avg reward 0.000 
PPO linea    [##--------------------------]   9.5% 3785/40000 |  112.3/s | elapsed 34s | eta 5m 22s | process workers | seats 4 | tracked 15 | cur 1 hist 1 boot 1 teach 1 base 0 heur 0 | avg reward 0.000 
PPO linea    [##--------------------------]   9.5% 3807/40000 |  112.4/s | elapsed 34s | eta 5m 22s | process workers | seats 6 | tracked 15 | cur 1 hist 0 boot 2 teach 2 base 1 heur 0 | avg reward 0.000 
PPO linea    [##--------------------------]   9.6% 3829/40000 |  112.4/s | elapsed 34s | eta 5m 22s | process workers | seats 10 | tracked 15 | cur 1 hist 0 boot 1 teach 6 base 2 heur 0 | avg reward 0.000
PPO linea    [##--------------------------]   9.6% 3851/40000 |  112.4/s | elapsed 34s | eta 5m 22s | process workers | seats 6 | tracked 15 | cur 1 hist 1 boot 3 teach 0 base 1 heur 0 | avg reward 0.000 
PPO linea    [##--------------------------]   9.7% 3873/40000 |  112.4/s | elapsed 34s | eta 5m 21s | process workers | seats 10 | tracked 15 | cur 1 hist 2 boot 0 teach 7 base 0 heur 0 | avg reward 0.000
PPO linea    [##--------------------------]   9.7% 3895/40000 |  112.5/s | elapsed 35s | eta 5m 21s | process workers | seats 8 | tracked 15 | cur 1 hist 2 boot 1 teach 2 base 2 heur 0 | avg reward 0.000 
PPO linea    [##--------------------------]   9.8% 3917/40000 |  112.4/s | elapsed 35s | eta 5m 21s | process workers | seats 6 | tracked 15 | cur 1 hist 0 boot 0 teach 5 base 0 heur 0 | avg reward 0.000 
PPO linea    [##--------------------------]   9.8% 3939/40000 |  112.5/s | elapsed 35s | eta 5m 21s | process workers | seats 2 | tracked 15 | cur 1 hist 0 boot 0 teach 0 base 0 heur 1 | avg reward 0.000 
PPO linea    [##--------------------------]   9.9% 3961/40000 |  112.4/s | elapsed 35s | eta 5m 21s | process workers | seats 4 | tracked 15 | cur 1 hist 0 boot 0 teach 3 base 0 heur 0 | avg reward 0.000 
PPO linea    [##--------------------------]  10.0% 3983/40000 |  112.5/s | elapsed 35s | eta 5m 20s | process workers | seats 6 | tracked 15 | cur 1 hist 2 boot 0 teach 1 base 2 heur 0 | avg reward 0.000 
PPO linea    [##--------------------------]  10.0% 4005/40000 |  112.6/s | elapsed 36s | eta 5m 20s | process workers | seats 2 | tracked 15 | cur 1 hist 1 boot 0 teach 0 base 0 heur 0 | avg reward 0.000 
PPO linea    [##--------------------------]  10.1% 4027/40000 |  112.6/s | elapsed 36s | eta 5m 19s | process workers | seats 10 | tracked 15 | cur 1 hist 5 boot 1 teach 1 base 2 heur 0 | avg reward 0.000
PPO linea    [##--------------------------]  10.1% 4049/40000 |  112.6/s | elapsed 36s | eta 5m 19s | process workers | seats 6 | tracked 15 | cur 1 hist 0 boot 1 teach 4 base 0 heur 0 | avg reward 0.000 
PPO linea    [##--------------------------]  10.2% 4071/40000 |  112.6/s | elapsed 36s | eta 5m 19s | process workers | seats 2 | tracked 15 | cur 1 hist 1 boot 0 teach 0 base 0 heur 0 | avg reward 0.000 
PPO linea    [##--------------------------]  10.2% 4093/40000 |  112.6/s | elapsed 36s | eta 5m 19s | process workers | seats 10 | tracked 15 | cur 1 hist 1 boot 1 teach 6 base 1 heur 0 | avg reward 0.000
PPO linea    [##--------------------------]  10.3% 4115/40000 |  112.6/s | elapsed 37s | eta 5m 19s | process workers | seats 10 | tracked 30 | cur 2 hist 1 boot 0 teach 6 base 1 heur 0 | avg reward 0.000
PPO linea    [##--------------------------]  10.3% 4137/40000 |  112.7/s | elapsed 37s | eta 5m 18s | process workers | seats 6 | tracked 15 | cur 1 hist 1 boot 0 teach 3 base 1 heur 0 | avg reward 0.000 
PPO linea    [##--------------------------]  10.4% 4159/40000 |  112.6/s | elapsed 37s | eta 5m 18s | process workers | seats 10 | tracked 30 | cur 2 hist 0 boot 1 teach 6 base 1 heur 0 | avg reward 0.000
PPO linea    [##--------------------------]  10.5% 4181/40000 |  112.7/s | elapsed 37s | eta 5m 18s | process workers | seats 6 | tracked 15 | cur 1 hist 1 boot 1 teach 3 base 0 heur 0 | avg reward 0.000 
PPO linea    [##--------------------------]  10.5% 4203/40000 |  112.6/s | elapsed 37s | eta 5m 18s | process workers | seats 2 | tracked 15 | cur 1 hist 0 boot 1 teach 0 base 0 heur 0 | avg reward 0.000 
PPO linea    [##--------------------------]  10.6% 4225/40000 |  112.6/s | elapsed 38s | eta 5m 18s | process workers | seats 4 | tracked 15 | cur 1 hist 2 boot 0 teach 1 base 0 heur 0 | avg reward 0.000 
PPO linea    [##--------------------------]  10.6% 4247/40000 |  112.6/s | elapsed 38s | eta 5m 18s | process workers | seats 10 | tracked 15 | cur 1 hist 2 boot 2 teach 4 base 1 heur 0 | avg reward 0.000
PPO linea    [##--------------------------]  10.7% 4269/40000 |  112.6/s | elapsed 38s | eta 5m 17s | process workers | seats 10 | tracked 15 | cur 1 hist 3 boot 1 teach 2 base 3 heur 0 | avg reward 0.000
PPO linea    [###-------------------------]  10.7% 4291/40000 |  112.6/s | elapsed 38s | eta 5m 17s | process workers | seats 4 | tracked 15 | cur 1 hist 0 boot 0 teach 0 base 2 heur 1 | avg reward 0.000 
PPO linea    [###-------------------------]  10.8% 4313/40000 |  112.6/s | elapsed 38s | eta 5m 17s | process workers | seats 6 | tracked 15 | cur 1 hist 0 boot 0 teach 5 base 0 heur 0 | avg reward 0.000 
PPO linea    [###-------------------------]  10.8% 4335/40000 |  112.6/s | elapsed 38s | eta 5m 17s | process workers | seats 4 | tracked 15 | cur 1 hist 1 boot 2 teach 0 base 0 heur 0 | avg reward 0.000 
PPO linea    [###-------------------------]  10.9% 4357/40000 |  112.6/s | elapsed 39s | eta 5m 16s | process workers | seats 8 | tracked 15 | cur 1 hist 0 boot 1 teach 6 base 0 heur 0 | avg reward 0.000 
PPO linea    [###-------------------------]  10.9% 4379/40000 |  112.6/s | elapsed 39s | eta 5m 16s | process workers | seats 6 | tracked 15 | cur 1 hist 1 boot 0 teach 2 base 1 heur 1 | avg reward 0.000 
PPO linea    [###-------------------------]  11.0% 4401/40000 |  112.6/s | elapsed 39s | eta 5m 16s | process workers | seats 10 | tracked 15 | cur 1 hist 3 boot 1 teach 4 base 0 heur 1 | avg reward 0.000
PPO linea    [###-------------------------]  11.1% 4423/40000 |  112.7/s | elapsed 39s | eta 5m 16s | process workers | seats 6 | tracked 15 | cur 1 hist 2 boot 0 teach 3 base 0 heur 0 | avg reward 0.000 
PPO linea    [###-------------------------]  11.1% 4445/40000 |  112.7/s | elapsed 39s | eta 5m 16s | process workers | seats 8 | tracked 30 | cur 2 hist 0 boot 1 teach 2 base 1 heur 2 | avg reward 0.000 
PPO linea    [###-------------------------]  11.2% 4467/40000 |  112.7/s | elapsed 40s | eta 5m 15s | process workers | seats 6 | tracked 15 | cur 1 hist 0 boot 0 teach 5 base 0 heur 0 | avg reward 0.000 
PPO linea    [###-------------------------]  11.2% 4489/40000 |  112.7/s | elapsed 40s | eta 5m 15s | process workers | seats 4 | tracked 15 | cur 1 hist 1 boot 0 teach 2 base 0 heur 0 | avg reward 0.000 
PPO linea    [###-------------------------]  11.3% 4511/40000 |  112.7/s | elapsed 40s | eta 5m 15s | process workers | seats 10 | tracked 15 | cur 1 hist 2 boot 4 teach 3 base 0 heur 0 | avg reward 0.000
PPO linea    [###-------------------------]  11.3% 4533/40000 |  112.8/s | elapsed 40s | eta 5m 14s | process workers | seats 4 | tracked 15 | cur 1 hist 0 boot 0 teach 3 base 0 heur 0 | avg reward 0.000 
PPO linea    [###-------------------------]  11.4% 4555/40000 |  112.8/s | elapsed 40s | eta 5m 14s | process workers | seats 4 | tracked 15 | cur 1 hist 1 boot 0 teach 0 base 2 heur 0 | avg reward 0.000 
PPO linea    [###-------------------------]  11.4% 4577/40000 |  112.8/s | elapsed 41s | eta 5m 14s | process workers | seats 2 | tracked 15 | cur 1 hist 0 boot 0 teach 1 base 0 heur 0 | avg reward 0.000 
PPO linea    [###-------------------------]  11.5% 4599/40000 |  112.7/s | elapsed 41s | eta 5m 14s | process workers | seats 10 | tracked 15 | cur 1 hist 3 boot 3 teach 1 base 0 heur 2 | avg reward 0.000
PPO linea    [###-------------------------]  11.6% 4621/40000 |  112.7/s | elapsed 41s | eta 5m 14s | process workers | seats 6 | tracked 15 | cur 1 hist 1 boot 0 teach 4 base 0 heur 0 | avg reward 0.000 
PPO linea    [###-------------------------]  11.6% 4643/40000 |  112.7/s | elapsed 41s | eta 5m 14s | process workers | seats 4 | tracked 15 | cur 1 hist 0 boot 1 teach 0 base 2 heur 0 | avg reward 0.000 
PPO linea    [###-------------------------]  11.7% 4665/40000 |  112.7/s | elapsed 41s | eta 5m 13s | process workers | seats 10 | tracked 15 | cur 1 hist 3 boot 2 teach 4 base 0 heur 0 | avg reward 0.000
PPO linea    [###-------------------------]  11.7% 4687/40000 |  112.8/s | elapsed 42s | eta 5m 13s | process workers | seats 6 | tracked 15 | cur 1 hist 0 boot 0 teach 2 base 2 heur 1 | avg reward 0.000 
PPO linea    [###-------------------------]  11.8% 4709/40000 |  112.8/s | elapsed 42s | eta 5m 13s | process workers | seats 6 | tracked 15 | cur 1 hist 1 boot 1 teach 2 base 1 heur 0 | avg reward 0.000 
PPO linea    [###-------------------------]  11.8% 4731/40000 |  112.9/s | elapsed 42s | eta 5m 12s | process workers | seats 4 | tracked 15 | cur 1 hist 1 boot 1 teach 1 base 0 heur 0 | avg reward 0.000 
PPO linea    [###-------------------------]  11.9% 4753/40000 |  113.0/s | elapsed 42s | eta 5m 12s | process workers | seats 10 | tracked 30 | cur 2 hist 3 boot 3 teach 2 base 0 heur 0 | avg reward 0.000
PPO linea    [###-------------------------]  11.9% 4775/40000 |  112.9/s | elapsed 42s | eta 5m 12s | process workers | seats 6 | tracked 15 | cur 1 hist 2 boot 0 teach 1 base 1 heur 1 | avg reward 0.000 
PPO linea    [###-------------------------]  12.0% 4797/40000 |  113.0/s | elapsed 42s | eta 5m 12s | process workers | seats 10 | tracked 30 | cur 2 hist 2 boot 4 teach 2 base 0 heur 0 | avg reward 0.000
PPO linea    [###-------------------------]  12.0% 4819/40000 |  113.0/s | elapsed 43s | eta 5m 11s | process workers | seats 4 | tracked 15 | cur 1 hist 2 boot 1 teach 0 base 0 heur 0 | avg reward 0.000 
PPO linea    [###-------------------------]  12.1% 4841/40000 |  113.1/s | elapsed 43s | eta 5m 11s | process workers | seats 8 | tracked 30 | cur 2 hist 0 boot 1 teach 3 base 1 heur 1 | avg reward 0.000 
PPO linea    [###-------------------------]  12.2% 4863/40000 |  113.1/s | elapsed 43s | eta 5m 11s | process workers | seats 10 | tracked 15 | cur 1 hist 0 boot 2 teach 4 base 2 heur 1 | avg reward 0.000
PPO linea    [###-------------------------]  12.2% 4885/40000 |  113.0/s | elapsed 43s | eta 5m 11s | process workers | seats 10 | tracked 30 | cur 2 hist 0 boot 3 teach 2 base 2 heur 1 | avg reward 0.000
PPO linea    [###-------------------------]  12.3% 4907/40000 |  113.0/s | elapsed 43s | eta 5m 10s | process workers | seats 8 | tracked 30 | cur 2 hist 3 boot 1 teach 1 base 0 heur 1 | avg reward 0.000 
PPO linea    [###-------------------------]  12.3% 4929/40000 |  113.0/s | elapsed 44s | eta 5m 10s | process workers | seats 4 | tracked 15 | cur 1 hist 0 boot 0 teach 1 base 1 heur 1 | avg reward 0.000 
PPO linea    [###-------------------------]  12.4% 4951/40000 |  113.1/s | elapsed 44s | eta 5m 10s | process workers | seats 10 | tracked 30 | cur 2 hist 0 boot 4 teach 2 base 2 heur 0 | avg reward 0.000
PPO linea    [###-------------------------]  12.4% 4973/40000 |  113.1/s | elapsed 44s | eta 5m 10s | process workers | seats 4 | tracked 15 | cur 1 hist 1 boot 1 teach 0 base 0 heur 1 | avg reward 0.000 
PPO linea    [###-------------------------]  12.5% 4995/40000 |  113.0/s | elapsed 44s | eta 5m 10s | process workers | seats 10 | tracked 15 | cur 1 hist 2 boot 2 teach 5 base 0 heur 0 | avg reward -0.000
PPO linea    [###-------------------------]  12.5% 5017/40000 |  113.1/s | elapsed 44s | eta 5m 9s | process workers | seats 4 | tracked 15 | cur 1 hist 1 boot 0 teach 2 base 0 heur 0 | avg reward -0.000  
PPO linea    [###-------------------------]  12.6% 5039/40000 |  113.1/s | elapsed 45s | eta 5m 9s | process workers | seats 8 | tracked 15 | cur 1 hist 4 boot 2 teach 1 base 0 heur 0 | avg reward -0.000  
PPO linea    [###-------------------------]  12.7% 5061/40000 |  113.1/s | elapsed 45s | eta 5m 9s | process workers | seats 6 | tracked 15 | cur 1 hist 1 boot 1 teach 2 base 1 heur 0 | avg reward -0.000  
PPO linea    [###-------------------------]  12.7% 5083/40000 |  113.1/s | elapsed 45s | eta 5m 9s | process workers | seats 4 | tracked 15 | cur 1 hist 1 boot 0 teach 1 base 0 heur 1 | avg reward -0.000  
PPO linea    [###-------------------------]  12.8% 5105/40000 |  113.1/s | elapsed 45s | eta 5m 9s | process workers | seats 6 | tracked 15 | cur 1 hist 1 boot 1 teach 3 base 0 heur 0 | avg reward -0.000  
PPO linea    [###-------------------------]  12.8% 5127/40000 |  113.1/s | elapsed 45s | eta 5m 8s | process workers | seats 4 | tracked 15 | cur 1 hist 2 boot 0 teach 1 base 0 heur 0 | avg reward -0.000  
PPO linea    [###-------------------------]  12.9% 5149/40000 |  113.0/s | elapsed 46s | eta 5m 8s | process workers | seats 10 | tracked 30 | cur 2 hist 1 boot 4 teach 1 base 2 heur 0 | avg reward -0.000 
PPO linea    [###-------------------------]  12.9% 5171/40000 |  113.1/s | elapsed 46s | eta 5m 8s | process workers | seats 8 | tracked 15 | cur 1 hist 4 boot 0 teach 2 base 1 heur 0 | avg reward -0.000  
PPO linea    [###-------------------------]  13.0% 5193/40000 |  113.1/s | elapsed 46s | eta 5m 8s | process workers | seats 10 | tracked 15 | cur 1 hist 3 boot 3 teach 2 base 0 heur 1 | avg reward -0.000 
PPO linea    [###-------------------------]  13.0% 5215/40000 |  113.1/s | elapsed 46s | eta 5m 8s | process workers | seats 8 | tracked 15 | cur 1 hist 2 boot 0 teach 3 base 1 heur 1 | avg reward -0.000  
PPO linea    [###-------------------------]  13.1% 5237/40000 |  113.1/s | elapsed 46s | eta 5m 7s | process workers | seats 4 | tracked 15 | cur 1 hist 0 boot 0 teach 0 base 1 heur 2 | avg reward -0.000  
PPO linea    [###-------------------------]  13.1% 5259/40000 |  113.1/s | elapsed 47s | eta 5m 7s | process workers | seats 8 | tracked 30 | cur 2 hist 0 boot 2 teach 3 base 0 heur 1 | avg reward -0.000  
PPO linea    [###-------------------------]  13.2% 5281/40000 |  113.1/s | elapsed 47s | eta 5m 7s | process workers | seats 2 | tracked 15 | cur 1 hist 0 boot 0 teach 1 base 0 heur 0 | avg reward -0.000  
PPO linea    [###-------------------------]  13.3% 5303/40000 |  113.1/s | elapsed 47s | eta 5m 7s | process workers | seats 8 | tracked 15 | cur 1 hist 5 boot 0 teach 1 base 1 heur 0 | avg reward -0.000  
PPO linea    [###-------------------------]  13.3% 5325/40000 |  113.1/s | elapsed 47s | eta 5m 7s | process workers | seats 6 | tracked 15 | cur 1 hist 2 boot 1 teach 1 base 1 heur 0 | avg reward -0.000  
PPO linea    [###-------------------------]  13.4% 5347/40000 |  113.1/s | elapsed 47s | eta 5m 6s | process workers | seats 10 | tracked 30 | cur 2 hist 1 boot 1 teach 5 base 0 heur 1 | avg reward -0.000 
PPO linea    [###-------------------------]  13.4% 5369/40000 |  113.0/s | elapsed 48s | eta 5m 6s | process workers | seats 10 | tracked 15 | cur 1 hist 2 boot 3 teach 3 base 1 heur 0 | avg reward -0.000 
PPO linea    [###-------------------------]  13.5% 5391/40000 |  113.0/s | elapsed 48s | eta 5m 6s | process workers | seats 6 | tracked 15 | cur 1 hist 4 boot 0 teach 1 base 0 heur 0 | avg reward -0.000  
PPO linea    [###-------------------------]  13.5% 5413/40000 |  113.0/s | elapsed 48s | eta 5m 6s | process workers | seats 10 | tracked 30 | cur 2 hist 3 boot 0 teach 3 base 2 heur 0 | avg reward -0.000 
PPO linea    [###-------------------------]  13.6% 5435/40000 |  113.1/s | elapsed 48s | eta 5m 6s | process workers | seats 6 | tracked 15 | cur 1 hist 3 boot 0 teach 0 base 1 heur 1 | avg reward -0.000  
PPO linea    [###-------------------------]  13.6% 5457/40000 |  113.0/s | elapsed 48s | eta 5m 6s | process workers | seats 8 | tracked 15 | cur 1 hist 1 boot 2 teach 2 base 1 heur 1 | avg reward -0.000  
PPO linea    [###-------------------------]  13.7% 5479/40000 |  113.0/s | elapsed 48s | eta 5m 5s | process workers | seats 4 | tracked 15 | cur 1 hist 0 boot 2 teach 1 base 0 heur 0 | avg reward -0.000  
PPO linea    [###-------------------------]  13.8% 5501/40000 |  113.0/s | elapsed 49s | eta 5m 5s | process workers | seats 10 | tracked 15 | cur 1 hist 2 boot 1 teach 5 base 1 heur 0 | avg reward -0.000 
PPO linea    [###-------------------------]  13.8% 5523/40000 |  113.0/s | elapsed 49s | eta 5m 5s | process workers | seats 4 | tracked 15 | cur 1 hist 0 boot 1 teach 2 base 0 heur 0 | avg reward -0.000  
PPO linea    [###-------------------------]  13.9% 5545/40000 |  113.0/s | elapsed 49s | eta 5m 5s | process workers | seats 10 | tracked 30 | cur 2 hist 5 boot 1 teach 1 base 0 heur 1 | avg reward -0.000 
PPO linea    [###-------------------------]  13.9% 5567/40000 |  113.0/s | elapsed 49s | eta 5m 5s | process workers | seats 8 | tracked 15 | cur 1 hist 2 boot 1 teach 4 base 0 heur 0 | avg reward -0.000  
PPO linea    [###-------------------------]  14.0% 5589/40000 |  113.1/s | elapsed 49s | eta 5m 4s | process workers | seats 2 | tracked 15 | cur 1 hist 0 boot 0 teach 1 base 0 heur 0 | avg reward -0.000  
PPO linea    [###-------------------------]  14.0% 5611/40000 |  113.0/s | elapsed 50s | eta 5m 4s | process workers | seats 6 | tracked 15 | cur 1 hist 0 boot 1 teach 3 base 1 heur 0 | avg reward -0.000  
PPO linea    [###-------------------------]  14.1% 5633/40000 |  113.0/s | elapsed 50s | eta 5m 4s | process workers | seats 8 | tracked 15 | cur 1 hist 1 boot 3 teach 1 base 2 heur 0 | avg reward -0.000  
PPO linea    [###-------------------------]  14.1% 5655/40000 |  113.0/s | elapsed 50s | eta 5m 4s | process workers | seats 4 | tracked 15 | cur 1 hist 1 boot 1 teach 0 base 1 heur 0 | avg reward -0.000  
PPO linea    [###-------------------------]  14.2% 5677/40000 |  113.0/s | elapsed 50s | eta 5m 4s | process workers | seats 10 | tracked 30 | cur 2 hist 0 boot 1 teach 5 base 1 heur 1 | avg reward -0.000 
PPO linea    [###-------------------------]  14.2% 5699/40000 |  113.0/s | elapsed 50s | eta 5m 3s | process workers | seats 6 | tracked 15 | cur 1 hist 1 boot 0 teach 1 base 3 heur 0 | avg reward -0.000  
PPO linea    [####------------------------]  14.3% 5721/40000 |  113.0/s | elapsed 51s | eta 5m 3s | process workers | seats 8 | tracked 30 | cur 2 hist 1 boot 2 teach 1 base 1 heur 1 | avg reward -0.000  
PPO linea    [####------------------------]  14.4% 5743/40000 |  113.0/s | elapsed 51s | eta 5m 3s | process workers | seats 6 | tracked 15 | cur 1 hist 0 boot 2 teach 0 base 3 heur 0 | avg reward -0.000  
PPO linea    [####------------------------]  14.4% 5765/40000 |  113.0/s | elapsed 51s | eta 5m 3s | process workers | seats 4 | tracked 15 | cur 1 hist 0 boot 0 teach 0 base 2 heur 1 | avg reward -0.000  
PPO linea    [####------------------------]  14.5% 5787/40000 |  112.9/s | elapsed 51s | eta 5m 3s | process workers | seats 10 | tracked 15 | cur 1 hist 0 boot 0 teach 7 base 2 heur 0 | avg reward -0.000 
PPO linea    [####------------------------]  14.5% 5809/40000 |  112.9/s | elapsed 51s | eta 5m 3s | process workers | seats 8 | tracked 15 | cur 1 hist 1 boot 0 teach 5 base 1 heur 0 | avg reward -0.000  
PPO linea    [####------------------------]  14.6% 5831/40000 |  112.9/s | elapsed 52s | eta 5m 3s | process workers | seats 8 | tracked 15 | cur 1 hist 2 boot 2 teach 3 base 0 heur 0 | avg reward -0.000  
PPO linea    [####------------------------]  14.6% 5853/40000 |  112.9/s | elapsed 52s | eta 5m 3s | process workers | seats 10 | tracked 15 | cur 1 hist 3 boot 1 teach 5 base 0 heur 0 | avg reward -0.000 
PPO linea    [####------------------------]  14.7% 5875/40000 |  112.7/s | elapsed 52s | eta 5m 3s | process workers | seats 8 | tracked 15 | cur 1 hist 0 boot 1 teach 5 base 1 heur 0 | avg reward -0.000  
PPO linea    [####------------------------]  14.7% 5897/40000 |  112.7/s | elapsed 52s | eta 5m 3s | process workers | seats 2 | tracked 15 | cur 1 hist 0 boot 0 teach 1 base 0 heur 0 | avg reward -0.000  
PPO linea    [####------------------------]  14.8% 5919/40000 |  112.6/s | elapsed 53s | eta 5m 3s | process workers | seats 8 | tracked 30 | cur 2 hist 0 boot 0 teach 5 base 1 heur 0 | avg reward -0.000  
PPO linea    [####------------------------]  14.9% 5941/40000 |  112.6/s | elapsed 53s | eta 5m 3s | process workers | seats 8 | tracked 15 | cur 1 hist 1 boot 3 teach 3 base 0 heur 0 | avg reward -0.000  
PPO linea    [####------------------------]  14.9% 5963/40000 |  112.5/s | elapsed 53s | eta 5m 3s | process workers | seats 6 | tracked 15 | cur 1 hist 1 boot 0 teach 3 base 1 heur 0 | avg reward -0.000  
PPO linea    [####------------------------]  15.0% 5985/40000 |  112.5/s | elapsed 53s | eta 5m 2s | process workers | seats 4 | tracked 15 | cur 1 hist 1 boot 0 teach 2 base 0 heur 0 | avg reward -0.000  
PPO linea    [####------------------------]  15.0% 6007/40000 |  112.4/s | elapsed 53s | eta 5m 2s | process workers | seats 6 | tracked 15 | cur 1 hist 2 boot 0 teach 2 base 0 heur 1 | avg reward -0.000  
PPO linea    [####------------------------]  15.1% 6029/40000 |  112.2/s | elapsed 54s | eta 5m 3s | process workers | seats 4 | tracked 15 | cur 1 hist 0 boot 0 teach 3 base 0 heur 0 | avg reward -0.000  
PPO linea    [####------------------------]  15.1% 6051/40000 |  112.3/s | elapsed 54s | eta 5m 2s | process workers | seats 4 | tracked 15 | cur 1 hist 1 boot 2 teach 0 base 0 heur 0 | avg reward -0.000  
PPO linea    [####------------------------]  15.2% 6073/40000 |  112.3/s | elapsed 54s | eta 5m 2s | process workers | seats 10 | tracked 15 | cur 1 hist 2 boot 0 teach 6 base 1 heur 0 | avg reward -0.000 
PPO linea    [####------------------------]  15.2% 6095/40000 |  112.3/s | elapsed 54s | eta 5m 2s | process workers | seats 8 | tracked 30 | cur 2 hist 2 boot 1 teach 2 base 1 heur 0 | avg reward -0.000  
PPO linea    [####------------------------]  15.3% 6117/40000 |  112.3/s | elapsed 54s | eta 5m 2s | process workers | seats 8 | tracked 30 | cur 2 hist 2 boot 1 teach 2 base 0 heur 1 | avg reward -0.000  
PPO linea    [####------------------------]  15.3% 6139/40000 |  112.3/s | elapsed 55s | eta 5m 2s | process workers | seats 6 | tracked 15 | cur 1 hist 1 boot 1 teach 2 base 1 heur 0 | avg reward -0.000  
PPO linea    [####------------------------]  15.4% 6161/40000 |  112.3/s | elapsed 55s | eta 5m 1s | process workers | seats 8 | tracked 15 | cur 1 hist 3 boot 0 teach 2 base 2 heur 0 | avg reward -0.000  
PPO linea    [####------------------------]  15.5% 6183/40000 |  112.3/s | elapsed 55s | eta 5m 1s | process workers | seats 10 | tracked 30 | cur 2 hist 2 boot 1 teach 4 base 1 heur 0 | avg reward -0.000 
PPO linea    [####------------------------]  15.5% 6205/40000 |  112.2/s | elapsed 55s | eta 5m 1s | process workers | seats 6 | tracked 15 | cur 1 hist 3 boot 1 teach 1 base 0 heur 0 | avg reward -0.000  
PPO linea    [####------------------------]  15.6% 6227/40000 |  112.1/s | elapsed 56s | eta 5m 1s | process workers | seats 10 | tracked 15 | cur 1 hist 3 boot 0 teach 5 base 1 heur 0 | avg reward -0.000 
PPO linea    [####------------------------]  15.6% 6249/40000 |  112.1/s | elapsed 56s | eta 5m 1s | process workers | seats 8 | tracked 15 | cur 1 hist 0 boot 2 teach 3 base 2 heur 0 | avg reward -0.000  
PPO linea    [####------------------------]  15.7% 6271/40000 |  112.1/s | elapsed 56s | eta 5m 1s | process workers | seats 6 | tracked 15 | cur 1 hist 1 boot 0 teach 4 base 0 heur 0 | avg reward -0.000  
PPO linea    [####------------------------]  15.7% 6293/40000 |  112.1/s | elapsed 56s | eta 5m 1s | process workers | seats 6 | tracked 15 | cur 1 hist 2 boot 1 teach 0 base 1 heur 1 | avg reward -0.000  
PPO linea    [####------------------------]  15.8% 6315/40000 |  112.1/s | elapsed 56s | eta 5m 0s | process workers | seats 2 | tracked 15 | cur 1 hist 0 boot 1 teach 0 base 0 heur 0 | avg reward -0.000  
PPO linea    [####------------------------]  15.8% 6337/40000 |  112.1/s | elapsed 57s | eta 5m 0s | process workers | seats 2 | tracked 15 | cur 1 hist 1 boot 0 teach 0 base 0 heur 0 | avg reward -0.000  
PPO linea    [####------------------------]  15.9% 6359/40000 |  112.1/s | elapsed 57s | eta 5m 0s | process workers | seats 8 | tracked 15 | cur 1 hist 0 boot 3 teach 2 base 2 heur 0 | avg reward -0.000  
PPO linea    [####------------------------]  16.0% 6381/40000 |  112.1/s | elapsed 57s | eta 5m 0s | process workers | seats 4 | tracked 15 | cur 1 hist 0 boot 2 teach 1 base 0 heur 0 | avg reward -0.000  
PPO linea    [####------------------------]  16.0% 6403/40000 |  112.2/s | elapsed 57s | eta 4m 59s | process workers | seats 6 | tracked 15 | cur 1 hist 3 boot 0 teach 1 base 1 heur 0 | avg reward -0.000 
PPO linea    [####------------------------]  16.1% 6425/40000 |  112.1/s | elapsed 57s | eta 4m 59s | process workers | seats 4 | tracked 15 | cur 1 hist 1 boot 1 teach 1 base 0 heur 0 | avg reward -0.000 
PPO linea    [####------------------------]  16.1% 6447/40000 |  112.1/s | elapsed 58s | eta 4m 59s | process workers | seats 8 | tracked 15 | cur 1 hist 3 boot 0 teach 2 base 2 heur 0 | avg reward -0.000 
PPO linea    [####------------------------]  16.2% 6469/40000 |  112.0/s | elapsed 58s | eta 4m 59s | process workers | seats 2 | tracked 15 | cur 1 hist 1 boot 0 teach 0 base 0 heur 0 | avg reward -0.000 
PPO linea    [####------------------------]  16.2% 6491/40000 |  112.0/s | elapsed 58s | eta 4m 59s | process workers | seats 8 | tracked 15 | cur 1 hist 0 boot 1 teach 5 base 1 heur 0 | avg reward -0.000 
PPO linea    [####------------------------]  16.3% 6513/40000 |  112.0/s | elapsed 58s | eta 4m 59s | process workers | seats 6 | tracked 15 | cur 1 hist 2 boot 0 teach 1 base 1 heur 1 | avg reward -0.000 
PPO linea    [####------------------------]  16.3% 6535/40000 |  112.0/s | elapsed 58s | eta 4m 59s | process workers | seats 6 | tracked 15 | cur 1 hist 0 boot 1 teach 3 base 0 heur 1 | avg reward -0.000 
PPO linea    [####------------------------]  16.4% 6557/40000 |  112.0/s | elapsed 59s | eta 4m 59s | process workers | seats 10 | tracked 15 | cur 1 hist 0 boot 3 teach 6 base 0 heur 0 | avg reward -0.000
PPO linea    [####------------------------]  16.4% 6579/40000 |  112.0/s | elapsed 59s | eta 4m 58s | process workers | seats 10 | tracked 15 | cur 1 hist 2 boot 1 teach 3 base 2 heur 1 | avg reward -0.000
PPO linea    [####------------------------]  16.5% 6601/40000 |  112.0/s | elapsed 59s | eta 4m 58s | process workers | seats 6 | tracked 15 | cur 1 hist 1 boot 1 teach 2 base 1 heur 0 | avg reward -0.000 
PPO linea    [####------------------------]  16.6% 6623/40000 |  112.1/s | elapsed 59s | eta 4m 58s | process workers | seats 4 | tracked 15 | cur 1 hist 1 boot 1 teach 0 base 1 heur 0 | avg reward -0.000 
PPO linea    [####------------------------]  16.6% 6645/40000 |  112.1/s | elapsed 59s | eta 4m 58s | process workers | seats 2 | tracked 15 | cur 1 hist 0 boot 0 teach 1 base 0 heur 0 | avg reward -0.000 
PPO linea    [####------------------------]  16.7% 6667/40000 |  112.1/s | elapsed 59s | eta 4m 57s | process workers | seats 6 | tracked 15 | cur 1 hist 1 boot 1 teach 3 base 0 heur 0 | avg reward -0.000 
PPO linea    [####------------------------]  16.7% 6689/40000 |  112.0/s | elapsed 1m 0s | eta 4m 57s | process workers | seats 10 | tracked 15 | cur 1 hist 2 boot 4 teach 3 base 0 heur 0 | avg reward -0.000
PPO linea    [####------------------------]  16.8% 6711/40000 |  112.0/s | elapsed 1m 0s | eta 4m 57s | process workers | seats 4 | tracked 15 | cur 1 hist 0 boot 1 teach 0 base 1 heur 1 | avg reward -0.000 
PPO linea    [####------------------------]  16.8% 6733/40000 |  112.1/s | elapsed 1m 0s | eta 4m 57s | process workers | seats 10 | tracked 15 | cur 1 hist 3 boot 0 teach 4 base 2 heur 0 | avg reward -0.000
PPO linea    [####------------------------]  16.9% 6755/40000 |  112.0/s | elapsed 1m 0s | eta 4m 57s | process workers | seats 10 | tracked 15 | cur 1 hist 2 boot 1 teach 3 base 1 heur 2 | avg reward -0.000
PPO linea    [####------------------------]  16.9% 6777/40000 |  112.1/s | elapsed 1m 0s | eta 4m 56s | process workers | seats 10 | tracked 15 | cur 1 hist 1 boot 2 teach 5 base 1 heur 0 | avg reward -0.000
PPO linea    [####------------------------]  17.0% 6799/40000 |  112.0/s | elapsed 1m 1s | eta 4m 56s | process workers | seats 4 | tracked 15 | cur 1 hist 2 boot 0 teach 1 base 0 heur 0 | avg reward -0.000 
PPO linea    [####------------------------]  17.1% 6821/40000 |  112.0/s | elapsed 1m 1s | eta 4m 56s | process workers | seats 8 | tracked 15 | cur 1 hist 0 boot 1 teach 4 base 1 heur 1 | avg reward -0.000 
PPO linea    [####------------------------]  17.1% 6843/40000 |  112.0/s | elapsed 1m 1s | eta 4m 56s | process workers | seats 8 | tracked 30 | cur 2 hist 1 boot 2 teach 0 base 1 heur 2 | avg reward -0.000 
PPO linea    [####------------------------]  17.2% 6865/40000 |  111.9/s | elapsed 1m 1s | eta 4m 56s | process workers | seats 2 | tracked 15 | cur 1 hist 1 boot 0 teach 0 base 0 heur 0 | avg reward -0.000 
PPO linea    [####------------------------]  17.2% 6887/40000 |  111.9/s | elapsed 1m 2s | eta 4m 56s | process workers | seats 10 | tracked 15 | cur 1 hist 1 boot 2 teach 4 base 2 heur 0 | avg reward -0.000
PPO linea    [####------------------------]  17.3% 6909/40000 |  111.8/s | elapsed 1m 2s | eta 4m 56s | process workers | seats 10 | tracked 15 | cur 1 hist 1 boot 1 teach 5 base 1 heur 1 | avg reward -0.000
PPO linea    [####------------------------]  17.3% 6931/40000 |  111.8/s | elapsed 1m 2s | eta 4m 56s | process workers | seats 8 | tracked 15 | cur 1 hist 2 boot 1 teach 4 base 0 heur 0 | avg reward -0.000 
PPO linea    [####------------------------]  17.4% 6953/40000 |  111.8/s | elapsed 1m 2s | eta 4m 56s | process workers | seats 10 | tracked 15 | cur 1 hist 1 boot 2 teach 3 base 1 heur 2 | avg reward -0.000
PPO linea    [####------------------------]  17.4% 6975/40000 |  111.8/s | elapsed 1m 2s | eta 4m 55s | process workers | seats 6 | tracked 15 | cur 1 hist 0 boot 2 teach 1 base 1 heur 1 | avg reward -0.000 
PPO linea    [####------------------------]  17.5% 6997/40000 |  111.8/s | elapsed 1m 3s | eta 4m 55s | process workers | seats 10 | tracked 15 | cur 1 hist 2 boot 1 teach 4 base 1 heur 1 | avg reward -0.000
PPO linea    [####------------------------]  17.5% 7019/40000 |  111.9/s | elapsed 1m 3s | eta 4m 55s | process workers | seats 10 | tracked 15 | cur 1 hist 2 boot 1 teach 4 base 1 heur 1 | avg reward -0.000
PPO linea    [####------------------------]  17.6% 7041/40000 |  111.9/s | elapsed 1m 3s | eta 4m 55s | process workers | seats 10 | tracked 15 | cur 1 hist 2 boot 2 teach 3 base 0 heur 2 | avg reward -0.000
PPO linea    [####------------------------]  17.7% 7063/40000 |  111.9/s | elapsed 1m 3s | eta 4m 54s | process workers | seats 10 | tracked 30 | cur 2 hist 5 boot 0 teach 2 base 1 heur 0 | avg reward -0.000
PPO linea    [####------------------------]  17.7% 7085/40000 |  111.9/s | elapsed 1m 3s | eta 4m 54s | process workers | seats 4 | tracked 15 | cur 1 hist 1 boot 0 teach 2 base 0 heur 0 | avg reward -0.000 
PPO linea    [####------------------------]  17.8% 7107/40000 |  111.9/s | elapsed 1m 4s | eta 4m 54s | process workers | seats 4 | tracked 15 | cur 1 hist 0 boot 0 teach 2 base 1 heur 0 | avg reward -0.000 
PPO linea    [####------------------------]  17.8% 7129/40000 |  111.9/s | elapsed 1m 4s | eta 4m 54s | process workers | seats 6 | tracked 15 | cur 1 hist 1 boot 1 teach 2 base 0 heur 1 | avg reward -0.000 
PPO linea    [#####-----------------------]  17.9% 7151/40000 |  111.8/s | elapsed 1m 4s | eta 4m 54s | process workers | seats 6 | tracked 15 | cur 1 hist 2 boot 0 teach 2 base 1 heur 0 | avg reward -0.000 
PPO linea    [#####-----------------------]  17.9% 7173/40000 |  111.9/s | elapsed 1m 4s | eta 4m 53s | process workers | seats 6 | tracked 15 | cur 1 hist 1 boot 1 teach 1 base 1 heur 1 | avg reward -0.000 
PPO linea    [#####-----------------------]  18.0% 7195/40000 |  111.9/s | elapsed 1m 4s | eta 4m 53s | process workers | seats 6 | tracked 15 | cur 1 hist 1 boot 1 teach 2 base 1 heur 0 | avg reward -0.000 
PPO linea    [#####-----------------------]  18.0% 7217/40000 |  111.9/s | elapsed 1m 5s | eta 4m 53s | process workers | seats 4 | tracked 15 | cur 1 hist 2 boot 0 teach 0 base 1 heur 0 | avg reward -0.000 
PPO linea    [#####-----------------------]  18.1% 7239/40000 |  111.8/s | elapsed 1m 5s | eta 4m 53s | process workers | seats 10 | tracked 30 | cur 2 hist 2 boot 2 teach 1 base 2 heur 1 | avg reward -0.000
PPO linea    [#####-----------------------]  18.2% 7261/40000 |  111.9/s | elapsed 1m 5s | eta 4m 53s | process workers | seats 10 | tracked 15 | cur 1 hist 1 boot 2 teach 6 base 0 heur 0 | avg reward -0.000
PPO linea    [#####-----------------------]  18.2% 7283/40000 |  111.8/s | elapsed 1m 5s | eta 4m 53s | process workers | seats 8 | tracked 15 | cur 1 hist 4 boot 0 teach 2 base 1 heur 0 | avg reward -0.000 
PPO linea    [#####-----------------------]  18.3% 7305/40000 |  111.8/s | elapsed 1m 5s | eta 4m 52s | process workers | seats 4 | tracked 15 | cur 1 hist 2 boot 1 teach 0 base 0 heur 0 | avg reward -0.000 
PPO linea    [#####-----------------------]  18.3% 7327/40000 |  111.7/s | elapsed 1m 6s | eta 4m 52s | process workers | seats 10 | tracked 15 | cur 1 hist 2 boot 2 teach 1 base 2 heur 2 | avg reward -0.000
PPO linea    [#####-----------------------]  18.4% 7349/40000 |  111.7/s | elapsed 1m 6s | eta 4m 52s | process workers | seats 4 | tracked 15 | cur 1 hist 0 boot 1 teach 0 base 2 heur 0 | avg reward -0.000 
PPO linea    [#####-----------------------]  18.4% 7371/40000 |  111.7/s | elapsed 1m 6s | eta 4m 52s | process workers | seats 8 | tracked 15 | cur 1 hist 1 boot 1 teach 4 base 1 heur 0 | avg reward -0.000 
PPO linea    [#####-----------------------]  18.5% 7393/40000 |  111.7/s | elapsed 1m 6s | eta 4m 52s | process workers | seats 10 | tracked 30 | cur 2 hist 3 boot 1 teach 4 base 0 heur 0 | avg reward -0.000
PPO linea    [#####-----------------------]  18.5% 7415/40000 |  111.7/s | elapsed 1m 6s | eta 4m 52s | process workers | seats 8 | tracked 15 | cur 1 hist 1 boot 0 teach 2 base 3 heur 1 | avg reward -0.000 
PPO linea    [#####-----------------------]  18.6% 7437/40000 |  111.7/s | elapsed 1m 7s | eta 4m 52s | process workers | seats 4 | tracked 15 | cur 1 hist 2 boot 1 teach 0 base 0 heur 0 | avg reward -0.000 
PPO linea    [#####-----------------------]  18.6% 7459/40000 |  111.7/s | elapsed 1m 7s | eta 4m 51s | process workers | seats 6 | tracked 15 | cur 1 hist 1 boot 0 teach 3 base 0 heur 1 | avg reward -0.000 
PPO linea    [#####-----------------------]  18.7% 7481/40000 |  111.7/s | elapsed 1m 7s | eta 4m 51s | process workers | seats 2 | tracked 15 | cur 1 hist 0 boot 1 teach 0 base 0 heur 0 | avg reward -0.000 
PPO linea    [#####-----------------------]  18.8% 7503/40000 |  111.6/s | elapsed 1m 7s | eta 4m 51s | process workers | seats 4 | tracked 15 | cur 1 hist 0 boot 0 teach 1 base 1 heur 1 | avg reward -0.000 
PPO linea    [#####-----------------------]  18.8% 7525/40000 |  111.7/s | elapsed 1m 7s | eta 4m 51s | process workers | seats 8 | tracked 30 | cur 2 hist 1 boot 1 teach 3 base 0 heur 1 | avg reward -0.000 
PPO linea    [#####-----------------------]  18.9% 7547/40000 |  111.8/s | elapsed 1m 8s | eta 4m 50s | process workers | seats 8 | tracked 15 | cur 1 hist 3 boot 1 teach 1 base 2 heur 0 | avg reward -0.000 
PPO linea    [#####-----------------------]  18.9% 7569/40000 |  111.7/s | elapsed 1m 8s | eta 4m 50s | process workers | seats 10 | tracked 15 | cur 1 hist 5 boot 0 teach 1 base 1 heur 2 | avg reward -0.000
PPO linea    [#####-----------------------]  19.0% 7591/40000 |  111.7/s | elapsed 1m 8s | eta 4m 50s | process workers | seats 10 | tracked 15 | cur 1 hist 2 boot 3 teach 1 base 3 heur 0 | avg reward -0.000
PPO linea    [#####-----------------------]  19.0% 7613/40000 |  111.7/s | elapsed 1m 8s | eta 4m 50s | process workers | seats 10 | tracked 30 | cur 2 hist 2 boot 1 teach 1 base 2 heur 2 | avg reward -0.000
PPO linea    [#####-----------------------]  19.1% 7635/40000 |  111.6/s | elapsed 1m 8s | eta 4m 50s | process workers | seats 10 | tracked 30 | cur 2 hist 1 boot 1 teach 2 base 1 heur 3 | avg reward -0.000
PPO linea    [#####-----------------------]  19.1% 7657/40000 |  111.7/s | elapsed 1m 9s | eta 4m 50s | process workers | seats 4 | tracked 15 | cur 1 hist 0 boot 0 teach 2 base 1 heur 0 | avg reward -0.000 
PPO linea    [#####-----------------------]  19.2% 7679/40000 |  111.6/s | elapsed 1m 9s | eta 4m 50s | process workers | seats 8 | tracked 15 | cur 1 hist 3 boot 0 teach 3 base 1 heur 0 | avg reward -0.000 
PPO linea    [#####-----------------------]  19.3% 7701/40000 |  111.6/s | elapsed 1m 9s | eta 4m 49s | process workers | seats 6 | tracked 15 | cur 1 hist 2 boot 2 teach 0 base 1 heur 0 | avg reward -0.000 
PPO linea    [#####-----------------------]  19.3% 7723/40000 |  111.6/s | elapsed 1m 9s | eta 4m 49s | process workers | seats 8 | tracked 15 | cur 1 hist 0 boot 4 teach 2 base 0 heur 1 | avg reward -0.000 
PPO linea    [#####-----------------------]  19.4% 7745/40000 |  111.6/s | elapsed 1m 9s | eta 4m 49s | process workers | seats 4 | tracked 15 | cur 1 hist 0 boot 0 teach 2 base 1 heur 0 | avg reward -0.000 
PPO linea    [#####-----------------------]  19.4% 7767/40000 |  111.6/s | elapsed 1m 10s | eta 4m 49s | process workers | seats 10 | tracked 30 | cur 2 hist 1 boot 1 teach 1 base 3 heur 2 | avg reward -0.000
PPO linea    [#####-----------------------]  19.5% 7789/40000 |  111.6/s | elapsed 1m 10s | eta 4m 49s | process workers | seats 10 | tracked 15 | cur 1 hist 3 boot 2 teach 4 base 0 heur 0 | avg reward -0.000
PPO linea    [#####-----------------------]  19.5% 7811/40000 |  111.6/s | elapsed 1m 10s | eta 4m 48s | process workers | seats 2 | tracked 15 | cur 1 hist 0 boot 0 teach 0 base 0 heur 1 | avg reward -0.000 
PPO linea    [#####-----------------------]  19.6% 7833/40000 |  111.6/s | elapsed 1m 10s | eta 4m 48s | process workers | seats 10 | tracked 15 | cur 1 hist 0 boot 3 teach 5 base 1 heur 0 | avg reward -0.000
PPO linea    [#####-----------------------]  19.6% 7855/40000 |  111.6/s | elapsed 1m 10s | eta 4m 48s | process workers | seats 4 | tracked 15 | cur 1 hist 1 boot 1 teach 0 base 1 heur 0 | avg reward -0.000 
PPO linea    [#####-----------------------]  19.7% 7877/40000 |  111.5/s | elapsed 1m 11s | eta 4m 48s | process workers | seats 8 | tracked 15 | cur 1 hist 0 boot 1 teach 3 base 1 heur 2 | avg reward -0.000 
PPO linea    [#####-----------------------]  19.7% 7899/40000 |  111.5/s | elapsed 1m 11s | eta 4m 48s | process workers | seats 10 | tracked 15 | cur 1 hist 2 boot 2 teach 2 base 2 heur 1 | avg reward -0.000
PPO linea    [#####-----------------------]  19.8% 7921/40000 |  111.5/s | elapsed 1m 11s | eta 4m 48s | process workers | seats 2 | tracked 15 | cur 1 hist 0 boot 1 teach 0 base 0 heur 0 | avg reward -0.000 
PPO linea    [#####-----------------------]  19.9% 7943/40000 |  111.6/s | elapsed 1m 11s | eta 4m 47s | process workers | seats 2 | tracked 15 | cur 1 hist 0 boot 0 teach 1 base 0 heur 0 | avg reward -0.000 
PPO linea    [#####-----------------------]  19.9% 7965/40000 |  111.6/s | elapsed 1m 11s | eta 4m 47s | process workers | seats 4 | tracked 15 | cur 1 hist 0 boot 0 teach 2 base 1 heur 0 | avg reward -0.000 
PPO linea    [#####-----------------------]  20.0% 7987/40000 |  111.5/s | elapsed 1m 12s | eta 4m 47s | process workers | seats 6 | tracked 15 | cur 1 hist 1 boot 2 teach 1 base 0 heur 1 | avg reward -0.000 
PPO linea    [#####-----------------------]  20.0% 8009/40000 |  111.5/s | elapsed 1m 12s | eta 4m 47s | process workers | seats 4 | tracked 15 | cur 1 hist 1 boot 0 teach 1 base 1 heur 0 | avg reward -0.000 
PPO linea    [#####-----------------------]  20.1% 8031/40000 |  111.5/s | elapsed 1m 12s | eta 4m 47s | process workers | seats 6 | tracked 15 | cur 1 hist 1 boot 0 teach 4 base 0 heur 0 | avg reward -0.000 
PPO linea    [#####-----------------------]  20.1% 8053/40000 |  111.5/s | elapsed 1m 12s | eta 4m 46s | process workers | seats 8 | tracked 15 | cur 1 hist 3 boot 2 teach 1 base 0 heur 1 | avg reward -0.000 
PPO linea    [#####-----------------------]  20.2% 8075/40000 |  111.5/s | elapsed 1m 12s | eta 4m 46s | process workers | seats 10 | tracked 15 | cur 1 hist 3 boot 1 teach 5 base 0 heur 0 | avg reward -0.000
PPO linea    [#####-----------------------]  20.2% 8097/40000 |  111.5/s | elapsed 1m 13s | eta 4m 46s | process workers | seats 10 | tracked 30 | cur 2 hist 3 boot 0 teach 4 base 1 heur 0 | avg reward -0.000
PPO linea    [#####-----------------------]  20.3% 8119/40000 |  111.4/s | elapsed 1m 13s | eta 4m 46s | process workers | seats 10 | tracked 30 | cur 2 hist 4 boot 1 teach 3 base 0 heur 0 | avg reward -0.000
PPO linea    [#####-----------------------]  20.4% 8141/40000 |  111.5/s | elapsed 1m 13s | eta 4m 46s | process workers | seats 4 | tracked 15 | cur 1 hist 1 boot 0 teach 2 base 0 heur 0 | avg reward -0.000 
PPO linea    [#####-----------------------]  20.4% 8163/40000 |  111.5/s | elapsed 1m 13s | eta 4m 46s | process workers | seats 8 | tracked 15 | cur 1 hist 5 boot 0 teach 2 base 0 heur 0 | avg reward -0.000 
PPO linea    [#####-----------------------]  20.5% 8185/40000 |  111.5/s | elapsed 1m 13s | eta 4m 45s | process workers | seats 4 | tracked 15 | cur 1 hist 0 boot 2 teach 1 base 0 heur 0 | avg reward -0.000 
PPO linea    [#####-----------------------]  20.5% 8207/40000 |  111.5/s | elapsed 1m 14s | eta 4m 45s | process workers | seats 4 | tracked 15 | cur 1 hist 2 boot 0 teach 1 base 0 heur 0 | avg reward -0.000 
PPO linea    [#####-----------------------]  20.6% 8229/40000 |  111.5/s | elapsed 1m 14s | eta 4m 45s | process workers | seats 6 | tracked 15 | cur 1 hist 1 boot 2 teach 2 base 0 heur 0 | avg reward -0.000 
PPO linea    [#####-----------------------]  20.6% 8251/40000 |  111.5/s | elapsed 1m 14s | eta 4m 45s | process workers | seats 10 | tracked 30 | cur 2 hist 0 boot 3 teach 4 base 1 heur 0 | avg reward -0.000
PPO linea    [#####-----------------------]  20.7% 8273/40000 |  111.5/s | elapsed 1m 14s | eta 4m 45s | process workers | seats 2 | tracked 15 | cur 1 hist 1 boot 0 teach 0 base 0 heur 0 | avg reward -0.000 
PPO linea    [#####-----------------------]  20.7% 8295/40000 |  111.5/s | elapsed 1m 14s | eta 4m 44s | process workers | seats 2 | tracked 15 | cur 1 hist 0 boot 0 teach 0 base 1 heur 0 | avg reward -0.000 
PPO linea    [#####-----------------------]  20.8% 8317/40000 |  111.5/s | elapsed 1m 15s | eta 4m 44s | process workers | seats 2 | tracked 15 | cur 1 hist 0 boot 0 teach 1 base 0 heur 0 | avg reward -0.000 
PPO linea    [#####-----------------------]  20.8% 8339/40000 |  111.5/s | elapsed 1m 15s | eta 4m 44s | process workers | seats 10 | tracked 15 | cur 1 hist 1 boot 1 teach 6 base 1 heur 0 | avg reward -0.000
PPO linea    [#####-----------------------]  20.9% 8361/40000 |  111.5/s | elapsed 1m 15s | eta 4m 44s | process workers | seats 10 | tracked 30 | cur 2 hist 2 boot 2 teach 2 base 1 heur 1 | avg reward 0.000 
PPO linea    [#####-----------------------]  21.0% 8383/40000 |  111.5/s | elapsed 1m 15s | eta 4m 44s | process workers | seats 10 | tracked 30 | cur 2 hist 1 boot 0 teach 6 base 1 heur 0 | avg reward 0.000 
PPO linea    [#####-----------------------]  21.0% 8405/40000 |  111.5/s | elapsed 1m 15s | eta 4m 43s | process workers | seats 10 | tracked 30 | cur 2 hist 4 boot 0 teach 1 base 2 heur 1 | avg reward 0.000 
PPO linea    [#####-----------------------]  21.1% 8427/40000 |  111.6/s | elapsed 1m 16s | eta 4m 43s | process workers | seats 6 | tracked 15 | cur 1 hist 1 boot 1 teach 2 base 1 heur 0 | avg reward 0.000  
PPO linea    [#####-----------------------]  21.1% 8449/40000 |  111.6/s | elapsed 1m 16s | eta 4m 43s | process workers | seats 4 | tracked 15 | cur 1 hist 0 boot 0 teach 3 base 0 heur 0 | avg reward 0.000  
PPO linea    [#####-----------------------]  21.2% 8471/40000 |  111.6/s | elapsed 1m 16s | eta 4m 43s | process workers | seats 10 | tracked 30 | cur 2 hist 0 boot 5 teach 3 base 0 heur 0 | avg reward 0.000 
PPO linea    [#####-----------------------]  21.2% 8493/40000 |  111.6/s | elapsed 1m 16s | eta 4m 42s | process workers | seats 6 | tracked 15 | cur 1 hist 2 boot 1 teach 1 base 1 heur 0 | avg reward 0.000  
PPO linea    [#####-----------------------]  21.3% 8515/40000 |  111.5/s | elapsed 1m 16s | eta 4m 42s | process workers | seats 10 | tracked 30 | cur 2 hist 0 boot 2 teach 6 base 0 heur 0 | avg reward 0.000 
PPO linea    [#####-----------------------]  21.3% 8537/40000 |  111.5/s | elapsed 1m 17s | eta 4m 42s | process workers | seats 10 | tracked 15 | cur 1 hist 3 boot 1 teach 4 base 1 heur 0 | avg reward 0.000 
PPO linea    [#####-----------------------]  21.4% 8559/40000 |  111.5/s | elapsed 1m 17s | eta 4m 42s | process workers | seats 4 | tracked 15 | cur 1 hist 0 boot 1 teach 2 base 0 heur 0 | avg reward 0.000  
PPO linea    [######----------------------]  21.5% 8581/40000 |  111.5/s | elapsed 1m 17s | eta 4m 42s | process workers | seats 2 | tracked 15 | cur 1 hist 0 boot 0 teach 1 base 0 heur 0 | avg reward -0.000 
PPO linea    [######----------------------]  21.5% 8603/40000 |  111.5/s | elapsed 1m 17s | eta 4m 42s | process workers | seats 10 | tracked 15 | cur 1 hist 5 boot 0 teach 3 base 0 heur 1 | avg reward -0.000
PPO linea    [######----------------------]  21.6% 8625/40000 |  111.5/s | elapsed 1m 17s | eta 4m 41s | process workers | seats 2 | tracked 15 | cur 1 hist 0 boot 0 teach 1 base 0 heur 0 | avg reward 0.000  
PPO linea    [######----------------------]  21.6% 8647/40000 |  111.5/s | elapsed 1m 18s | eta 4m 41s | process workers | seats 6 | tracked 15 | cur 1 hist 4 boot 0 teach 1 base 0 heur 0 | avg reward -0.000 
PPO linea    [######----------------------]  21.7% 8669/40000 |  111.5/s | elapsed 1m 18s | eta 4m 41s | process workers | seats 6 | tracked 15 | cur 1 hist 0 boot 0 teach 3 base 2 heur 0 | avg reward 0.000  
PPO linea    [######----------------------]  21.7% 8691/40000 |  111.5/s | elapsed 1m 18s | eta 4m 41s | process workers | seats 6 | tracked 15 | cur 1 hist 3 boot 1 teach 1 base 0 heur 0 | avg reward 0.000  
PPO linea    [######----------------------]  21.8% 8713/40000 |  111.5/s | elapsed 1m 18s | eta 4m 40s | process workers | seats 4 | tracked 15 | cur 1 hist 1 boot 0 teach 0 base 2 heur 0 | avg reward 0.000  
PPO linea    [######----------------------]  21.8% 8735/40000 |  111.6/s | elapsed 1m 18s | eta 4m 40s | process workers | seats 8 | tracked 15 | cur 1 hist 1 boot 2 teach 2 base 1 heur 1 | avg reward 0.000  
PPO linea    [######----------------------]  21.9% 8757/40000 |  111.6/s | elapsed 1m 18s | eta 4m 40s | process workers | seats 2 | tracked 15 | cur 1 hist 0 boot 0 teach 1 base 0 heur 0 | avg reward 0.000  
PPO linea    [######----------------------]  21.9% 8779/40000 |  111.6/s | elapsed 1m 19s | eta 4m 40s | process workers | seats 4 | tracked 15 | cur 1 hist 2 boot 0 teach 0 base 0 heur 1 | avg reward 0.000  
PPO linea    [######----------------------]  22.0% 8801/40000 |  111.6/s | elapsed 1m 19s | eta 4m 40s | process workers | seats 8 | tracked 15 | cur 1 hist 3 boot 1 teach 1 base 2 heur 0 | avg reward 0.000  
PPO linea    [######----------------------]  22.1% 8823/40000 |  111.5/s | elapsed 1m 19s | eta 4m 40s | process workers | seats 4 | tracked 15 | cur 1 hist 0 boot 0 teach 2 base 1 heur 0 | avg reward 0.000  
PPO linea    [######----------------------]  22.1% 8845/40000 |  111.5/s | elapsed 1m 19s | eta 4m 39s | process workers | seats 8 | tracked 15 | cur 1 hist 0 boot 1 teach 5 base 1 heur 0 | avg reward 0.000  
PPO linea    [######----------------------]  22.2% 8867/40000 |  111.5/s | elapsed 1m 20s | eta 4m 39s | process workers | seats 2 | tracked 15 | cur 1 hist 0 boot 0 teach 1 base 0 heur 0 | avg reward 0.000  
PPO linea    [######----------------------]  22.2% 8889/40000 |  111.5/s | elapsed 1m 20s | eta 4m 39s | process workers | seats 6 | tracked 15 | cur 1 hist 1 boot 1 teach 3 base 0 heur 0 | avg reward 0.000  
PPO linea    [######----------------------]  22.3% 8911/40000 |  111.5/s | elapsed 1m 20s | eta 4m 39s | process workers | seats 4 | tracked 15 | cur 1 hist 0 boot 1 teach 1 base 1 heur 0 | avg reward 0.000  
PPO linea    [######----------------------]  22.3% 8933/40000 |  111.5/s | elapsed 1m 20s | eta 4m 39s | process workers | seats 2 | tracked 15 | cur 1 hist 0 boot 0 teach 0 base 1 heur 0 | avg reward 0.000  
PPO linea    [######----------------------]  22.4% 8955/40000 |  111.5/s | elapsed 1m 20s | eta 4m 38s | process workers | seats 6 | tracked 15 | cur 1 hist 2 boot 0 teach 2 base 1 heur 0 | avg reward 0.000  
PPO linea    [######----------------------]  22.4% 8977/40000 |  111.5/s | elapsed 1m 20s | eta 4m 38s | process workers | seats 10 | tracked 30 | cur 2 hist 2 boot 1 teach 1 base 3 heur 1 | avg reward -0.000
PPO linea    [######----------------------]  22.5% 8999/40000 |  111.5/s | elapsed 1m 21s | eta 4m 38s | process workers | seats 8 | tracked 30 | cur 2 hist 1 boot 0 teach 4 base 1 heur 0 | avg reward -0.000 
PPO linea    [######----------------------]  22.6% 9021/40000 |  111.6/s | elapsed 1m 21s | eta 4m 38s | process workers | seats 4 | tracked 15 | cur 1 hist 1 boot 2 teach 0 base 0 heur 0 | avg reward 0.000  
PPO linea    [######----------------------]  22.6% 9043/40000 |  111.6/s | elapsed 1m 21s | eta 4m 37s | process workers | seats 8 | tracked 15 | cur 1 hist 0 boot 0 teach 4 base 3 heur 0 | avg reward -0.000 
PPO linea    [######----------------------]  22.7% 9065/40000 |  111.6/s | elapsed 1m 21s | eta 4m 37s | process workers | seats 10 | tracked 15 | cur 1 hist 4 boot 0 teach 4 base 0 heur 1 | avg reward -0.000
PPO linea    [######----------------------]  22.7% 9087/40000 |  111.6/s | elapsed 1m 21s | eta 4m 37s | process workers | seats 2 | tracked 15 | cur 1 hist 0 boot 0 teach 1 base 0 heur 0 | avg reward 0.000  
PPO linea    [######----------------------]  22.8% 9109/40000 |  111.6/s | elapsed 1m 22s | eta 4m 37s | process workers | seats 8 | tracked 15 | cur 1 hist 0 boot 2 teach 3 base 2 heur 0 | avg reward -0.000 
PPO linea    [######----------------------]  22.8% 9131/40000 |  111.6/s | elapsed 1m 22s | eta 4m 37s | process workers | seats 6 | tracked 15 | cur 1 hist 1 boot 2 teach 1 base 1 heur 0 | avg reward -0.000 
PPO linea    [######----------------------]  22.9% 9153/40000 |  111.6/s | elapsed 1m 22s | eta 4m 36s | process workers | seats 10 | tracked 30 | cur 2 hist 1 boot 1 teach 1 base 4 heur 1 | avg reward 0.000 
PPO linea    [######----------------------]  22.9% 9175/40000 |  111.6/s | elapsed 1m 22s | eta 4m 36s | process workers | seats 6 | tracked 15 | cur 1 hist 4 boot 0 teach 0 base 1 heur 0 | avg reward 0.000  
PPO linea    [######----------------------]  23.0% 9197/40000 |  111.6/s | elapsed 1m 22s | eta 4m 36s | process workers | seats 4 | tracked 15 | cur 1 hist 1 boot 0 teach 0 base 2 heur 0 | avg reward 0.000  
PPO linea    [######----------------------]  23.0% 9219/40000 |  111.6/s | elapsed 1m 23s | eta 4m 36s | process workers | seats 4 | tracked 15 | cur 1 hist 1 boot 1 teach 1 base 0 heur 0 | avg reward 0.000  
PPO linea    [######----------------------]  23.1% 9241/40000 |  111.6/s | elapsed 1m 23s | eta 4m 36s | process workers | seats 2 | tracked 15 | cur 1 hist 0 boot 1 teach 0 base 0 heur 0 | avg reward 0.000  
PPO linea    [######----------------------]  23.2% 9263/40000 |  111.6/s | elapsed 1m 23s | eta 4m 35s | process workers | seats 10 | tracked 15 | cur 1 hist 0 boot 4 teach 3 base 1 heur 1 | avg reward 0.000 
PPO linea    [######----------------------]  23.2% 9285/40000 |  111.6/s | elapsed 1m 23s | eta 4m 35s | process workers | seats 6 | tracked 15 | cur 1 hist 0 boot 2 teach 3 base 0 heur 0 | avg reward 0.000  
PPO linea    [######----------------------]  23.3% 9307/40000 |  111.6/s | elapsed 1m 23s | eta 4m 35s | process workers | seats 2 | tracked 15 | cur 1 hist 0 boot 0 teach 1 base 0 heur 0 | avg reward 0.000  
PPO linea    [######----------------------]  23.3% 9329/40000 |  111.6/s | elapsed 1m 24s | eta 4m 35s | process workers | seats 10 | tracked 15 | cur 1 hist 0 boot 2 teach 3 base 4 heur 0 | avg reward 0.000 
PPO linea    [######----------------------]  23.4% 9351/40000 |  111.6/s | elapsed 1m 24s | eta 4m 35s | process workers | seats 6 | tracked 15 | cur 1 hist 0 boot 3 teach 2 base 0 heur 0 | avg reward 0.000  
PPO linea    [######----------------------]  23.4% 9373/40000 |  111.6/s | elapsed 1m 24s | eta 4m 34s | process workers | seats 10 | tracked 15 | cur 1 hist 4 boot 2 teach 2 base 1 heur 0 | avg reward 0.000 
PPO linea    [######----------------------]  23.5% 9395/40000 |  111.6/s | elapsed 1m 24s | eta 4m 34s | process workers | seats 8 | tracked 15 | cur 1 hist 2 boot 0 teach 3 base 1 heur 1 | avg reward 0.000  
PPO linea    [######----------------------]  23.5% 9417/40000 |  111.6/s | elapsed 1m 24s | eta 4m 34s | process workers | seats 2 | tracked 15 | cur 1 hist 0 boot 0 teach 0 base 0 heur 1 | avg reward 0.000  
PPO linea    [######----------------------]  23.6% 9439/40000 |  111.6/s | elapsed 1m 25s | eta 4m 34s | process workers | seats 8 | tracked 30 | cur 2 hist 1 boot 2 teach 1 base 1 heur 1 | avg reward 0.000  
PPO linea    [######----------------------]  23.7% 9461/40000 |  111.6/s | elapsed 1m 25s | eta 4m 34s | process workers | seats 6 | tracked 15 | cur 1 hist 2 boot 0 teach 1 base 1 heur 1 | avg reward 0.000  
PPO linea    [######----------------------]  23.7% 9483/40000 |  111.7/s | elapsed 1m 25s | eta 4m 33s | process workers | seats 8 | tracked 15 | cur 1 hist 1 boot 1 teach 5 base 0 heur 0 | avg reward 0.000  
PPO linea    [######----------------------]  23.8% 9505/40000 |  111.6/s | elapsed 1m 25s | eta 4m 33s | process workers | seats 6 | tracked 15 | cur 1 hist 2 boot 1 teach 2 base 0 heur 0 | avg reward 0.000  
PPO linea    [######----------------------]  23.8% 9527/40000 |  111.6/s | elapsed 1m 25s | eta 4m 33s | process workers | seats 8 | tracked 15 | cur 1 hist 4 boot 1 teach 1 base 1 heur 0 | avg reward 0.000  
PPO linea    [######----------------------]  23.9% 9549/40000 |  111.6/s | elapsed 1m 26s | eta 4m 33s | process workers | seats 10 | tracked 30 | cur 2 hist 0 boot 2 teach 3 base 2 heur 1 | avg reward 0.000 
PPO linea    [######----------------------]  23.9% 9571/40000 |  111.6/s | elapsed 1m 26s | eta 4m 33s | process workers | seats 8 | tracked 15 | cur 1 hist 2 boot 0 teach 5 base 0 heur 0 | avg reward 0.000  
PPO linea    [######----------------------]  24.0% 9593/40000 |  111.6/s | elapsed 1m 26s | eta 4m 33s | process workers | seats 10 | tracked 30 | cur 2 hist 3 boot 0 teach 5 base 0 heur 0 | avg reward 0.000 
PPO linea    [######----------------------]  24.0% 9615/40000 |  111.6/s | elapsed 1m 26s | eta 4m 32s | process workers | seats 4 | tracked 15 | cur 1 hist 0 boot 1 teach 2 base 0 heur 0 | avg reward 0.000  
PPO linea    [######----------------------]  24.1% 9637/40000 |  111.6/s | elapsed 1m 26s | eta 4m 32s | process workers | seats 8 | tracked 30 | cur 2 hist 0 boot 1 teach 3 base 2 heur 0 | avg reward 0.000  
PPO linea    [######----------------------]  24.1% 9659/40000 |  111.6/s | elapsed 1m 27s | eta 4m 32s | process workers | seats 10 | tracked 15 | cur 1 hist 3 boot 1 teach 5 base 0 heur 0 | avg reward 0.000 
PPO linea    [######----------------------]  24.2% 9681/40000 |  111.6/s | elapsed 1m 27s | eta 4m 32s | process workers | seats 10 | tracked 30 | cur 2 hist 2 boot 2 teach 3 base 1 heur 0 | avg reward 0.000 
PPO linea    [######----------------------]  24.3% 9703/40000 |  111.7/s | elapsed 1m 27s | eta 4m 31s | process workers | seats 6 | tracked 15 | cur 1 hist 2 boot 1 teach 2 base 0 heur 0 | avg reward 0.000  
PPO linea    [######----------------------]  24.3% 9725/40000 |  111.7/s | elapsed 1m 27s | eta 4m 31s | process workers | seats 8 | tracked 15 | cur 1 hist 1 boot 1 teach 3 base 0 heur 2 | avg reward 0.000  
PPO linea    [######----------------------]  24.4% 9747/40000 |  111.7/s | elapsed 1m 27s | eta 4m 31s | process workers | seats 4 | tracked 15 | cur 1 hist 0 boot 1 teach 2 base 0 heur 0 | avg reward 0.000  
PPO linea    [######----------------------]  24.4% 9769/40000 |  111.7/s | elapsed 1m 27s | eta 4m 31s | process workers | seats 4 | tracked 15 | cur 1 hist 1 boot 0 teach 1 base 0 heur 1 | avg reward 0.000  
PPO linea    [######----------------------]  24.5% 9791/40000 |  111.7/s | elapsed 1m 28s | eta 4m 30s | process workers | seats 6 | tracked 15 | cur 1 hist 2 boot 0 teach 3 base 0 heur 0 | avg reward 0.000  
PPO linea    [######----------------------]  24.5% 9813/40000 |  111.6/s | elapsed 1m 28s | eta 4m 30s | process workers | seats 4 | tracked 15 | cur 1 hist 0 boot 0 teach 1 base 1 heur 1 | avg reward 0.000  
PPO linea    [######----------------------]  24.6% 9835/40000 |  111.7/s | elapsed 1m 28s | eta 4m 30s | process workers | seats 10 | tracked 30 | cur 2 hist 0 boot 2 teach 5 base 1 heur 0 | avg reward 0.000 
PPO linea    [######----------------------]  24.6% 9857/40000 |  111.7/s | elapsed 1m 28s | eta 4m 30s | process workers | seats 10 | tracked 15 | cur 1 hist 3 boot 0 teach 3 base 2 heur 1 | avg reward 0.000 
PPO linea    [######----------------------]  24.7% 9879/40000 |  111.7/s | elapsed 1m 28s | eta 4m 30s | process workers | seats 8 | tracked 15 | cur 1 hist 1 boot 0 teach 6 base 0 heur 0 | avg reward 0.000  
PPO linea    [######----------------------]  24.8% 9901/40000 |  111.7/s | elapsed 1m 29s | eta 4m 30s | process workers | seats 8 | tracked 30 | cur 2 hist 1 boot 0 teach 4 base 0 heur 1 | avg reward 0.000  
PPO linea    [######----------------------]  24.8% 9923/40000 |  111.6/s | elapsed 1m 29s | eta 4m 29s | process workers | seats 10 | tracked 15 | cur 1 hist 1 boot 3 teach 5 base 0 heur 0 | avg reward 0.000 
PPO linea    [######----------------------]  24.9% 9945/40000 |  111.6/s | elapsed 1m 29s | eta 4m 29s | process workers | seats 10 | tracked 15 | cur 1 hist 0 boot 3 teach 3 base 2 heur 1 | avg reward 0.000 
PPO linea    [######----------------------]  24.9% 9967/40000 |  111.6/s | elapsed 1m 29s | eta 4m 29s | process workers | seats 4 | tracked 15 | cur 1 hist 0 boot 0 teach 2 base 0 heur 1 | avg reward 0.000  
PPO linea    [######----------------------]  25.0% 9989/40000 |  111.7/s | elapsed 1m 29s | eta 4m 29s | process workers | seats 4 | tracked 15 | cur 1 hist 0 boot 0 teach 2 base 1 heur 0 | avg reward 0.000  
PPO linea    [#######---------------------]  25.0% 10011/40000 |  111.7/s | elapsed 1m 30s | eta 4m 29s | process workers | seats 6 | tracked 15 | cur 1 hist 2 boot 0 teach 2 base 1 heur 0 | avg reward 0.000 
PPO linea    [#######---------------------]  25.1% 10033/40000 |  111.7/s | elapsed 1m 30s | eta 4m 28s | process workers | seats 4 | tracked 15 | cur 1 hist 1 boot 0 teach 1 base 1 heur 0 | avg reward 0.000 
PPO linea    [#######---------------------]  25.1% 10055/40000 |  111.7/s | elapsed 1m 30s | eta 4m 28s | process workers | seats 4 | tracked 15 | cur 1 hist 0 boot 1 teach 0 base 2 heur 0 | avg reward 0.000 
PPO linea    [#######---------------------]  25.2% 10077/40000 |  111.7/s | elapsed 1m 30s | eta 4m 28s | process workers | seats 2 | tracked 15 | cur 1 hist 0 boot 1 teach 0 base 0 heur 0 | avg reward 0.000 
PPO linea    [#######---------------------]  25.2% 10099/40000 |  111.7/s | elapsed 1m 30s | eta 4m 28s | process workers | seats 8 | tracked 15 | cur 1 hist 1 boot 3 teach 3 base 0 heur 0 | avg reward 0.000 
PPO linea    [#######---------------------]  25.3% 10121/40000 |  111.6/s | elapsed 1m 31s | eta 4m 28s | process workers | seats 8 | tracked 15 | cur 1 hist 3 boot 1 teach 2 base 0 heur 1 | avg reward 0.000 
PPO linea    [#######---------------------]  25.4% 10143/40000 |  111.7/s | elapsed 1m 31s | eta 4m 27s | process workers | seats 4 | tracked 15 | cur 1 hist 2 boot 0 teach 1 base 0 heur 0 | avg reward 0.000 
PPO linea    [#######---------------------]  25.4% 10165/40000 |  111.7/s | elapsed 1m 31s | eta 4m 27s | process workers | seats 8 | tracked 30 | cur 2 hist 2 boot 0 teach 2 base 1 heur 1 | avg reward 0.000 
PPO linea    [#######---------------------]  25.5% 10187/40000 |  111.7/s | elapsed 1m 31s | eta 4m 27s | process workers | seats 4 | tracked 15 | cur 1 hist 0 boot 2 teach 1 base 0 heur 0 | avg reward 0.000 
PPO linea    [#######---------------------]  25.5% 10209/40000 |  111.7/s | elapsed 1m 31s | eta 4m 27s | process workers | seats 10 | tracked 30 | cur 2 hist 3 boot 2 teach 3 base 0 heur 0 | avg reward 0.000
PPO linea    [#######---------------------]  25.6% 10231/40000 |  111.7/s | elapsed 1m 32s | eta 4m 26s | process workers | seats 8 | tracked 30 | cur 2 hist 4 boot 0 teach 1 base 1 heur 0 | avg reward 0.000 
PPO linea    [#######---------------------]  25.6% 10253/40000 |  111.7/s | elapsed 1m 32s | eta 4m 26s | process workers | seats 10 | tracked 15 | cur 1 hist 3 boot 1 teach 4 base 0 heur 1 | avg reward 0.000
PPO linea    [#######---------------------]  25.7% 10275/40000 |  111.7/s | elapsed 1m 32s | eta 4m 26s | process workers | seats 6 | tracked 15 | cur 1 hist 2 boot 1 teach 1 base 1 heur 0 | avg reward 0.000 
PPO linea    [#######---------------------]  25.7% 10297/40000 |  111.7/s | elapsed 1m 32s | eta 4m 26s | process workers | seats 4 | tracked 15 | cur 1 hist 1 boot 0 teach 1 base 1 heur 0 | avg reward 0.000 
PPO linea    [#######---------------------]  25.8% 10319/40000 |  111.7/s | elapsed 1m 32s | eta 4m 26s | process workers | seats 8 | tracked 15 | cur 1 hist 2 boot 2 teach 1 base 1 heur 1 | avg reward 0.000 
PPO linea    [#######---------------------]  25.9% 10341/40000 |  111.7/s | elapsed 1m 33s | eta 4m 26s | process workers | seats 10 | tracked 30 | cur 2 hist 2 boot 2 teach 4 base 0 heur 0 | avg reward 0.000
PPO linea    [#######---------------------]  25.9% 10363/40000 |  111.7/s | elapsed 1m 33s | eta 4m 25s | process workers | seats 8 | tracked 30 | cur 2 hist 2 boot 0 teach 2 base 2 heur 0 | avg reward 0.000 
PPO linea    [#######---------------------]  26.0% 10385/40000 |  111.7/s | elapsed 1m 33s | eta 4m 25s | process workers | seats 4 | tracked 15 | cur 1 hist 1 boot 1 teach 0 base 1 heur 0 | avg reward 0.000 
PPO linea    [#######---------------------]  26.0% 10407/40000 |  111.8/s | elapsed 1m 33s | eta 4m 25s | process workers | seats 6 | tracked 15 | cur 1 hist 1 boot 0 teach 3 base 1 heur 0 | avg reward 0.000 
PPO linea    [#######---------------------]  26.1% 10429/40000 |  111.8/s | elapsed 1m 33s | eta 4m 25s | process workers | seats 10 | tracked 30 | cur 2 hist 1 boot 1 teach 4 base 2 heur 0 | avg reward 0.000
PPO linea    [#######---------------------]  26.1% 10451/40000 |  111.7/s | elapsed 1m 34s | eta 4m 24s | process workers | seats 10 | tracked 15 | cur 1 hist 3 boot 1 teach 3 base 2 heur 0 | avg reward 0.000
PPO linea    [#######---------------------]  26.2% 10473/40000 |  111.8/s | elapsed 1m 34s | eta 4m 24s | process workers | seats 10 | tracked 15 | cur 1 hist 4 boot 2 teach 2 base 1 heur 0 | avg reward 0.000
PPO linea    [#######---------------------]  26.2% 10495/40000 |  111.8/s | elapsed 1m 34s | eta 4m 24s | process workers | seats 4 | tracked 15 | cur 1 hist 1 boot 1 teach 0 base 1 heur 0 | avg reward 0.000 
PPO linea    [#######---------------------]  26.3% 10517/40000 |  111.8/s | elapsed 1m 34s | eta 4m 24s | process workers | seats 8 | tracked 30 | cur 2 hist 2 boot 1 teach 1 base 2 heur 0 | avg reward 0.000 
PPO linea    [#######---------------------]  26.3% 10539/40000 |  111.7/s | elapsed 1m 34s | eta 4m 24s | process workers | seats 8 | tracked 15 | cur 1 hist 2 boot 2 teach 2 base 1 heur 0 | avg reward 0.000 
PPO linea    [#######---------------------]  26.4% 10561/40000 |  111.8/s | elapsed 1m 34s | eta 4m 23s | process workers | seats 10 | tracked 15 | cur 1 hist 2 boot 1 teach 5 base 1 heur 0 | avg reward 0.000
PPO linea    [#######---------------------]  26.5% 10583/40000 |  111.7/s | elapsed 1m 35s | eta 4m 23s | process workers | seats 8 | tracked 15 | cur 1 hist 4 boot 1 teach 0 base 0 heur 2 | avg reward 0.000 
PPO linea    [#######---------------------]  26.5% 10605/40000 |  111.8/s | elapsed 1m 35s | eta 4m 23s | process workers | seats 10 | tracked 15 | cur 1 hist 3 boot 1 teach 3 base 2 heur 0 | avg reward 0.000
PPO linea    [#######---------------------]  26.6% 10627/40000 |  111.7/s | elapsed 1m 35s | eta 4m 23s | process workers | seats 8 | tracked 30 | cur 2 hist 2 boot 0 teach 3 base 1 heur 0 | avg reward 0.000 
PPO linea    [#######---------------------]  26.6% 10649/40000 |  111.8/s | elapsed 1m 35s | eta 4m 23s | process workers | seats 8 | tracked 15 | cur 1 hist 2 boot 2 teach 3 base 0 heur 0 | avg reward 0.000 
PPO linea    [#######---------------------]  26.7% 10671/40000 |  111.8/s | elapsed 1m 35s | eta 4m 22s | process workers | seats 8 | tracked 15 | cur 1 hist 2 boot 1 teach 2 base 2 heur 0 | avg reward 0.000 
PPO linea    [#######---------------------]  26.7% 10693/40000 |  111.8/s | elapsed 1m 36s | eta 4m 22s | process workers | seats 8 | tracked 15 | cur 1 hist 1 boot 1 teach 4 base 1 heur 0 | avg reward 0.000 
PPO linea    [#######---------------------]  26.8% 10715/40000 |  111.8/s | elapsed 1m 36s | eta 4m 22s | process workers | seats 8 | tracked 15 | cur 1 hist 4 boot 0 teach 1 base 2 heur 0 | avg reward 0.000 
PPO linea    [#######---------------------]  26.8% 10737/40000 |  111.8/s | elapsed 1m 36s | eta 4m 22s | process workers | seats 4 | tracked 15 | cur 1 hist 1 boot 0 teach 1 base 1 heur 0 | avg reward 0.000 
PPO linea    [#######---------------------]  26.9% 10759/40000 |  111.7/s | elapsed 1m 36s | eta 4m 22s | process workers | seats 8 | tracked 30 | cur 2 hist 1 boot 0 teach 2 base 2 heur 1 | avg reward 0.000 
PPO linea    [#######---------------------]  27.0% 10781/40000 |  111.7/s | elapsed 1m 36s | eta 4m 21s | process workers | seats 10 | tracked 15 | cur 1 hist 2 boot 1 teach 2 base 3 heur 1 | avg reward 0.000
PPO linea    [#######---------------------]  27.0% 10803/40000 |  111.7/s | elapsed 1m 37s | eta 4m 21s | process workers | seats 4 | tracked 15 | cur 1 hist 0 boot 0 teach 2 base 1 heur 0 | avg reward 0.000 
PPO linea    [#######---------------------]  27.1% 10825/40000 |  111.8/s | elapsed 1m 37s | eta 4m 21s | process workers | seats 2 | tracked 15 | cur 1 hist 0 boot 0 teach 1 base 0 heur 0 | avg reward 0.000 
PPO linea    [#######---------------------]  27.1% 10847/40000 |  111.8/s | elapsed 1m 37s | eta 4m 21s | process workers | seats 6 | tracked 15 | cur 1 hist 0 boot 3 teach 2 base 0 heur 0 | avg reward 0.000 
PPO linea    [#######---------------------]  27.2% 10869/40000 |  111.8/s | elapsed 1m 37s | eta 4m 21s | process workers | seats 2 | tracked 15 | cur 1 hist 0 boot 0 teach 0 base 1 heur 0 | avg reward 0.000 
PPO linea    [#######---------------------]  27.2% 10891/40000 |  111.8/s | elapsed 1m 37s | eta 4m 20s | process workers | seats 8 | tracked 15 | cur 1 hist 0 boot 3 teach 3 base 0 heur 1 | avg reward 0.000 
PPO linea    [#######---------------------]  27.3% 10913/40000 |  111.8/s | elapsed 1m 38s | eta 4m 20s | process workers | seats 6 | tracked 15 | cur 1 hist 0 boot 0 teach 4 base 1 heur 0 | avg reward 0.000 
PPO linea    [#######---------------------]  27.3% 10935/40000 |  111.8/s | elapsed 1m 38s | eta 4m 20s | process workers | seats 6 | tracked 15 | cur 1 hist 2 boot 1 teach 1 base 1 heur 0 | avg reward 0.000 
PPO linea    [#######---------------------]  27.4% 10957/40000 |  111.8/s | elapsed 1m 38s | eta 4m 20s | process workers | seats 8 | tracked 15 | cur 1 hist 2 boot 0 teach 2 base 2 heur 1 | avg reward 0.000 
PPO linea    [#######---------------------]  27.4% 10979/40000 |  111.8/s | elapsed 1m 38s | eta 4m 20s | process workers | seats 10 | tracked 30 | cur 2 hist 3 boot 2 teach 3 base 0 heur 0 | avg reward 0.000
PPO linea    [#######---------------------]  27.5% 11001/40000 |  111.8/s | elapsed 1m 38s | eta 4m 19s | process workers | seats 4 | tracked 15 | cur 1 hist 3 boot 0 teach 0 base 0 heur 0 | avg reward 0.000 
PPO linea    [#######---------------------]  27.6% 11023/40000 |  111.8/s | elapsed 1m 39s | eta 4m 19s | process workers | seats 10 | tracked 30 | cur 2 hist 0 boot 2 teach 4 base 2 heur 0 | avg reward 0.000
PPO linea    [#######---------------------]  27.6% 11045/40000 |  111.8/s | elapsed 1m 39s | eta 4m 19s | process workers | seats 8 | tracked 30 | cur 2 hist 0 boot 2 teach 2 base 1 heur 1 | avg reward 0.000 
PPO linea    [#######---------------------]  27.7% 11067/40000 |  111.8/s | elapsed 1m 39s | eta 4m 19s | process workers | seats 4 | tracked 15 | cur 1 hist 1 boot 0 teach 2 base 0 heur 0 | avg reward 0.000 
PPO linea    [#######---------------------]  27.7% 11089/40000 |  111.8/s | elapsed 1m 39s | eta 4m 19s | process workers | seats 4 | tracked 15 | cur 1 hist 0 boot 1 teach 2 base 0 heur 0 | avg reward 0.000 
PPO linea    [#######---------------------]  27.8% 11111/40000 |  111.9/s | elapsed 1m 39s | eta 4m 18s | process workers | seats 4 | tracked 15 | cur 1 hist 3 boot 0 teach 0 base 0 heur 0 | avg reward 0.000 
PPO linea    [#######---------------------]  27.8% 11133/40000 |  111.9/s | elapsed 1m 40s | eta 4m 18s | process workers | seats 4 | tracked 15 | cur 1 hist 1 boot 1 teach 1 base 0 heur 0 | avg reward 0.000 
PPO linea    [#######---------------------]  27.9% 11155/40000 |  111.9/s | elapsed 1m 40s | eta 4m 18s | process workers | seats 8 | tracked 15 | cur 1 hist 1 boot 1 teach 4 base 1 heur 0 | avg reward 0.000 
PPO linea    [#######---------------------]  27.9% 11177/40000 |  111.9/s | elapsed 1m 40s | eta 4m 18s | process workers | seats 4 | tracked 15 | cur 1 hist 2 boot 0 teach 1 base 0 heur 0 | avg reward 0.000 
PPO linea    [#######---------------------]  28.0% 11199/40000 |  111.9/s | elapsed 1m 40s | eta 4m 17s | process workers | seats 10 | tracked 15 | cur 1 hist 0 boot 2 teach 4 base 1 heur 2 | avg reward 0.000
PPO linea    [#######---------------------]  28.1% 11221/40000 |  111.8/s | elapsed 1m 40s | eta 4m 17s | process workers | seats 10 | tracked 15 | cur 1 hist 3 boot 1 teach 5 base 0 heur 0 | avg reward 0.000
PPO linea    [#######---------------------]  28.1% 11243/40000 |  111.8/s | elapsed 1m 41s | eta 4m 17s | process workers | seats 10 | tracked 15 | cur 1 hist 3 boot 2 teach 3 base 1 heur 0 | avg reward 0.000
PPO linea    [#######---------------------]  28.2% 11265/40000 |  111.8/s | elapsed 1m 41s | eta 4m 17s | process workers | seats 8 | tracked 30 | cur 2 hist 2 boot 0 teach 3 base 1 heur 0 | avg reward 0.000 
PPO linea    [#######---------------------]  28.2% 11287/40000 |  111.8/s | elapsed 1m 41s | eta 4m 17s | process workers | seats 10 | tracked 15 | cur 1 hist 2 boot 3 teach 3 base 1 heur 0 | avg reward 0.000
PPO linea    [#######---------------------]  28.3% 11309/40000 |  111.8/s | elapsed 1m 41s | eta 4m 17s | process workers | seats 10 | tracked 15 | cur 1 hist 4 boot 1 teach 1 base 2 heur 1 | avg reward 0.000
PPO linea    [#######---------------------]  28.3% 11331/40000 |  111.8/s | elapsed 1m 41s | eta 4m 16s | process workers | seats 4 | tracked 15 | cur 1 hist 1 boot 1 teach 1 base 0 heur 0 | avg reward 0.000 
PPO linea    [#######---------------------]  28.4% 11353/40000 |  111.8/s | elapsed 1m 42s | eta 4m 16s | process workers | seats 8 | tracked 30 | cur 2 hist 3 boot 0 teach 2 base 1 heur 0 | avg reward 0.000 
PPO linea    [#######---------------------]  28.4% 11375/40000 |  111.8/s | elapsed 1m 42s | eta 4m 16s | process workers | seats 10 | tracked 30 | cur 2 hist 2 boot 2 teach 2 base 1 heur 1 | avg reward 0.000
PPO linea    [#######---------------------]  28.5% 11397/40000 |  111.8/s | elapsed 1m 42s | eta 4m 16s | process workers | seats 6 | tracked 15 | cur 1 hist 1 boot 2 teach 1 base 1 heur 0 | avg reward 0.000 
PPO linea    [#######---------------------]  28.5% 11419/40000 |  111.8/s | elapsed 1m 42s | eta 4m 16s | process workers | seats 6 | tracked 15 | cur 1 hist 1 boot 1 teach 3 base 0 heur 0 | avg reward 0.000 
PPO linea    [########--------------------]  28.6% 11441/40000 |  111.8/s | elapsed 1m 42s | eta 4m 15s | process workers | seats 10 | tracked 15 | cur 1 hist 1 boot 0 teach 3 base 2 heur 3 | avg reward 0.000
PPO linea    [########--------------------]  28.7% 11463/40000 |  111.8/s | elapsed 1m 43s | eta 4m 15s | process workers | seats 8 | tracked 15 | cur 1 hist 2 boot 3 teach 1 base 0 heur 1 | avg reward 0.000 
PPO linea    [########--------------------]  28.7% 11485/40000 |  111.8/s | elapsed 1m 43s | eta 4m 15s | process workers | seats 10 | tracked 15 | cur 1 hist 4 boot 2 teach 3 base 0 heur 0 | avg reward 0.000
PPO linea    [########--------------------]  28.8% 11507/40000 |  111.8/s | elapsed 1m 43s | eta 4m 15s | process workers | seats 6 | tracked 15 | cur 1 hist 1 boot 0 teach 2 base 2 heur 0 | avg reward 0.000 
PPO linea    [########--------------------]  28.8% 11529/40000 |  111.8/s | elapsed 1m 43s | eta 4m 15s | process workers | seats 8 | tracked 15 | cur 1 hist 2 boot 1 teach 4 base 0 heur 0 | avg reward 0.000 
PPO linea    [########--------------------]  28.9% 11551/40000 |  111.8/s | elapsed 1m 43s | eta 4m 14s | process workers | seats 10 | tracked 30 | cur 2 hist 2 boot 1 teach 5 base 0 heur 0 | avg reward 0.000
PPO linea    [########--------------------]  28.9% 11573/40000 |  111.8/s | elapsed 1m 44s | eta 4m 14s | process workers | seats 10 | tracked 15 | cur 1 hist 2 boot 0 teach 6 base 1 heur 0 | avg reward 0.000
PPO linea    [########--------------------]  29.0% 11595/40000 |  111.7/s | elapsed 1m 44s | eta 4m 14s | process workers | seats 10 | tracked 15 | cur 1 hist 2 boot 5 teach 1 base 0 heur 1 | avg reward 0.000
PPO linea    [########--------------------]  29.0% 11617/40000 |  111.8/s | elapsed 1m 44s | eta 4m 14s | process workers | seats 6 | tracked 15 | cur 1 hist 1 boot 1 teach 1 base 2 heur 0 | avg reward 0.000 
PPO linea    [########--------------------]  29.1% 11639/40000 |  111.7/s | elapsed 1m 44s | eta 4m 14s | process workers | seats 10 | tracked 15 | cur 1 hist 1 boot 2 teach 5 base 1 heur 0 | avg reward 0.000
PPO linea    [########--------------------]  29.2% 11661/40000 |  111.8/s | elapsed 1m 44s | eta 4m 14s | process workers | seats 10 | tracked 30 | cur 2 hist 3 boot 0 teach 3 base 2 heur 0 | avg reward 0.000
PPO linea    [########--------------------]  29.2% 11683/40000 |  111.8/s | elapsed 1m 44s | eta 4m 13s | process workers | seats 8 | tracked 15 | cur 1 hist 1 boot 1 teach 3 base 1 heur 1 | avg reward 0.000 
PPO linea    [########--------------------]  29.3% 11705/40000 |  111.8/s | elapsed 1m 45s | eta 4m 13s | process workers | seats 4 | tracked 15 | cur 1 hist 1 boot 0 teach 0 base 2 heur 0 | avg reward 0.000 
PPO linea    [########--------------------]  29.3% 11727/40000 |  111.8/s | elapsed 1m 45s | eta 4m 13s | process workers | seats 10 | tracked 15 | cur 1 hist 4 boot 0 teach 2 base 3 heur 0 | avg reward 0.000
PPO linea    [########--------------------]  29.4% 11749/40000 |  111.8/s | elapsed 1m 45s | eta 4m 13s | process workers | seats 6 | tracked 15 | cur 1 hist 2 boot 1 teach 1 base 0 heur 1 | avg reward 0.000 
PPO linea    [########--------------------]  29.4% 11771/40000 |  111.9/s | elapsed 1m 45s | eta 4m 12s | process workers | seats 4 | tracked 15 | cur 1 hist 0 boot 1 teach 0 base 2 heur 0 | avg reward 0.000 
PPO linea    [########--------------------]  29.5% 11793/40000 |  111.9/s | elapsed 1m 45s | eta 4m 12s | process workers | seats 4 | tracked 15 | cur 1 hist 1 boot 0 teach 2 base 0 heur 0 | avg reward 0.000 
PPO linea    [########--------------------]  29.5% 11815/40000 |  111.9/s | elapsed 1m 46s | eta 4m 12s | process workers | seats 8 | tracked 30 | cur 2 hist 1 boot 1 teach 4 base 0 heur 0 | avg reward 0.000 
PPO linea    [########--------------------]  29.6% 11837/40000 |  111.9/s | elapsed 1m 46s | eta 4m 12s | process workers | seats 8 | tracked 30 | cur 2 hist 2 boot 1 teach 2 base 1 heur 0 | avg reward 0.000 
PPO linea    [########--------------------]  29.6% 11859/40000 |  111.8/s | elapsed 1m 46s | eta 4m 12s | process workers | seats 10 | tracked 15 | cur 1 hist 1 boot 1 teach 6 base 1 heur 0 | avg reward 0.000
PPO linea    [########--------------------]  29.7% 11881/40000 |  111.8/s | elapsed 1m 46s | eta 4m 11s | process workers | seats 2 | tracked 15 | cur 1 hist 0 boot 0 teach 1 base 0 heur 0 | avg reward 0.000 
PPO linea    [########--------------------]  29.8% 11903/40000 |  111.8/s | elapsed 1m 46s | eta 4m 11s | process workers | seats 8 | tracked 30 | cur 2 hist 1 boot 3 teach 1 base 0 heur 1 | avg reward 0.000 
PPO linea    [########--------------------]  29.8% 11925/40000 |  111.8/s | elapsed 1m 47s | eta 4m 11s | process workers | seats 2 | tracked 15 | cur 1 hist 0 boot 0 teach 1 base 0 heur 0 | avg reward 0.000 
PPO linea    [########--------------------]  29.9% 11947/40000 |  111.8/s | elapsed 1m 47s | eta 4m 11s | process workers | seats 10 | tracked 15 | cur 1 hist 3 boot 1 teach 3 base 1 heur 1 | avg reward 0.000
PPO linea    [########--------------------]  29.9% 11969/40000 |  111.8/s | elapsed 1m 47s | eta 4m 11s | process workers | seats 2 | tracked 15 | cur 1 hist 0 boot 0 teach 0 base 1 heur 0 | avg reward 0.000 
PPO linea    [########--------------------]  30.0% 11991/40000 |  111.9/s | elapsed 1m 47s | eta 4m 10s | process workers | seats 4 | tracked 15 | cur 1 hist 0 boot 0 teach 1 base 2 heur 0 | avg reward 0.000 
PPO linea    [########--------------------]  30.0% 12013/40000 |  111.9/s | elapsed 1m 47s | eta 4m 10s | process workers | seats 6 | tracked 15 | cur 1 hist 2 boot 0 teach 2 base 1 heur 0 | avg reward 0.000 
PPO linea    [########--------------------]  30.1% 12035/40000 |  111.9/s | elapsed 1m 48s | eta 4m 10s | process workers | seats 10 | tracked 30 | cur 2 hist 2 boot 2 teach 3 base 0 heur 1 | avg reward 0.000
PPO linea    [########--------------------]  30.1% 12057/40000 |  111.9/s | elapsed 1m 48s | eta 4m 10s | process workers | seats 10 | tracked 15 | cur 1 hist 5 boot 0 teach 3 base 1 heur 0 | avg reward 0.000
PPO linea    [########--------------------]  30.2% 12079/40000 |  111.9/s | elapsed 1m 48s | eta 4m 10s | process workers | seats 4 | tracked 15 | cur 1 hist 0 boot 1 teach 1 base 1 heur 0 | avg reward 0.000 
PPO linea    [########--------------------]  30.3% 12101/40000 |  111.9/s | elapsed 1m 48s | eta 4m 9s | process workers | seats 8 | tracked 15 | cur 1 hist 1 boot 2 teach 3 base 1 heur 0 | avg reward 0.000  
PPO linea    [########--------------------]  30.3% 12123/40000 |  111.9/s | elapsed 1m 48s | eta 4m 9s | process workers | seats 6 | tracked 15 | cur 1 hist 2 boot 0 teach 2 base 0 heur 1 | avg reward 0.000  
PPO linea    [########--------------------]  30.4% 12145/40000 |  111.9/s | elapsed 1m 49s | eta 4m 9s | process workers | seats 10 | tracked 30 | cur 2 hist 1 boot 3 teach 3 base 1 heur 0 | avg reward 0.000 
PPO linea    [########--------------------]  30.4% 12167/40000 |  111.9/s | elapsed 1m 49s | eta 4m 9s | process workers | seats 6 | tracked 15 | cur 1 hist 1 boot 1 teach 2 base 1 heur 0 | avg reward 0.000  
PPO linea    [########--------------------]  30.5% 12189/40000 |  111.9/s | elapsed 1m 49s | eta 4m 9s | process workers | seats 10 | tracked 15 | cur 1 hist 1 boot 4 teach 4 base 0 heur 0 | avg reward 0.000 
PPO linea    [########--------------------]  30.5% 12211/40000 |  111.9/s | elapsed 1m 49s | eta 4m 8s | process workers | seats 2 | tracked 15 | cur 1 hist 0 boot 0 teach 1 base 0 heur 0 | avg reward 0.000  
PPO linea    [########--------------------]  30.6% 12233/40000 |  111.9/s | elapsed 1m 49s | eta 4m 8s | process workers | seats 10 | tracked 15 | cur 1 hist 1 boot 2 teach 3 base 0 heur 3 | avg reward 0.000 
PPO linea    [########--------------------]  30.6% 12255/40000 |  111.9/s | elapsed 1m 50s | eta 4m 8s | process workers | seats 2 | tracked 15 | cur 1 hist 0 boot 0 teach 1 base 0 heur 0 | avg reward 0.000  
PPO linea    [########--------------------]  30.7% 12277/40000 |  111.9/s | elapsed 1m 50s | eta 4m 8s | process workers | seats 4 | tracked 15 | cur 1 hist 1 boot 0 teach 1 base 1 heur 0 | avg reward 0.000  
PPO linea    [########--------------------]  30.7% 12299/40000 |  111.9/s | elapsed 1m 50s | eta 4m 8s | process workers | seats 6 | tracked 15 | cur 1 hist 0 boot 1 teach 4 base 0 heur 0 | avg reward 0.000  
PPO linea    [########--------------------]  30.8% 12321/40000 |  111.9/s | elapsed 1m 50s | eta 4m 7s | process workers | seats 2 | tracked 15 | cur 1 hist 0 boot 0 teach 1 base 0 heur 0 | avg reward 0.000  
PPO linea    [########--------------------]  30.9% 12343/40000 |  111.9/s | elapsed 1m 50s | eta 4m 7s | process workers | seats 10 | tracked 15 | cur 1 hist 1 boot 2 teach 3 base 3 heur 0 | avg reward 0.000 
PPO linea    [########--------------------]  30.9% 12365/40000 |  111.9/s | elapsed 1m 50s | eta 4m 7s | process workers | seats 4 | tracked 15 | cur 1 hist 1 boot 0 teach 2 base 0 heur 0 | avg reward 0.000  
PPO linea    [########--------------------]  31.0% 12387/40000 |  111.9/s | elapsed 1m 51s | eta 4m 7s | process workers | seats 10 | tracked 15 | cur 1 hist 3 boot 1 teach 3 base 2 heur 0 | avg reward 0.000 
PPO linea    [########--------------------]  31.0% 12409/40000 |  111.9/s | elapsed 1m 51s | eta 4m 7s | process workers | seats 8 | tracked 15 | cur 1 hist 1 boot 2 teach 3 base 0 heur 1 | avg reward 0.000  
PPO linea    [########--------------------]  31.1% 12431/40000 |  111.9/s | elapsed 1m 51s | eta 4m 6s | process workers | seats 4 | tracked 15 | cur 1 hist 2 boot 0 teach 1 base 0 heur 0 | avg reward 0.000  
PPO linea    [########--------------------]  31.1% 12453/40000 |  111.9/s | elapsed 1m 51s | eta 4m 6s | process workers | seats 8 | tracked 30 | cur 2 hist 0 boot 2 teach 2 base 1 heur 1 | avg reward 0.000  
PPO linea    [########--------------------]  31.2% 12475/40000 |  111.9/s | elapsed 1m 51s | eta 4m 6s | process workers | seats 8 | tracked 15 | cur 1 hist 2 boot 1 teach 3 base 1 heur 0 | avg reward 0.000  
PPO linea    [########--------------------]  31.2% 12497/40000 |  112.0/s | elapsed 1m 52s | eta 4m 6s | process workers | seats 2 | tracked 15 | cur 1 hist 0 boot 0 teach 0 base 1 heur 0 | avg reward 0.000  
PPO linea    [########--------------------]  31.3% 12519/40000 |  112.0/s | elapsed 1m 52s | eta 4m 5s | process workers | seats 6 | tracked 15 | cur 1 hist 0 boot 2 teach 1 base 2 heur 0 | avg reward 0.000  
PPO linea    [########--------------------]  31.4% 12541/40000 |  112.0/s | elapsed 1m 52s | eta 4m 5s | process workers | seats 4 | tracked 15 | cur 1 hist 0 boot 1 teach 0 base 0 heur 2 | avg reward 0.000  
PPO linea    [########--------------------]  31.4% 12563/40000 |  112.0/s | elapsed 1m 52s | eta 4m 5s | process workers | seats 10 | tracked 15 | cur 1 hist 3 boot 0 teach 4 base 1 heur 1 | avg reward 0.000 
PPO linea    [########--------------------]  31.5% 12585/40000 |  111.9/s | elapsed 1m 52s | eta 4m 5s | process workers | seats 6 | tracked 15 | cur 1 hist 1 boot 0 teach 1 base 2 heur 1 | avg reward 0.000  
PPO linea    [########--------------------]  31.5% 12607/40000 |  111.9/s | elapsed 1m 53s | eta 4m 5s | process workers | seats 10 | tracked 15 | cur 1 hist 3 boot 1 teach 3 base 2 heur 0 | avg reward 0.000 
PPO linea    [########--------------------]  31.6% 12629/40000 |  111.9/s | elapsed 1m 53s | eta 4m 5s | process workers | seats 6 | tracked 15 | cur 1 hist 0 boot 1 teach 3 base 1 heur 0 | avg reward 0.000  
PPO linea    [########--------------------]  31.6% 12651/40000 |  111.9/s | elapsed 1m 53s | eta 4m 4s | process workers | seats 8 | tracked 15 | cur 1 hist 3 boot 1 teach 1 base 2 heur 0 | avg reward 0.000  
PPO linea    [########--------------------]  31.7% 12673/40000 |  111.9/s | elapsed 1m 53s | eta 4m 4s | process workers | seats 2 | tracked 15 | cur 1 hist 0 boot 0 teach 0 base 1 heur 0 | avg reward 0.000  
PPO linea    [########--------------------]  31.7% 12695/40000 |  112.0/s | elapsed 1m 53s | eta 4m 4s | process workers | seats 4 | tracked 15 | cur 1 hist 0 boot 1 teach 1 base 1 heur 0 | avg reward 0.000  
PPO linea    [########--------------------]  31.8% 12717/40000 |  112.0/s | elapsed 1m 54s | eta 4m 4s | process workers | seats 6 | tracked 15 | cur 1 hist 2 boot 0 teach 0 base 3 heur 0 | avg reward 0.000  
PPO linea    [########--------------------]  31.8% 12739/40000 |  112.0/s | elapsed 1m 54s | eta 4m 3s | process workers | seats 8 | tracked 15 | cur 1 hist 0 boot 2 teach 3 base 2 heur 0 | avg reward 0.000  
PPO linea    [########--------------------]  31.9% 12761/40000 |  112.0/s | elapsed 1m 54s | eta 4m 3s | process workers | seats 10 | tracked 15 | cur 1 hist 1 boot 2 teach 4 base 2 heur 0 | avg reward 0.000 
PPO linea    [########--------------------]  32.0% 12783/40000 |  112.0/s | elapsed 1m 54s | eta 4m 3s | process workers | seats 6 | tracked 15 | cur 1 hist 1 boot 1 teach 2 base 0 heur 1 | avg reward 0.000  
PPO linea    [########--------------------]  32.0% 12805/40000 |  112.0/s | elapsed 1m 54s | eta 4m 3s | process workers | seats 10 | tracked 15 | cur 1 hist 2 boot 1 teach 4 base 1 heur 1 | avg reward 0.000 
PPO linea    [########--------------------]  32.1% 12827/40000 |  112.0/s | elapsed 1m 55s | eta 4m 3s | process workers | seats 4 | tracked 15 | cur 1 hist 0 boot 1 teach 1 base 1 heur 0 | avg reward 0.000  
PPO linea    [########--------------------]  32.1% 12849/40000 |  112.0/s | elapsed 1m 55s | eta 4m 2s | process workers | seats 8 | tracked 15 | cur 1 hist 1 boot 2 teach 1 base 3 heur 0 | avg reward 0.000  
PPO linea    [#########-------------------]  32.2% 12871/40000 |  112.0/s | elapsed 1m 55s | eta 4m 2s | process workers | seats 6 | tracked 15 | cur 1 hist 2 boot 0 teach 2 base 1 heur 0 | avg reward 0.000  
PPO linea    [#########-------------------]  32.2% 12893/40000 |  112.0/s | elapsed 1m 55s | eta 4m 2s | process workers | seats 4 | tracked 15 | cur 1 hist 1 boot 1 teach 1 base 0 heur 0 | avg reward 0.000  
PPO linea    [#########-------------------]  32.3% 12915/40000 |  112.0/s | elapsed 1m 55s | eta 4m 2s | process workers | seats 8 | tracked 15 | cur 1 hist 3 boot 1 teach 3 base 0 heur 0 | avg reward 0.000  
PPO linea    [#########-------------------]  32.3% 12937/40000 |  112.0/s | elapsed 1m 55s | eta 4m 2s | process workers | seats 2 | tracked 15 | cur 1 hist 1 boot 0 teach 0 base 0 heur 0 | avg reward 0.000  
PPO linea    [#########-------------------]  32.4% 12959/40000 |  112.1/s | elapsed 1m 56s | eta 4m 1s | process workers | seats 2 | tracked 15 | cur 1 hist 0 boot 0 teach 0 base 1 heur 0 | avg reward 0.000  
PPO linea    [#########-------------------]  32.5% 12981/40000 |  112.1/s | elapsed 1m 56s | eta 4m 1s | process workers | seats 10 | tracked 15 | cur 1 hist 2 boot 3 teach 3 base 0 heur 1 | avg reward 0.000 
PPO linea    [#########-------------------]  32.5% 13003/40000 |  112.1/s | elapsed 1m 56s | eta 4m 1s | process workers | seats 10 | tracked 15 | cur 1 hist 2 boot 0 teach 4 base 2 heur 1 | avg reward 0.000 
PPO linea    [#########-------------------]  32.6% 13025/40000 |  112.1/s | elapsed 1m 56s | eta 4m 1s | process workers | seats 6 | tracked 15 | cur 1 hist 0 boot 1 teach 1 base 2 heur 1 | avg reward 0.000  
PPO linea    [#########-------------------]  32.6% 13047/40000 |  112.0/s | elapsed 1m 56s | eta 4m 1s | process workers | seats 10 | tracked 30 | cur 2 hist 1 boot 2 teach 3 base 2 heur 0 | avg reward 0.000 
PPO linea    [#########-------------------]  32.7% 13069/40000 |  112.0/s | elapsed 1m 57s | eta 4m 0s | process workers | seats 2 | tracked 15 | cur 1 hist 0 boot 0 teach 0 base 1 heur 0 | avg reward 0.000  
PPO linea    [#########-------------------]  32.7% 13091/40000 |  112.0/s | elapsed 1m 57s | eta 4m 0s | process workers | seats 4 | tracked 15 | cur 1 hist 2 boot 0 teach 0 base 0 heur 1 | avg reward 0.000  
PPO linea    [#########-------------------]  32.8% 13113/40000 |  112.1/s | elapsed 1m 57s | eta 4m 0s | process workers | seats 4 | tracked 15 | cur 1 hist 1 boot 1 teach 1 base 0 heur 0 | avg reward 0.000  
PPO linea    [#########-------------------]  32.8% 13135/40000 |  112.1/s | elapsed 1m 57s | eta 4m 0s | process workers | seats 6 | tracked 15 | cur 1 hist 2 boot 0 teach 3 base 0 heur 0 | avg reward 0.000  
PPO linea    [#########-------------------]  32.9% 13157/40000 |  112.1/s | elapsed 1m 57s | eta 3m 59s | process workers | seats 8 | tracked 15 | cur 1 hist 3 boot 2 teach 1 base 0 heur 1 | avg reward 0.000 
PPO linea    [#########-------------------]  32.9% 13179/40000 |  112.1/s | elapsed 1m 58s | eta 3m 59s | process workers | seats 4 | tracked 15 | cur 1 hist 0 boot 0 teach 2 base 0 heur 1 | avg reward 0.000 
PPO linea    [#########-------------------]  33.0% 13201/40000 |  112.1/s | elapsed 1m 58s | eta 3m 59s | process workers | seats 10 | tracked 15 | cur 1 hist 4 boot 0 teach 3 base 1 heur 1 | avg reward 0.000
PPO linea    [#########-------------------]  33.1% 13223/40000 |  112.1/s | elapsed 1m 58s | eta 3m 59s | process workers | seats 2 | tracked 15 | cur 1 hist 0 boot 0 teach 0 base 1 heur 0 | avg reward 0.000 
PPO linea    [#########-------------------]  33.1% 13245/40000 |  112.1/s | elapsed 1m 58s | eta 3m 59s | process workers | seats 4 | tracked 15 | cur 1 hist 2 boot 0 teach 0 base 1 heur 0 | avg reward 0.000 
PPO linea    [#########-------------------]  33.2% 13267/40000 |  112.1/s | elapsed 1m 58s | eta 3m 58s | process workers | seats 8 | tracked 15 | cur 1 hist 0 boot 4 teach 3 base 0 heur 0 | avg reward 0.000 
PPO linea    [#########-------------------]  33.2% 13289/40000 |  112.1/s | elapsed 1m 59s | eta 3m 58s | process workers | seats 4 | tracked 15 | cur 1 hist 0 boot 1 teach 2 base 0 heur 0 | avg reward 0.000 
PPO linea    [#########-------------------]  33.3% 13311/40000 |  112.1/s | elapsed 1m 59s | eta 3m 58s | process workers | seats 8 | tracked 15 | cur 1 hist 3 boot 1 teach 2 base 1 heur 0 | avg reward 0.000 
PPO linea    [#########-------------------]  33.3% 13333/40000 |  112.1/s | elapsed 1m 59s | eta 3m 58s | process workers | seats 6 | tracked 15 | cur 1 hist 0 boot 0 teach 3 base 2 heur 0 | avg reward 0.000 
PPO linea    [#########-------------------]  33.4% 13355/40000 |  112.2/s | elapsed 1m 59s | eta 3m 58s | process workers | seats 6 | tracked 15 | cur 1 hist 3 boot 0 teach 2 base 0 heur 0 | avg reward 0.000 
PPO linea    [#########-------------------]  33.4% 13377/40000 |  112.2/s | elapsed 1m 59s | eta 3m 57s | process workers | seats 6 | tracked 15 | cur 1 hist 0 boot 2 teach 2 base 0 heur 1 | avg reward 0.000 
PPO linea    [#########-------------------]  33.5% 13399/40000 |  112.2/s | elapsed 1m 59s | eta 3m 57s | process workers | seats 6 | tracked 15 | cur 1 hist 0 boot 1 teach 2 base 1 heur 1 | avg reward 0.000 
PPO linea    [#########-------------------]  33.6% 13421/40000 |  112.1/s | elapsed 2m 0s | eta 3m 57s | process workers | seats 10 | tracked 15 | cur 1 hist 2 boot 1 teach 5 base 1 heur 0 | avg reward 0.000 
PPO linea    [#########-------------------]  33.6% 13443/40000 |  112.1/s | elapsed 2m 0s | eta 3m 57s | process workers | seats 10 | tracked 15 | cur 1 hist 5 boot 3 teach 0 base 1 heur 0 | avg reward 0.000 
PPO linea    [#########-------------------]  33.7% 13465/40000 |  112.1/s | elapsed 2m 0s | eta 3m 57s | process workers | seats 10 | tracked 30 | cur 2 hist 2 boot 2 teach 3 base 0 heur 1 | avg reward 0.000 
PPO linea    [#########-------------------]  33.7% 13487/40000 |  112.1/s | elapsed 2m 0s | eta 3m 56s | process workers | seats 8 | tracked 15 | cur 1 hist 3 boot 1 teach 2 base 0 heur 1 | avg reward 0.000  
PPO linea    [#########-------------------]  33.8% 13509/40000 |  112.1/s | elapsed 2m 0s | eta 3m 56s | process workers | seats 8 | tracked 15 | cur 1 hist 2 boot 3 teach 2 base 0 heur 0 | avg reward 0.000  
PPO linea    [#########-------------------]  33.8% 13531/40000 |  112.1/s | elapsed 2m 1s | eta 3m 56s | process workers | seats 10 | tracked 30 | cur 2 hist 4 boot 0 teach 4 base 0 heur 0 | avg reward 0.000 
PPO linea    [#########-------------------]  33.9% 13553/40000 |  112.2/s | elapsed 2m 1s | eta 3m 56s | process workers | seats 6 | tracked 15 | cur 1 hist 3 boot 0 teach 1 base 1 heur 0 | avg reward 0.000  
PPO linea    [#########-------------------]  33.9% 13575/40000 |  112.2/s | elapsed 2m 1s | eta 3m 56s | process workers | seats 4 | tracked 15 | cur 1 hist 1 boot 1 teach 1 base 0 heur 0 | avg reward 0.000  
PPO linea    [#########-------------------]  34.0% 13597/40000 |  112.2/s | elapsed 2m 1s | eta 3m 55s | process workers | seats 10 | tracked 15 | cur 1 hist 3 boot 2 teach 3 base 1 heur 0 | avg reward 0.000 
PPO linea    [#########-------------------]  34.0% 13619/40000 |  112.2/s | elapsed 2m 1s | eta 3m 55s | process workers | seats 8 | tracked 30 | cur 2 hist 2 boot 1 teach 2 base 0 heur 1 | avg reward 0.000  
PPO linea    [#########-------------------]  34.1% 13641/40000 |  112.2/s | elapsed 2m 2s | eta 3m 55s | process workers | seats 8 | tracked 30 | cur 2 hist 4 boot 2 teach 0 base 0 heur 0 | avg reward 0.000  
PPO linea    [#########-------------------]  34.2% 13663/40000 |  112.2/s | elapsed 2m 2s | eta 3m 55s | process workers | seats 6 | tracked 15 | cur 1 hist 1 boot 1 teach 3 base 0 heur 0 | avg reward 0.000  
PPO linea    [#########-------------------]  34.2% 13685/40000 |  112.1/s | elapsed 2m 2s | eta 3m 55s | process workers | seats 4 | tracked 15 | cur 1 hist 0 boot 0 teach 1 base 1 heur 1 | avg reward 0.000  
PPO linea    [#########-------------------]  34.3% 13707/40000 |  112.1/s | elapsed 2m 2s | eta 3m 54s | process workers | seats 6 | tracked 15 | cur 1 hist 2 boot 2 teach 1 base 0 heur 0 | avg reward 0.000  
PPO linea    [#########-------------------]  34.3% 13729/40000 |  112.2/s | elapsed 2m 2s | eta 3m 54s | process workers | seats 10 | tracked 15 | cur 1 hist 2 boot 1 teach 4 base 2 heur 0 | avg reward 0.000 
PPO linea    [#########-------------------]  34.4% 13751/40000 |  112.2/s | elapsed 2m 3s | eta 3m 54s | process workers | seats 4 | tracked 15 | cur 1 hist 1 boot 0 teach 2 base 0 heur 0 | avg reward 0.000  
PPO linea    [#########-------------------]  34.4% 13773/40000 |  112.2/s | elapsed 2m 3s | eta 3m 54s | process workers | seats 10 | tracked 15 | cur 1 hist 2 boot 2 teach 3 base 2 heur 0 | avg reward 0.000 
PPO linea    [#########-------------------]  34.5% 13795/40000 |  112.2/s | elapsed 2m 3s | eta 3m 54s | process workers | seats 4 | tracked 15 | cur 1 hist 0 boot 1 teach 1 base 1 heur 0 | avg reward 0.000  
PPO linea    [#########-------------------]  34.5% 13817/40000 |  112.1/s | elapsed 2m 3s | eta 3m 53s | process workers | seats 2 | tracked 15 | cur 1 hist 0 boot 0 teach 1 base 0 heur 0 | avg reward 0.000  
PPO linea    [#########-------------------]  34.6% 13839/40000 |  112.2/s | elapsed 2m 3s | eta 3m 53s | process workers | seats 4 | tracked 15 | cur 1 hist 0 boot 0 teach 2 base 0 heur 1 | avg reward 0.000  
PPO linea    [#########-------------------]  34.7% 13861/40000 |  112.2/s | elapsed 2m 4s | eta 3m 53s | process workers | seats 6 | tracked 15 | cur 1 hist 1 boot 1 teach 3 base 0 heur 0 | avg reward 0.000  
PPO linea    [#########-------------------]  34.7% 13883/40000 |  112.2/s | elapsed 2m 4s | eta 3m 53s | process workers | seats 2 | tracked 15 | cur 1 hist 1 boot 0 teach 0 base 0 heur 0 | avg reward 0.000  
PPO linea    [#########-------------------]  34.8% 13905/40000 |  112.2/s | elapsed 2m 4s | eta 3m 53s | process workers | seats 4 | tracked 15 | cur 1 hist 2 boot 0 teach 1 base 0 heur 0 | avg reward 0.000  
PPO linea    [#########-------------------]  34.8% 13927/40000 |  112.1/s | elapsed 2m 4s | eta 3m 52s | process workers | seats 10 | tracked 15 | cur 1 hist 1 boot 1 teach 5 base 2 heur 0 | avg reward 0.000 
PPO linea    [#########-------------------]  34.9% 13949/40000 |  112.1/s | elapsed 2m 4s | eta 3m 52s | process workers | seats 8 | tracked 30 | cur 2 hist 3 boot 1 teach 2 base 0 heur 0 | avg reward 0.000  
PPO linea    [#########-------------------]  34.9% 13971/40000 |  112.1/s | elapsed 2m 5s | eta 3m 52s | process workers | seats 6 | tracked 15 | cur 1 hist 3 boot 0 teach 1 base 0 heur 1 | avg reward 0.000  
PPO linea    [#########-------------------]  35.0% 13993/40000 |  112.2/s | elapsed 2m 5s | eta 3m 52s | process workers | seats 8 | tracked 30 | cur 2 hist 2 boot 1 teach 3 base 0 heur 0 | avg reward 0.000  
PPO linea    [#########-------------------]  35.0% 14015/40000 |  112.2/s | elapsed 2m 5s | eta 3m 52s | process workers | seats 10 | tracked 30 | cur 2 hist 0 boot 1 teach 4 base 3 heur 0 | avg reward 0.000 
PPO linea    [#########-------------------]  35.1% 14037/40000 |  112.2/s | elapsed 2m 5s | eta 3m 51s | process workers | seats 6 | tracked 15 | cur 1 hist 3 boot 1 teach 0 base 1 heur 0 | avg reward 0.000  
PPO linea    [#########-------------------]  35.1% 14059/40000 |  112.2/s | elapsed 2m 5s | eta 3m 51s | process workers | seats 8 | tracked 30 | cur 2 hist 2 boot 2 teach 1 base 0 heur 1 | avg reward 0.000  
PPO linea    [#########-------------------]  35.2% 14081/40000 |  112.2/s | elapsed 2m 5s | eta 3m 51s | process workers | seats 6 | tracked 15 | cur 1 hist 2 boot 2 teach 0 base 1 heur 0 | avg reward 0.000  
PPO linea    [#########-------------------]  35.3% 14103/40000 |  112.2/s | elapsed 2m 6s | eta 3m 51s | process workers | seats 10 | tracked 30 | cur 2 hist 2 boot 3 teach 3 base 0 heur 0 | avg reward 0.000 
PPO linea    [#########-------------------]  35.3% 14125/40000 |  112.2/s | elapsed 2m 6s | eta 3m 51s | process workers | seats 8 | tracked 15 | cur 1 hist 1 boot 0 teach 5 base 1 heur 0 | avg reward 0.000  
PPO linea    [#########-------------------]  35.4% 14147/40000 |  112.2/s | elapsed 2m 6s | eta 3m 50s | process workers | seats 10 | tracked 30 | cur 2 hist 0 boot 2 teach 1 base 2 heur 3 | avg reward 0.000 
PPO linea    [#########-------------------]  35.4% 14169/40000 |  112.2/s | elapsed 2m 6s | eta 3m 50s | process workers | seats 2 | tracked 15 | cur 1 hist 0 boot 0 teach 1 base 0 heur 0 | avg reward 0.000  
PPO linea    [#########-------------------]  35.5% 14191/40000 |  112.2/s | elapsed 2m 6s | eta 3m 50s | process workers | seats 6 | tracked 15 | cur 1 hist 2 boot 1 teach 0 base 2 heur 0 | avg reward 0.000  
PPO linea    [#########-------------------]  35.5% 14213/40000 |  112.2/s | elapsed 2m 7s | eta 3m 50s | process workers | seats 8 | tracked 15 | cur 1 hist 2 boot 0 teach 2 base 2 heur 1 | avg reward 0.000  
PPO linea    [#########-------------------]  35.6% 14235/40000 |  112.2/s | elapsed 2m 7s | eta 3m 50s | process workers | seats 4 | tracked 15 | cur 1 hist 0 boot 1 teach 0 base 2 heur 0 | avg reward 0.000  
PPO linea    [#########-------------------]  35.6% 14257/40000 |  112.3/s | elapsed 2m 7s | eta 3m 49s | process workers | seats 2 | tracked 15 | cur 1 hist 1 boot 0 teach 0 base 0 heur 0 | avg reward 0.000  
PPO linea    [#########-------------------]  35.7% 14279/40000 |  112.2/s | elapsed 2m 7s | eta 3m 49s | process workers | seats 10 | tracked 15 | cur 1 hist 3 boot 2 teach 3 base 0 heur 1 | avg reward 0.000 
PPO linea    [##########------------------]  35.8% 14301/40000 |  112.2/s | elapsed 2m 7s | eta 3m 49s | process workers | seats 2 | tracked 15 | cur 1 hist 0 boot 0 teach 0 base 1 heur 0 | avg reward 0.000  
PPO linea    [##########------------------]  35.8% 14323/40000 |  112.2/s | elapsed 2m 8s | eta 3m 49s | process workers | seats 8 | tracked 15 | cur 1 hist 3 boot 0 teach 3 base 0 heur 1 | avg reward 0.000  
PPO linea    [##########------------------]  35.9% 14345/40000 |  112.3/s | elapsed 2m 8s | eta 3m 49s | process workers | seats 8 | tracked 15 | cur 1 hist 2 boot 0 teach 3 base 1 heur 1 | avg reward 0.000  
PPO linea    [##########------------------]  35.9% 14367/40000 |  112.3/s | elapsed 2m 8s | eta 3m 48s | process workers | seats 10 | tracked 15 | cur 1 hist 1 boot 2 teach 2 base 3 heur 1 | avg reward 0.000 
PPO linea    [##########------------------]  36.0% 14389/40000 |  112.3/s | elapsed 2m 8s | eta 3m 48s | process workers | seats 4 | tracked 15 | cur 1 hist 1 boot 0 teach 2 base 0 heur 0 | avg reward 0.000  
PPO linea    [##########------------------]  36.0% 14411/40000 |  112.3/s | elapsed 2m 8s | eta 3m 48s | process workers | seats 10 | tracked 15 | cur 1 hist 1 boot 1 teach 4 base 3 heur 0 | avg reward 0.000 
PPO linea    [##########------------------]  36.1% 14433/40000 |  112.3/s | elapsed 2m 9s | eta 3m 48s | process workers | seats 8 | tracked 30 | cur 2 hist 1 boot 3 teach 1 base 1 heur 0 | avg reward 0.000  
PPO linea    [##########------------------]  36.1% 14455/40000 |  112.2/s | elapsed 2m 9s | eta 3m 48s | process workers | seats 10 | tracked 30 | cur 2 hist 2 boot 4 teach 1 base 1 heur 0 | avg reward 0.000 
PPO linea    [##########------------------]  36.2% 14477/40000 |  112.2/s | elapsed 2m 9s | eta 3m 47s | process workers | seats 2 | tracked 15 | cur 1 hist 1 boot 0 teach 0 base 0 heur 0 | avg reward 0.000  
PPO linea    [##########------------------]  36.2% 14499/40000 |  112.2/s | elapsed 2m 9s | eta 3m 47s | process workers | seats 10 | tracked 15 | cur 1 hist 5 boot 0 teach 3 base 0 heur 1 | avg reward 0.000 
PPO linea    [##########------------------]  36.3% 14521/40000 |  112.3/s | elapsed 2m 9s | eta 3m 47s | process workers | seats 4 | tracked 15 | cur 1 hist 1 boot 0 teach 1 base 1 heur 0 | avg reward 0.000  
PPO linea    [##########------------------]  36.4% 14543/40000 |  112.3/s | elapsed 2m 10s | eta 3m 47s | process workers | seats 4 | tracked 15 | cur 1 hist 1 boot 0 teach 2 base 0 heur 0 | avg reward 0.000 
PPO linea    [##########------------------]  36.4% 14565/40000 |  112.3/s | elapsed 2m 10s | eta 3m 47s | process workers | seats 10 | tracked 15 | cur 1 hist 2 boot 0 teach 6 base 1 heur 0 | avg reward 0.000
PPO linea    [##########------------------]  36.5% 14587/40000 |  112.3/s | elapsed 2m 10s | eta 3m 46s | process workers | seats 10 | tracked 30 | cur 2 hist 4 boot 1 teach 3 base 0 heur 0 | avg reward 0.000
PPO linea    [##########------------------]  36.5% 14609/40000 |  112.3/s | elapsed 2m 10s | eta 3m 46s | process workers | seats 4 | tracked 15 | cur 1 hist 0 boot 1 teach 1 base 0 heur 1 | avg reward 0.000 
PPO linea    [##########------------------]  36.6% 14631/40000 |  112.3/s | elapsed 2m 10s | eta 3m 46s | process workers | seats 4 | tracked 15 | cur 1 hist 0 boot 1 teach 1 base 0 heur 1 | avg reward 0.000 
PPO linea    [##########------------------]  36.6% 14653/40000 |  112.3/s | elapsed 2m 10s | eta 3m 46s | process workers | seats 8 | tracked 15 | cur 1 hist 2 boot 1 teach 2 base 2 heur 0 | avg reward 0.000 
PPO linea    [##########------------------]  36.7% 14675/40000 |  112.3/s | elapsed 2m 11s | eta 3m 46s | process workers | seats 4 | tracked 15 | cur 1 hist 0 boot 1 teach 1 base 0 heur 1 | avg reward 0.000 
PPO linea    [##########------------------]  36.7% 14697/40000 |  112.3/s | elapsed 2m 11s | eta 3m 45s | process workers | seats 4 | tracked 15 | cur 1 hist 1 boot 1 teach 1 base 0 heur 0 | avg reward 0.000 
PPO linea    [##########------------------]  36.8% 14719/40000 |  112.3/s | elapsed 2m 11s | eta 3m 45s | process workers | seats 6 | tracked 15 | cur 1 hist 2 boot 1 teach 1 base 1 heur 0 | avg reward 0.000 
PPO linea    [##########------------------]  36.9% 14741/40000 |  112.3/s | elapsed 2m 11s | eta 3m 45s | process workers | seats 10 | tracked 30 | cur 2 hist 3 boot 1 teach 3 base 1 heur 0 | avg reward 0.000
PPO linea    [##########------------------]  36.9% 14763/40000 |  112.3/s | elapsed 2m 11s | eta 3m 45s | process workers | seats 2 | tracked 15 | cur 1 hist 0 boot 0 teach 1 base 0 heur 0 | avg reward 0.000 
PPO linea    [##########------------------]  37.0% 14785/40000 |  112.3/s | elapsed 2m 12s | eta 3m 45s | process workers | seats 8 | tracked 30 | cur 2 hist 2 boot 0 teach 1 base 2 heur 1 | avg reward 0.000 
PPO linea    [##########------------------]  37.0% 14807/40000 |  112.3/s | elapsed 2m 12s | eta 3m 44s | process workers | seats 4 | tracked 15 | cur 1 hist 1 boot 1 teach 1 base 0 heur 0 | avg reward 0.000 
PPO linea    [##########------------------]  37.1% 14829/40000 |  112.3/s | elapsed 2m 12s | eta 3m 44s | process workers | seats 6 | tracked 15 | cur 1 hist 1 boot 1 teach 1 base 2 heur 0 | avg reward 0.000 
PPO linea    [##########------------------]  37.1% 14851/40000 |  112.3/s | elapsed 2m 12s | eta 3m 44s | process workers | seats 4 | tracked 15 | cur 1 hist 1 boot 0 teach 0 base 2 heur 0 | avg reward 0.000 
PPO linea    [##########------------------]  37.2% 14873/40000 |  112.3/s | elapsed 2m 12s | eta 3m 44s | process workers | seats 8 | tracked 30 | cur 2 hist 3 boot 1 teach 1 base 1 heur 0 | avg reward 0.000 
PPO linea    [##########------------------]  37.2% 14895/40000 |  112.4/s | elapsed 2m 13s | eta 3m 43s | process workers | seats 10 | tracked 15 | cur 1 hist 2 boot 2 teach 3 base 1 heur 1 | avg reward 0.000
PPO linea    [##########------------------]  37.3% 14917/40000 |  112.4/s | elapsed 2m 13s | eta 3m 43s | process workers | seats 8 | tracked 15 | cur 1 hist 1 boot 1 teach 1 base 4 heur 0 | avg reward 0.000 
PPO linea    [##########------------------]  37.3% 14939/40000 |  112.4/s | elapsed 2m 13s | eta 3m 43s | process workers | seats 4 | tracked 15 | cur 1 hist 0 boot 1 teach 1 base 1 heur 0 | avg reward 0.000 
PPO linea    [##########------------------]  37.4% 14961/40000 |  112.4/s | elapsed 2m 13s | eta 3m 43s | process workers | seats 10 | tracked 15 | cur 1 hist 1 boot 2 teach 4 base 1 heur 1 | avg reward 0.000
PPO linea    [##########------------------]  37.5% 14983/40000 |  112.4/s | elapsed 2m 13s | eta 3m 43s | process workers | seats 10 | tracked 30 | cur 2 hist 3 boot 2 teach 3 base 0 heur 0 | avg reward 0.000
PPO linea    [##########------------------]  37.5% 15005/40000 |  112.3/s | elapsed 2m 14s | eta 3m 43s | process workers | seats 10 | tracked 15 | cur 1 hist 4 boot 0 teach 4 base 0 heur 1 | avg reward 0.000
PPO linea    [##########------------------]  37.6% 15027/40000 |  112.3/s | elapsed 2m 14s | eta 3m 42s | process workers | seats 10 | tracked 15 | cur 1 hist 2 boot 0 teach 7 base 0 heur 0 | avg reward 0.000
PPO linea    [##########------------------]  37.6% 15049/40000 |  112.4/s | elapsed 2m 14s | eta 3m 42s | process workers | seats 4 | tracked 15 | cur 1 hist 0 boot 1 teach 1 base 1 heur 0 | avg reward 0.000 
PPO linea    [##########------------------]  37.7% 15071/40000 |  112.4/s | elapsed 2m 14s | eta 3m 42s | process workers | seats 6 | tracked 15 | cur 1 hist 2 boot 1 teach 2 base 0 heur 0 | avg reward 0.000 
PPO linea    [##########------------------]  37.7% 15093/40000 |  112.4/s | elapsed 2m 14s | eta 3m 42s | process workers | seats 10 | tracked 15 | cur 1 hist 2 boot 3 teach 4 base 0 heur 0 | avg reward 0.000
PPO linea    [##########------------------]  37.8% 15115/40000 |  112.4/s | elapsed 2m 14s | eta 3m 41s | process workers | seats 4 | tracked 15 | cur 1 hist 1 boot 0 teach 2 base 0 heur 0 | avg reward 0.000 
PPO linea    [##########------------------]  37.8% 15137/40000 |  112.4/s | elapsed 2m 15s | eta 3m 41s | process workers | seats 8 | tracked 15 | cur 1 hist 1 boot 2 teach 3 base 1 heur 0 | avg reward 0.000 
PPO linea    [##########------------------]  37.9% 15159/40000 |  112.4/s | elapsed 2m 15s | eta 3m 41s | process workers | seats 4 | tracked 15 | cur 1 hist 1 boot 0 teach 1 base 1 heur 0 | avg reward 0.000 
PPO linea    [##########------------------]  38.0% 15181/40000 |  112.4/s | elapsed 2m 15s | eta 3m 41s | process workers | seats 4 | tracked 15 | cur 1 hist 0 boot 1 teach 2 base 0 heur 0 | avg reward 0.000 
PPO linea    [##########------------------]  38.0% 15203/40000 |  112.4/s | elapsed 2m 15s | eta 3m 41s | process workers | seats 8 | tracked 30 | cur 2 hist 2 boot 1 teach 3 base 0 heur 0 | avg reward 0.000 
PPO linea    [##########------------------]  38.1% 15225/40000 |  112.4/s | elapsed 2m 15s | eta 3m 40s | process workers | seats 4 | tracked 15 | cur 1 hist 0 boot 0 teach 1 base 2 heur 0 | avg reward 0.000 
PPO linea    [##########------------------]  38.1% 15247/40000 |  112.4/s | elapsed 2m 16s | eta 3m 40s | process workers | seats 8 | tracked 15 | cur 1 hist 0 boot 1 teach 6 base 0 heur 0 | avg reward 0.000 
PPO linea    [##########------------------]  38.2% 15269/40000 |  112.4/s | elapsed 2m 16s | eta 3m 40s | process workers | seats 8 | tracked 15 | cur 1 hist 2 boot 0 teach 2 base 3 heur 0 | avg reward 0.000 
PPO linea    [##########------------------]  38.2% 15291/40000 |  112.4/s | elapsed 2m 16s | eta 3m 40s | process workers | seats 8 | tracked 15 | cur 1 hist 2 boot 0 teach 2 base 2 heur 1 | avg reward 0.000 
PPO linea    [##########------------------]  38.3% 15313/40000 |  112.4/s | elapsed 2m 16s | eta 3m 40s | process workers | seats 2 | tracked 15 | cur 1 hist 0 boot 0 teach 1 base 0 heur 0 | avg reward 0.000 
PPO linea    [##########------------------]  38.3% 15335/40000 |  112.4/s | elapsed 2m 16s | eta 3m 39s | process workers | seats 10 | tracked 15 | cur 1 hist 3 boot 0 teach 2 base 2 heur 2 | avg reward 0.000
PPO linea    [##########------------------]  38.4% 15357/40000 |  112.4/s | elapsed 2m 17s | eta 3m 39s | process workers | seats 10 | tracked 15 | cur 1 hist 4 boot 2 teach 3 base 0 heur 0 | avg reward 0.000
PPO linea    [##########------------------]  38.4% 15379/40000 |  112.4/s | elapsed 2m 17s | eta 3m 39s | process workers | seats 10 | tracked 15 | cur 1 hist 2 boot 2 teach 5 base 0 heur 0 | avg reward 0.000
PPO linea    [##########------------------]  38.5% 15401/40000 |  112.4/s | elapsed 2m 17s | eta 3m 39s | process workers | seats 6 | tracked 15 | cur 1 hist 1 boot 0 teach 4 base 0 heur 0 | avg reward 0.000 
PPO linea    [##########------------------]  38.6% 15423/40000 |  112.4/s | elapsed 2m 17s | eta 3m 39s | process workers | seats 4 | tracked 15 | cur 1 hist 2 boot 1 teach 0 base 0 heur 0 | avg reward 0.000 
PPO linea    [##########------------------]  38.6% 15445/40000 |  112.4/s | elapsed 2m 17s | eta 3m 39s | process workers | seats 8 | tracked 15 | cur 1 hist 2 boot 3 teach 1 base 1 heur 0 | avg reward 0.000 
PPO linea    [##########------------------]  38.7% 15467/40000 |  112.4/s | elapsed 2m 18s | eta 3m 38s | process workers | seats 6 | tracked 15 | cur 1 hist 1 boot 0 teach 2 base 2 heur 0 | avg reward 0.000 
PPO linea    [##########------------------]  38.7% 15489/40000 |  112.4/s | elapsed 2m 18s | eta 3m 38s | process workers | seats 10 | tracked 15 | cur 1 hist 0 boot 4 teach 3 base 1 heur 1 | avg reward 0.000
PPO linea    [##########------------------]  38.8% 15511/40000 |  112.4/s | elapsed 2m 18s | eta 3m 38s | process workers | seats 2 | tracked 15 | cur 1 hist 0 boot 0 teach 1 base 0 heur 0 | avg reward 0.000 
PPO linea    [##########------------------]  38.8% 15533/40000 |  112.4/s | elapsed 2m 18s | eta 3m 38s | process workers | seats 6 | tracked 15 | cur 1 hist 1 boot 1 teach 1 base 2 heur 0 | avg reward 0.000 
PPO linea    [##########------------------]  38.9% 15555/40000 |  112.4/s | elapsed 2m 18s | eta 3m 38s | process workers | seats 6 | tracked 15 | cur 1 hist 3 boot 0 teach 1 base 1 heur 0 | avg reward 0.000 
PPO linea    [##########------------------]  38.9% 15577/40000 |  112.4/s | elapsed 2m 19s | eta 3m 37s | process workers | seats 10 | tracked 30 | cur 2 hist 5 boot 1 teach 2 base 0 heur 0 | avg reward 0.000
PPO linea    [##########------------------]  39.0% 15599/40000 |  112.4/s | elapsed 2m 19s | eta 3m 37s | process workers | seats 6 | tracked 15 | cur 1 hist 2 boot 0 teach 3 base 0 heur 0 | avg reward 0.000 
PPO linea    [##########------------------]  39.1% 15621/40000 |  112.4/s | elapsed 2m 19s | eta 3m 37s | process workers | seats 8 | tracked 30 | cur 2 hist 1 boot 0 teach 3 base 2 heur 0 | avg reward 0.000 
PPO linea    [##########------------------]  39.1% 15643/40000 |  112.4/s | elapsed 2m 19s | eta 3m 37s | process workers | seats 8 | tracked 30 | cur 2 hist 1 boot 3 teach 2 base 0 heur 0 | avg reward 0.000 
PPO linea    [##########------------------]  39.2% 15665/40000 |  112.4/s | elapsed 2m 19s | eta 3m 37s | process workers | seats 8 | tracked 15 | cur 1 hist 2 boot 1 teach 2 base 2 heur 0 | avg reward 0.000 
PPO linea    [##########------------------]  39.2% 15687/40000 |  112.4/s | elapsed 2m 20s | eta 3m 36s | process workers | seats 6 | tracked 15 | cur 1 hist 1 boot 0 teach 4 base 0 heur 0 | avg reward 0.000 
PPO linea    [##########------------------]  39.3% 15709/40000 |  112.4/s | elapsed 2m 20s | eta 3m 36s | process workers | seats 10 | tracked 15 | cur 1 hist 4 boot 1 teach 3 base 1 heur 0 | avg reward 0.000
PPO linea    [###########-----------------]  39.3% 15731/40000 |  112.4/s | elapsed 2m 20s | eta 3m 36s | process workers | seats 10 | tracked 30 | cur 2 hist 3 boot 1 teach 2 base 1 heur 1 | avg reward 0.000
PPO linea    [###########-----------------]  39.4% 15753/40000 |  112.4/s | elapsed 2m 20s | eta 3m 36s | process workers | seats 10 | tracked 30 | cur 2 hist 2 boot 1 teach 2 base 1 heur 2 | avg reward 0.000
PPO linea    [###########-----------------]  39.4% 15775/40000 |  112.4/s | elapsed 2m 20s | eta 3m 36s | process workers | seats 10 | tracked 15 | cur 1 hist 2 boot 3 teach 2 base 1 heur 1 | avg reward 0.000
PPO linea    [###########-----------------]  39.5% 15797/40000 |  112.4/s | elapsed 2m 21s | eta 3m 35s | process workers | seats 2 | tracked 15 | cur 1 hist 1 boot 0 teach 0 base 0 heur 0 | avg reward 0.000 
PPO linea    [###########-----------------]  39.5% 15819/40000 |  112.4/s | elapsed 2m 21s | eta 3m 35s | process workers | seats 4 | tracked 15 | cur 1 hist 1 boot 0 teach 1 base 0 heur 1 | avg reward 0.000 
PPO linea    [###########-----------------]  39.6% 15841/40000 |  112.4/s | elapsed 2m 21s | eta 3m 35s | process workers | seats 4 | tracked 15 | cur 1 hist 0 boot 0 teach 2 base 1 heur 0 | avg reward 0.000 
PPO linea    [###########-----------------]  39.7% 15863/40000 |  112.4/s | elapsed 2m 21s | eta 3m 35s | process workers | seats 8 | tracked 30 | cur 2 hist 1 boot 0 teach 4 base 1 heur 0 | avg reward 0.000 
PPO linea    [###########-----------------]  39.7% 15885/40000 |  112.4/s | elapsed 2m 21s | eta 3m 35s | process workers | seats 10 | tracked 30 | cur 2 hist 1 boot 1 teach 4 base 2 heur 0 | avg reward 0.000
PPO linea    [###########-----------------]  39.8% 15907/40000 |  112.4/s | elapsed 2m 21s | eta 3m 34s | process workers | seats 6 | tracked 15 | cur 1 hist 1 boot 2 teach 2 base 0 heur 0 | avg reward 0.000 
PPO linea    [###########-----------------]  39.8% 15929/40000 |  112.4/s | elapsed 2m 22s | eta 3m 34s | process workers | seats 4 | tracked 15 | cur 1 hist 1 boot 1 teach 1 base 0 heur 0 | avg reward 0.000 
PPO linea    [###########-----------------]  39.9% 15951/40000 |  112.4/s | elapsed 2m 22s | eta 3m 34s | process workers | seats 10 | tracked 30 | cur 2 hist 2 boot 3 teach 1 base 1 heur 1 | avg reward 0.000
PPO linea    [###########-----------------]  39.9% 15973/40000 |  112.4/s | elapsed 2m 22s | eta 3m 34s | process workers | seats 6 | tracked 15 | cur 1 hist 1 boot 0 teach 2 base 2 heur 0 | avg reward 0.000 
PPO linea    [###########-----------------]  40.0% 15995/40000 |  112.4/s | elapsed 2m 22s | eta 3m 34s | process workers | seats 4 | tracked 15 | cur 1 hist 1 boot 0 teach 2 base 0 heur 0 | avg reward 0.000 
PPO linea    [###########-----------------]  40.0% 16017/40000 |  112.4/s | elapsed 2m 22s | eta 3m 33s | process workers | seats 2 | tracked 15 | cur 1 hist 0 boot 0 teach 1 base 0 heur 0 | avg reward 0.000 
PPO linea    [###########-----------------]  40.1% 16039/40000 |  112.5/s | elapsed 2m 23s | eta 3m 33s | process workers | seats 4 | tracked 15 | cur 1 hist 0 boot 0 teach 2 base 1 heur 0 | avg reward 0.000 
PPO linea    [###########-----------------]  40.2% 16061/40000 |  112.5/s | elapsed 2m 23s | eta 3m 33s | process workers | seats 6 | tracked 15 | cur 1 hist 0 boot 0 teach 2 base 2 heur 1 | avg reward 0.000 
PPO linea    [###########-----------------]  40.2% 16083/40000 |  112.5/s | elapsed 2m 23s | eta 3m 33s | process workers | seats 8 | tracked 30 | cur 2 hist 0 boot 1 teach 3 base 1 heur 1 | avg reward 0.000 
PPO linea    [###########-----------------]  40.3% 16105/40000 |  112.5/s | elapsed 2m 23s | eta 3m 32s | process workers | seats 10 | tracked 15 | cur 1 hist 3 boot 1 teach 2 base 2 heur 1 | avg reward 0.000
PPO linea    [###########-----------------]  40.3% 16127/40000 |  112.5/s | elapsed 2m 23s | eta 3m 32s | process workers | seats 10 | tracked 15 | cur 1 hist 1 boot 2 teach 4 base 2 heur 0 | avg reward 0.000
PPO linea    [###########-----------------]  40.4% 16149/40000 |  112.5/s | elapsed 2m 24s | eta 3m 32s | process workers | seats 10 | tracked 15 | cur 1 hist 3 boot 3 teach 2 base 1 heur 0 | avg reward 0.000
PPO linea    [###########-----------------]  40.4% 16171/40000 |  112.5/s | elapsed 2m 24s | eta 3m 32s | process workers | seats 4 | tracked 15 | cur 1 hist 1 boot 0 teach 1 base 1 heur 0 | avg reward 0.000 
PPO linea    [###########-----------------]  40.5% 16193/40000 |  112.5/s | elapsed 2m 24s | eta 3m 32s | process workers | seats 8 | tracked 15 | cur 1 hist 2 boot 1 teach 2 base 0 heur 2 | avg reward 0.000 
PPO linea    [###########-----------------]  40.5% 16215/40000 |  112.5/s | elapsed 2m 24s | eta 3m 31s | process workers | seats 6 | tracked 15 | cur 1 hist 3 boot 0 teach 1 base 1 heur 0 | avg reward 0.000 
PPO linea    [###########-----------------]  40.6% 16237/40000 |  112.5/s | elapsed 2m 24s | eta 3m 31s | process workers | seats 4 | tracked 15 | cur 1 hist 0 boot 0 teach 2 base 0 heur 1 | avg reward 0.000 
PPO linea    [###########-----------------]  40.6% 16259/40000 |  112.5/s | elapsed 2m 24s | eta 3m 31s | process workers | seats 8 | tracked 30 | cur 2 hist 2 boot 2 teach 2 base 0 heur 0 | avg reward 0.000 
PPO linea    [###########-----------------]  40.7% 16281/40000 |  112.5/s | elapsed 2m 25s | eta 3m 31s | process workers | seats 6 | tracked 15 | cur 1 hist 3 boot 0 teach 2 base 0 heur 0 | avg reward 0.000 
PPO linea    [###########-----------------]  40.8% 16303/40000 |  112.5/s | elapsed 2m 25s | eta 3m 31s | process workers | seats 4 | tracked 15 | cur 1 hist 2 boot 0 teach 0 base 0 heur 1 | avg reward 0.000 
PPO linea    [###########-----------------]  40.8% 16325/40000 |  112.5/s | elapsed 2m 25s | eta 3m 30s | process workers | seats 6 | tracked 15 | cur 1 hist 1 boot 4 teach 0 base 0 heur 0 | avg reward 0.000 
PPO linea    [###########-----------------]  40.9% 16347/40000 |  112.5/s | elapsed 2m 25s | eta 3m 30s | process workers | seats 4 | tracked 15 | cur 1 hist 0 boot 2 teach 0 base 1 heur 0 | avg reward 0.000 
PPO linea    [###########-----------------]  40.9% 16369/40000 |  112.5/s | elapsed 2m 25s | eta 3m 30s | process workers | seats 10 | tracked 30 | cur 2 hist 0 boot 3 teach 3 base 0 heur 2 | avg reward 0.000
PPO linea    [###########-----------------]  41.0% 16391/40000 |  112.5/s | elapsed 2m 26s | eta 3m 30s | process workers | seats 4 | tracked 15 | cur 1 hist 1 boot 1 teach 1 base 0 heur 0 | avg reward 0.000 
PPO linea    [###########-----------------]  41.0% 16413/40000 |  112.5/s | elapsed 2m 26s | eta 3m 30s | process workers | seats 10 | tracked 30 | cur 2 hist 3 boot 2 teach 1 base 2 heur 0 | avg reward 0.000
PPO linea    [###########-----------------]  41.1% 16435/40000 |  112.5/s | elapsed 2m 26s | eta 3m 29s | process workers | seats 8 | tracked 30 | cur 2 hist 2 boot 1 teach 2 base 0 heur 1 | avg reward 0.000 
PPO linea    [###########-----------------]  41.1% 16457/40000 |  112.5/s | elapsed 2m 26s | eta 3m 29s | process workers | seats 6 | tracked 15 | cur 1 hist 1 boot 1 teach 3 base 0 heur 0 | avg reward 0.000 
PPO linea    [###########-----------------]  41.2% 16479/40000 |  112.5/s | elapsed 2m 26s | eta 3m 29s | process workers | seats 10 | tracked 15 | cur 1 hist 2 boot 2 teach 3 base 2 heur 0 | avg reward 0.000
PPO linea    [###########-----------------]  41.3% 16501/40000 |  112.5/s | elapsed 2m 27s | eta 3m 29s | process workers | seats 8 | tracked 15 | cur 1 hist 1 boot 0 teach 3 base 3 heur 0 | avg reward 0.000 
PPO linea    [###########-----------------]  41.3% 16523/40000 |  112.5/s | elapsed 2m 27s | eta 3m 29s | process workers | seats 8 | tracked 15 | cur 1 hist 0 boot 1 teach 5 base 1 heur 0 | avg reward 0.000 
PPO linea    [###########-----------------]  41.4% 16545/40000 |  112.5/s | elapsed 2m 27s | eta 3m 28s | process workers | seats 6 | tracked 15 | cur 1 hist 2 boot 1 teach 2 base 0 heur 0 | avg reward 0.000 
PPO linea    [###########-----------------]  41.4% 16567/40000 |  112.5/s | elapsed 2m 27s | eta 3m 28s | process workers | seats 2 | tracked 15 | cur 1 hist 1 boot 0 teach 0 base 0 heur 0 | avg reward 0.000 
PPO linea    [###########-----------------]  41.5% 16589/40000 |  112.5/s | elapsed 2m 27s | eta 3m 28s | process workers | seats 8 | tracked 15 | cur 1 hist 2 boot 1 teach 4 base 0 heur 0 | avg reward 0.000 
PPO linea    [###########-----------------]  41.5% 16611/40000 |  112.5/s | elapsed 2m 28s | eta 3m 28s | process workers | seats 2 | tracked 15 | cur 1 hist 0 boot 1 teach 0 base 0 heur 0 | avg reward 0.000 
PPO linea    [###########-----------------]  41.6% 16633/40000 |  112.5/s | elapsed 2m 28s | eta 3m 28s | process workers | seats 4 | tracked 15 | cur 1 hist 0 boot 3 teach 0 base 0 heur 0 | avg reward 0.000 
PPO linea    [###########-----------------]  41.6% 16655/40000 |  112.5/s | elapsed 2m 28s | eta 3m 27s | process workers | seats 2 | tracked 15 | cur 1 hist 0 boot 0 teach 1 base 0 heur 0 | avg reward 0.000 
PPO linea    [###########-----------------]  41.7% 16677/40000 |  112.6/s | elapsed 2m 28s | eta 3m 27s | process workers | seats 4 | tracked 15 | cur 1 hist 0 boot 0 teach 3 base 0 heur 0 | avg reward 0.000 
PPO linea    [###########-----------------]  41.7% 16699/40000 |  112.6/s | elapsed 2m 28s | eta 3m 27s | process workers | seats 4 | tracked 15 | cur 1 hist 0 boot 1 teach 1 base 1 heur 0 | avg reward 0.000 
PPO linea    [###########-----------------]  41.8% 16721/40000 |  112.6/s | elapsed 2m 29s | eta 3m 27s | process workers | seats 10 | tracked 15 | cur 1 hist 4 boot 2 teach 3 base 0 heur 0 | avg reward 0.000
PPO linea    [###########-----------------]  41.9% 16743/40000 |  112.6/s | elapsed 2m 29s | eta 3m 27s | process workers | seats 4 | tracked 15 | cur 1 hist 0 boot 3 teach 0 base 0 heur 0 | avg reward 0.000 
PPO linea    [###########-----------------]  41.9% 16765/40000 |  112.6/s | elapsed 2m 29s | eta 3m 26s | process workers | seats 8 | tracked 15 | cur 1 hist 2 boot 1 teach 3 base 1 heur 0 | avg reward 0.000 
PPO linea    [###########-----------------]  42.0% 16787/40000 |  112.6/s | elapsed 2m 29s | eta 3m 26s | process workers | seats 4 | tracked 15 | cur 1 hist 0 boot 2 teach 1 base 0 heur 0 | avg reward 0.000 
PPO linea    [###########-----------------]  42.0% 16809/40000 |  112.6/s | elapsed 2m 29s | eta 3m 26s | process workers | seats 10 | tracked 15 | cur 1 hist 2 boot 2 teach 2 base 2 heur 1 | avg reward 0.000
PPO linea    [###########-----------------]  42.1% 16831/40000 |  112.6/s | elapsed 2m 29s | eta 3m 26s | process workers | seats 10 | tracked 30 | cur 2 hist 2 boot 1 teach 3 base 2 heur 0 | avg reward 0.000
PPO linea    [###########-----------------]  42.1% 16853/40000 |  112.6/s | elapsed 2m 30s | eta 3m 26s | process workers | seats 10 | tracked 15 | cur 1 hist 2 boot 1 teach 3 base 1 heur 2 | avg reward 0.000
PPO linea    [###########-----------------]  42.2% 16875/40000 |  112.6/s | elapsed 2m 30s | eta 3m 25s | process workers | seats 8 | tracked 15 | cur 1 hist 0 boot 2 teach 4 base 0 heur 1 | avg reward 0.000 
PPO linea    [###########-----------------]  42.2% 16897/40000 |  112.6/s | elapsed 2m 30s | eta 3m 25s | process workers | seats 10 | tracked 30 | cur 2 hist 1 boot 1 teach 3 base 3 heur 0 | avg reward 0.000
PPO linea    [###########-----------------]  42.3% 16919/40000 |  112.6/s | elapsed 2m 30s | eta 3m 25s | process workers | seats 4 | tracked 15 | cur 1 hist 0 boot 1 teach 2 base 0 heur 0 | avg reward 0.000 
PPO linea    [###########-----------------]  42.4% 16941/40000 |  112.6/s | elapsed 2m 30s | eta 3m 25s | process workers | seats 4 | tracked 15 | cur 1 hist 0 boot 1 teach 1 base 1 heur 0 | avg reward 0.000 
PPO linea    [###########-----------------]  42.4% 16963/40000 |  112.6/s | elapsed 2m 31s | eta 3m 25s | process workers | seats 8 | tracked 15 | cur 1 hist 4 boot 0 teach 3 base 0 heur 0 | avg reward 0.000 
PPO linea    [###########-----------------]  42.5% 16985/40000 |  112.6/s | elapsed 2m 31s | eta 3m 24s | process workers | seats 2 | tracked 15 | cur 1 hist 0 boot 0 teach 1 base 0 heur 0 | avg reward 0.000 
PPO linea    [###########-----------------]  42.5% 17007/40000 |  112.6/s | elapsed 2m 31s | eta 3m 24s | process workers | seats 6 | tracked 15 | cur 1 hist 2 boot 1 teach 2 base 0 heur 0 | avg reward 0.000 
PPO linea    [###########-----------------]  42.6% 17029/40000 |  112.7/s | elapsed 2m 31s | eta 3m 24s | process workers | seats 8 | tracked 30 | cur 2 hist 1 boot 2 teach 2 base 0 heur 1 | avg reward 0.000 
PPO linea    [###########-----------------]  42.6% 17051/40000 |  112.7/s | elapsed 2m 31s | eta 3m 24s | process workers | seats 10 | tracked 30 | cur 2 hist 0 boot 3 teach 3 base 2 heur 0 | avg reward 0.000
PPO linea    [###########-----------------]  42.7% 17073/40000 |  112.7/s | elapsed 2m 32s | eta 3m 23s | process workers | seats 10 | tracked 15 | cur 1 hist 2 boot 3 teach 3 base 0 heur 1 | avg reward 0.000
PPO linea    [###########-----------------]  42.7% 17095/40000 |  112.7/s | elapsed 2m 32s | eta 3m 23s | process workers | seats 2 | tracked 15 | cur 1 hist 0 boot 1 teach 0 base 0 heur 0 | avg reward 0.000 
PPO linea    [###########-----------------]  42.8% 17117/40000 |  112.7/s | elapsed 2m 32s | eta 3m 23s | process workers | seats 10 | tracked 30 | cur 2 hist 3 boot 1 teach 2 base 1 heur 1 | avg reward 0.000
PPO linea    [###########-----------------]  42.8% 17139/40000 |  112.7/s | elapsed 2m 32s | eta 3m 23s | process workers | seats 8 | tracked 15 | cur 1 hist 1 boot 2 teach 3 base 1 heur 0 | avg reward 0.000 
PPO linea    [############----------------]  42.9% 17161/40000 |  112.7/s | elapsed 2m 32s | eta 3m 23s | process workers | seats 10 | tracked 15 | cur 1 hist 4 boot 1 teach 2 base 2 heur 0 | avg reward 0.000
PPO linea    [############----------------]  43.0% 17183/40000 |  112.7/s | elapsed 2m 33s | eta 3m 23s | process workers | seats 4 | tracked 15 | cur 1 hist 1 boot 1 teach 1 base 0 heur 0 | avg reward 0.000 
PPO linea    [############----------------]  43.0% 17205/40000 |  112.6/s | elapsed 2m 33s | eta 3m 22s | process workers | seats 8 | tracked 30 | cur 2 hist 2 boot 0 teach 3 base 1 heur 0 | avg reward 0.000 
PPO linea    [############----------------]  43.1% 17227/40000 |  112.6/s | elapsed 2m 33s | eta 3m 22s | process workers | seats 4 | tracked 15 | cur 1 hist 0 boot 0 teach 1 base 1 heur 1 | avg reward 0.000 
PPO linea    [############----------------]  43.1% 17249/40000 |  112.6/s | elapsed 2m 33s | eta 3m 22s | process workers | seats 4 | tracked 15 | cur 1 hist 0 boot 1 teach 1 base 1 heur 0 | avg reward 0.000 
PPO linea    [############----------------]  43.2% 17271/40000 |  112.7/s | elapsed 2m 33s | eta 3m 22s | process workers | seats 10 | tracked 15 | cur 1 hist 1 boot 0 teach 7 base 0 heur 1 | avg reward 0.000
PPO linea    [############----------------]  43.2% 17293/40000 |  112.6/s | elapsed 2m 34s | eta 3m 22s | process workers | seats 6 | tracked 15 | cur 1 hist 0 boot 0 teach 2 base 3 heur 0 | avg reward 0.000 
PPO linea    [############----------------]  43.3% 17315/40000 |  112.6/s | elapsed 2m 34s | eta 3m 21s | process workers | seats 4 | tracked 15 | cur 1 hist 1 boot 1 teach 1 base 0 heur 0 | avg reward 0.000 
PPO linea    [############----------------]  43.3% 17337/40000 |  112.6/s | elapsed 2m 34s | eta 3m 21s | process workers | seats 4 | tracked 15 | cur 1 hist 0 boot 2 teach 0 base 1 heur 0 | avg reward 0.000 
PPO linea    [############----------------]  43.4% 17359/40000 |  112.6/s | elapsed 2m 34s | eta 3m 21s | process workers | seats 6 | tracked 15 | cur 1 hist 2 boot 1 teach 1 base 1 heur 0 | avg reward 0.000 
PPO linea    [############----------------]  43.5% 17381/40000 |  112.7/s | elapsed 2m 34s | eta 3m 21s | process workers | seats 2 | tracked 15 | cur 1 hist 1 boot 0 teach 0 base 0 heur 0 | avg reward 0.000 
PPO linea    [############----------------]  43.5% 17403/40000 |  112.7/s | elapsed 2m 34s | eta 3m 21s | process workers | seats 6 | tracked 15 | cur 1 hist 2 boot 1 teach 0 base 1 heur 1 | avg reward 0.000 
PPO linea    [############----------------]  43.6% 17425/40000 |  112.6/s | elapsed 2m 35s | eta 3m 20s | process workers | seats 10 | tracked 30 | cur 2 hist 2 boot 1 teach 3 base 1 heur 1 | avg reward 0.000
PPO linea    [############----------------]  43.6% 17447/40000 |  112.6/s | elapsed 2m 35s | eta 3m 20s | process workers | seats 8 | tracked 30 | cur 2 hist 2 boot 1 teach 3 base 0 heur 0 | avg reward 0.000 
PPO linea    [############----------------]  43.7% 17469/40000 |  112.6/s | elapsed 2m 35s | eta 3m 20s | process workers | seats 4 | tracked 15 | cur 1 hist 0 boot 2 teach 1 base 0 heur 0 | avg reward 0.000 
PPO linea    [############----------------]  43.7% 17491/40000 |  112.6/s | elapsed 2m 35s | eta 3m 20s | process workers | seats 10 | tracked 30 | cur 2 hist 1 boot 3 teach 2 base 1 heur 1 | avg reward 0.000
PPO linea    [############----------------]  43.8% 17513/40000 |  112.6/s | elapsed 2m 36s | eta 3m 20s | process workers | seats 10 | tracked 30 | cur 2 hist 2 boot 0 teach 4 base 2 heur 0 | avg reward 0.000
PPO linea    [############----------------]  43.8% 17535/40000 |  112.6/s | elapsed 2m 36s | eta 3m 19s | process workers | seats 4 | tracked 15 | cur 1 hist 1 boot 0 teach 1 base 1 heur 0 | avg reward 0.000 
PPO linea    [############----------------]  43.9% 17557/40000 |  112.6/s | elapsed 2m 36s | eta 3m 19s | process workers | seats 10 | tracked 15 | cur 1 hist 2 boot 1 teach 5 base 1 heur 0 | avg reward 0.000
PPO linea    [############----------------]  43.9% 17579/40000 |  112.6/s | elapsed 2m 36s | eta 3m 19s | process workers | seats 6 | tracked 15 | cur 1 hist 0 boot 0 teach 4 base 1 heur 0 | avg reward 0.000 
PPO linea    [############----------------]  44.0% 17601/40000 |  112.6/s | elapsed 2m 36s | eta 3m 19s | process workers | seats 10 | tracked 15 | cur 1 hist 0 boot 1 teach 4 base 3 heur 1 | avg reward 0.000
PPO linea    [############----------------]  44.1% 17623/40000 |  112.6/s | elapsed 2m 36s | eta 3m 19s | process workers | seats 4 | tracked 15 | cur 1 hist 1 boot 0 teach 2 base 0 heur 0 | avg reward 0.000 
PPO linea    [############----------------]  44.1% 17645/40000 |  112.6/s | elapsed 2m 37s | eta 3m 18s | process workers | seats 4 | tracked 15 | cur 1 hist 1 boot 2 teach 0 base 0 heur 0 | avg reward 0.000 
PPO linea    [############----------------]  44.2% 17667/40000 |  112.6/s | elapsed 2m 37s | eta 3m 18s | process workers | seats 10 | tracked 30 | cur 2 hist 3 boot 1 teach 3 base 1 heur 0 | avg reward 0.000
PPO linea    [############----------------]  44.2% 17689/40000 |  112.6/s | elapsed 2m 37s | eta 3m 18s | process workers | seats 10 | tracked 15 | cur 1 hist 2 boot 2 teach 4 base 1 heur 0 | avg reward 0.000
PPO linea    [############----------------]  44.3% 17711/40000 |  112.6/s | elapsed 2m 37s | eta 3m 18s | process workers | seats 8 | tracked 15 | cur 1 hist 0 boot 1 teach 5 base 1 heur 0 | avg reward 0.000 
PPO linea    [############----------------]  44.3% 17733/40000 |  112.6/s | elapsed 2m 37s | eta 3m 18s | process workers | seats 6 | tracked 15 | cur 1 hist 2 boot 1 teach 2 base 0 heur 0 | avg reward 0.000 
PPO linea    [############----------------]  44.4% 17755/40000 |  112.6/s | elapsed 2m 38s | eta 3m 18s | process workers | seats 4 | tracked 15 | cur 1 hist 2 boot 1 teach 0 base 0 heur 0 | avg reward 0.000 
PPO linea    [############----------------]  44.4% 17777/40000 |  112.6/s | elapsed 2m 38s | eta 3m 17s | process workers | seats 10 | tracked 15 | cur 1 hist 5 boot 1 teach 2 base 1 heur 0 | avg reward 0.000
PPO linea    [############----------------]  44.5% 17799/40000 |  112.6/s | elapsed 2m 38s | eta 3m 17s | process workers | seats 10 | tracked 15 | cur 1 hist 3 boot 3 teach 3 base 0 heur 0 | avg reward 0.000
PPO linea    [############----------------]  44.6% 17821/40000 |  112.6/s | elapsed 2m 38s | eta 3m 17s | process workers | seats 8 | tracked 15 | cur 1 hist 1 boot 1 teach 2 base 1 heur 2 | avg reward 0.000 
PPO linea    [############----------------]  44.6% 17843/40000 |  112.6/s | elapsed 2m 39s | eta 3m 17s | process workers | seats 6 | tracked 15 | cur 1 hist 2 boot 0 teach 2 base 0 heur 1 | avg reward 0.000 
PPO linea    [############----------------]  44.7% 17865/40000 |  112.6/s | elapsed 2m 39s | eta 3m 17s | process workers | seats 8 | tracked 15 | cur 1 hist 2 boot 3 teach 1 base 1 heur 0 | avg reward 0.000 
PPO linea    [############----------------]  44.7% 17887/40000 |  112.5/s | elapsed 2m 39s | eta 3m 16s | process workers | seats 8 | tracked 30 | cur 2 hist 1 boot 1 teach 2 base 1 heur 1 | avg reward 0.000 
PPO linea    [############----------------]  44.8% 17909/40000 |  112.6/s | elapsed 2m 39s | eta 3m 16s | process workers | seats 10 | tracked 15 | cur 1 hist 1 boot 2 teach 4 base 1 heur 1 | avg reward 0.000
PPO linea    [############----------------]  44.8% 17931/40000 |  112.6/s | elapsed 2m 39s | eta 3m 16s | process workers | seats 8 | tracked 15 | cur 1 hist 4 boot 0 teach 0 base 1 heur 2 | avg reward 0.000 
PPO linea    [############----------------]  44.9% 17953/40000 |  112.6/s | elapsed 2m 39s | eta 3m 16s | process workers | seats 10 | tracked 15 | cur 1 hist 2 boot 1 teach 4 base 1 heur 1 | avg reward 0.000
PPO linea    [############----------------]  44.9% 17975/40000 |  112.5/s | elapsed 2m 40s | eta 3m 16s | process workers | seats 8 | tracked 15 | cur 1 hist 3 boot 1 teach 2 base 0 heur 1 | avg reward 0.000 
PPO linea    [############----------------]  45.0% 17997/40000 |  112.6/s | elapsed 2m 40s | eta 3m 15s | process workers | seats 6 | tracked 15 | cur 1 hist 1 boot 0 teach 4 base 0 heur 0 | avg reward 0.000 
PPO linea    [############----------------]  45.0% 18019/40000 |  112.6/s | elapsed 2m 40s | eta 3m 15s | process workers | seats 10 | tracked 15 | cur 1 hist 1 boot 1 teach 5 base 1 heur 1 | avg reward 0.000
PPO linea    [############----------------]  45.1% 18041/40000 |  112.5/s | elapsed 2m 40s | eta 3m 15s | process workers | seats 2 | tracked 15 | cur 1 hist 0 boot 1 teach 0 base 0 heur 0 | avg reward 0.000 
PPO linea    [############----------------]  45.2% 18063/40000 |  112.6/s | elapsed 2m 40s | eta 3m 15s | process workers | seats 2 | tracked 15 | cur 1 hist 0 boot 0 teach 1 base 0 heur 0 | avg reward 0.000 
PPO linea    [############----------------]  45.2% 18085/40000 |  112.6/s | elapsed 2m 41s | eta 3m 15s | process workers | seats 10 | tracked 15 | cur 1 hist 3 boot 0 teach 5 base 0 heur 1 | avg reward 0.000
PPO linea    [############----------------]  45.3% 18107/40000 |  112.6/s | elapsed 2m 41s | eta 3m 15s | process workers | seats 6 | tracked 15 | cur 1 hist 1 boot 1 teach 2 base 0 heur 1 | avg reward 0.000 
PPO linea    [############----------------]  45.3% 18129/40000 |  112.5/s | elapsed 2m 41s | eta 3m 14s | process workers | seats 6 | tracked 15 | cur 1 hist 1 boot 1 teach 2 base 1 heur 0 | avg reward 0.000 
PPO linea    [############----------------]  45.4% 18151/40000 |  112.5/s | elapsed 2m 41s | eta 3m 14s | process workers | seats 10 | tracked 15 | cur 1 hist 0 boot 2 teach 5 base 2 heur 0 | avg reward 0.000
PPO linea    [############----------------]  45.4% 18173/40000 |  112.5/s | elapsed 2m 42s | eta 3m 14s | process workers | seats 8 | tracked 30 | cur 2 hist 1 boot 0 teach 3 base 1 heur 1 | avg reward 0.000 
PPO linea    [############----------------]  45.5% 18195/40000 |  112.5/s | elapsed 2m 42s | eta 3m 14s | process workers | seats 4 | tracked 15 | cur 1 hist 0 boot 0 teach 3 base 0 heur 0 | avg reward 0.000 
PPO linea    [############----------------]  45.5% 18217/40000 |  112.5/s | elapsed 2m 42s | eta 3m 14s | process workers | seats 4 | tracked 15 | cur 1 hist 0 boot 3 teach 0 base 0 heur 0 | avg reward 0.000 
PPO linea    [############----------------]  45.6% 18239/40000 |  112.5/s | elapsed 2m 42s | eta 3m 13s | process workers | seats 10 | tracked 15 | cur 1 hist 2 boot 2 teach 4 base 0 heur 1 | avg reward 0.000
PPO linea    [############----------------]  45.7% 18261/40000 |  112.5/s | elapsed 2m 42s | eta 3m 13s | process workers | seats 4 | tracked 15 | cur 1 hist 1 boot 0 teach 1 base 1 heur 0 | avg reward 0.000 
PPO linea    [############----------------]  45.7% 18283/40000 |  112.5/s | elapsed 2m 43s | eta 3m 13s | process workers | seats 4 | tracked 15 | cur 1 hist 1 boot 0 teach 2 base 0 heur 0 | avg reward 0.000 
PPO linea    [############----------------]  45.8% 18305/40000 |  112.5/s | elapsed 2m 43s | eta 3m 13s | process workers | seats 4 | tracked 15 | cur 1 hist 3 boot 0 teach 0 base 0 heur 0 | avg reward 0.000 
PPO linea    [############----------------]  45.8% 18327/40000 |  112.5/s | elapsed 2m 43s | eta 3m 13s | process workers | seats 8 | tracked 15 | cur 1 hist 1 boot 1 teach 3 base 1 heur 1 | avg reward 0.000 
PPO linea    [############----------------]  45.9% 18349/40000 |  112.5/s | elapsed 2m 43s | eta 3m 12s | process workers | seats 8 | tracked 30 | cur 2 hist 2 boot 1 teach 3 base 0 heur 0 | avg reward 0.000 
PPO linea    [############----------------]  45.9% 18371/40000 |  112.5/s | elapsed 2m 43s | eta 3m 12s | process workers | seats 4 | tracked 15 | cur 1 hist 0 boot 0 teach 2 base 0 heur 1 | avg reward 0.000 
PPO linea    [############----------------]  46.0% 18393/40000 |  112.5/s | elapsed 2m 43s | eta 3m 12s | process workers | seats 8 | tracked 15 | cur 1 hist 1 boot 0 teach 4 base 2 heur 0 | avg reward 0.000 
PPO linea    [############----------------]  46.0% 18415/40000 |  112.5/s | elapsed 2m 44s | eta 3m 12s | process workers | seats 10 | tracked 15 | cur 1 hist 1 boot 2 teach 5 base 1 heur 0 | avg reward 0.000
PPO linea    [############----------------]  46.1% 18437/40000 |  112.5/s | elapsed 2m 44s | eta 3m 12s | process workers | seats 8 | tracked 15 | cur 1 hist 2 boot 2 teach 2 base 1 heur 0 | avg reward 0.000 
PPO linea    [############----------------]  46.1% 18459/40000 |  112.5/s | elapsed 2m 44s | eta 3m 11s | process workers | seats 10 | tracked 30 | cur 2 hist 1 boot 1 teach 4 base 2 heur 0 | avg reward 0.000
PPO linea    [############----------------]  46.2% 18481/40000 |  112.5/s | elapsed 2m 44s | eta 3m 11s | process workers | seats 10 | tracked 15 | cur 1 hist 2 boot 0 teach 3 base 4 heur 0 | avg reward 0.000
PPO linea    [############----------------]  46.3% 18503/40000 |  112.5/s | elapsed 2m 44s | eta 3m 11s | process workers | seats 6 | tracked 15 | cur 1 hist 1 boot 2 teach 1 base 1 heur 0 | avg reward 0.000 
PPO linea    [############----------------]  46.3% 18525/40000 |  112.5/s | elapsed 2m 45s | eta 3m 11s | process workers | seats 8 | tracked 15 | cur 1 hist 2 boot 3 teach 2 base 0 heur 0 | avg reward 0.000 
PPO linea    [############----------------]  46.4% 18547/40000 |  112.5/s | elapsed 2m 45s | eta 3m 11s | process workers | seats 8 | tracked 15 | cur 1 hist 2 boot 0 teach 3 base 2 heur 0 | avg reward 0.000 
PPO linea    [############----------------]  46.4% 18569/40000 |  112.5/s | elapsed 2m 45s | eta 3m 10s | process workers | seats 10 | tracked 15 | cur 1 hist 4 boot 0 teach 3 base 1 heur 1 | avg reward 0.000
PPO linea    [#############---------------]  46.5% 18591/40000 |  112.5/s | elapsed 2m 45s | eta 3m 10s | process workers | seats 8 | tracked 30 | cur 2 hist 1 boot 1 teach 3 base 1 heur 0 | avg reward 0.000 
PPO linea    [#############---------------]  46.5% 18613/40000 |  112.5/s | elapsed 2m 45s | eta 3m 10s | process workers | seats 10 | tracked 15 | cur 1 hist 3 boot 0 teach 3 base 3 heur 0 | avg reward 0.000
PPO linea    [#############---------------]  46.6% 18635/40000 |  112.5/s | elapsed 2m 46s | eta 3m 10s | process workers | seats 10 | tracked 15 | cur 1 hist 1 boot 0 teach 7 base 1 heur 0 | avg reward 0.000
PPO linea    [#############---------------]  46.6% 18657/40000 |  112.5/s | elapsed 2m 46s | eta 3m 10s | process workers | seats 8 | tracked 15 | cur 1 hist 0 boot 0 teach 6 base 0 heur 1 | avg reward 0.000 
PPO linea    [#############---------------]  46.7% 18679/40000 |  112.5/s | elapsed 2m 46s | eta 3m 10s | process workers | seats 8 | tracked 15 | cur 1 hist 0 boot 2 teach 2 base 3 heur 0 | avg reward 0.000 
PPO linea    [#############---------------]  46.8% 18701/40000 |  112.5/s | elapsed 2m 46s | eta 3m 9s | process workers | seats 8 | tracked 15 | cur 1 hist 2 boot 1 teach 1 base 2 heur 1 | avg reward 0.000  
PPO linea    [#############---------------]  46.8% 18723/40000 |  112.5/s | elapsed 2m 46s | eta 3m 9s | process workers | seats 6 | tracked 15 | cur 1 hist 1 boot 1 teach 2 base 1 heur 0 | avg reward 0.000  
PPO linea    [#############---------------]  46.9% 18745/40000 |  112.5/s | elapsed 2m 47s | eta 3m 9s | process workers | seats 8 | tracked 15 | cur 1 hist 1 boot 0 teach 1 base 3 heur 2 | avg reward 0.000  
PPO linea    [#############---------------]  46.9% 18767/40000 |  112.5/s | elapsed 2m 47s | eta 3m 9s | process workers | seats 10 | tracked 15 | cur 1 hist 4 boot 3 teach 1 base 1 heur 0 | avg reward 0.000 
PPO linea    [#############---------------]  47.0% 18789/40000 |  112.4/s | elapsed 2m 47s | eta 3m 9s | process workers | seats 6 | tracked 15 | cur 1 hist 0 boot 1 teach 2 base 1 heur 1 | avg reward 0.000  
PPO linea    [#############---------------]  47.0% 18811/40000 |  112.4/s | elapsed 2m 47s | eta 3m 8s | process workers | seats 10 | tracked 15 | cur 1 hist 1 boot 4 teach 3 base 1 heur 0 | avg reward 0.000 
PPO linea    [#############---------------]  47.1% 18833/40000 |  112.4/s | elapsed 2m 48s | eta 3m 8s | process workers | seats 10 | tracked 30 | cur 2 hist 2 boot 1 teach 4 base 0 heur 1 | avg reward -0.000
PPO linea    [#############---------------]  47.1% 18855/40000 |  112.5/s | elapsed 2m 48s | eta 3m 8s | process workers | seats 4 | tracked 15 | cur 1 hist 0 boot 2 teach 0 base 1 heur 0 | avg reward -0.000 
PPO linea    [#############---------------]  47.2% 18877/40000 |  112.4/s | elapsed 2m 48s | eta 3m 8s | process workers | seats 6 | tracked 15 | cur 1 hist 1 boot 0 teach 3 base 1 heur 0 | avg reward -0.000 
PPO linea    [#############---------------]  47.2% 18899/40000 |  112.4/s | elapsed 2m 48s | eta 3m 8s | process workers | seats 8 | tracked 30 | cur 2 hist 3 boot 1 teach 1 base 1 heur 0 | avg reward -0.000 
PPO linea    [#############---------------]  47.3% 18921/40000 |  112.4/s | elapsed 2m 48s | eta 3m 7s | process workers | seats 10 | tracked 15 | cur 1 hist 0 boot 1 teach 6 base 2 heur 0 | avg reward -0.000
PPO linea    [#############---------------]  47.4% 18943/40000 |  112.4/s | elapsed 2m 48s | eta 3m 7s | process workers | seats 8 | tracked 30 | cur 2 hist 3 boot 2 teach 0 base 1 heur 0 | avg reward -0.000 
PPO linea    [#############---------------]  47.4% 18965/40000 |  112.4/s | elapsed 2m 49s | eta 3m 7s | process workers | seats 10 | tracked 15 | cur 1 hist 1 boot 2 teach 5 base 1 heur 0 | avg reward -0.000
PPO linea    [#############---------------]  47.5% 18987/40000 |  112.4/s | elapsed 2m 49s | eta 3m 7s | process workers | seats 8 | tracked 15 | cur 1 hist 1 boot 2 teach 4 base 0 heur 0 | avg reward -0.000 
PPO linea    [#############---------------]  47.5% 19009/40000 |  112.4/s | elapsed 2m 49s | eta 3m 7s | process workers | seats 4 | tracked 15 | cur 1 hist 3 boot 0 teach 0 base 0 heur 0 | avg reward -0.000 
PPO linea    [#############---------------]  47.6% 19031/40000 |  112.4/s | elapsed 2m 49s | eta 3m 7s | process workers | seats 6 | tracked 15 | cur 1 hist 1 boot 2 teach 2 base 0 heur 0 | avg reward -0.000 
PPO linea    [#############---------------]  47.6% 19053/40000 |  112.4/s | elapsed 2m 49s | eta 3m 6s | process workers | seats 8 | tracked 15 | cur 1 hist 2 boot 1 teach 3 base 1 heur 0 | avg reward -0.000 
PPO linea    [#############---------------]  47.7% 19075/40000 |  112.4/s | elapsed 2m 50s | eta 3m 6s | process workers | seats 2 | tracked 15 | cur 1 hist 1 boot 0 teach 0 base 0 heur 0 | avg reward -0.000 
PPO linea    [#############---------------]  47.7% 19097/40000 |  112.4/s | elapsed 2m 50s | eta 3m 6s | process workers | seats 6 | tracked 15 | cur 1 hist 3 boot 0 teach 2 base 0 heur 0 | avg reward -0.000 
PPO linea    [#############---------------]  47.8% 19119/40000 |  112.4/s | elapsed 2m 50s | eta 3m 6s | process workers | seats 4 | tracked 15 | cur 1 hist 0 boot 1 teach 1 base 1 heur 0 | avg reward -0.000 
PPO linea    [#############---------------]  47.9% 19141/40000 |  112.4/s | elapsed 2m 50s | eta 3m 6s | process workers | seats 10 | tracked 15 | cur 1 hist 3 boot 0 teach 2 base 3 heur 1 | avg reward -0.000
PPO linea    [#############---------------]  47.9% 19163/40000 |  112.4/s | elapsed 2m 50s | eta 3m 5s | process workers | seats 2 | tracked 15 | cur 1 hist 0 boot 0 teach 1 base 0 heur 0 | avg reward -0.000 
PPO linea    [#############---------------]  48.0% 19185/40000 |  112.4/s | elapsed 2m 51s | eta 3m 5s | process workers | seats 10 | tracked 15 | cur 1 hist 4 boot 2 teach 3 base 0 heur 0 | avg reward 0.000 
PPO linea    [#############---------------]  48.0% 19207/40000 |  112.4/s | elapsed 2m 51s | eta 3m 5s | process workers | seats 4 | tracked 15 | cur 1 hist 1 boot 0 teach 1 base 1 heur 0 | avg reward 0.000  
PPO linea    [#############---------------]  48.1% 19229/40000 |  112.4/s | elapsed 2m 51s | eta 3m 5s | process workers | seats 10 | tracked 30 | cur 2 hist 1 boot 0 teach 4 base 0 heur 3 | avg reward 0.000 
PPO linea    [#############---------------]  48.1% 19251/40000 |  112.4/s | elapsed 2m 51s | eta 3m 5s | process workers | seats 6 | tracked 15 | cur 1 hist 2 boot 1 teach 1 base 1 heur 0 | avg reward 0.000  
PPO linea    [#############---------------]  48.2% 19273/40000 |  112.4/s | elapsed 2m 51s | eta 3m 4s | process workers | seats 2 | tracked 15 | cur 1 hist 1 boot 0 teach 0 base 0 heur 0 | avg reward -0.000 
PPO linea    [#############---------------]  48.2% 19295/40000 |  112.4/s | elapsed 2m 52s | eta 3m 4s | process workers | seats 8 | tracked 15 | cur 1 hist 1 boot 2 teach 4 base 0 heur 0 | avg reward 0.000  
PPO linea    [#############---------------]  48.3% 19317/40000 |  112.4/s | elapsed 2m 52s | eta 3m 4s | process workers | seats 6 | tracked 15 | cur 1 hist 1 boot 2 teach 0 base 2 heur 0 | avg reward 0.000  
PPO linea    [#############---------------]  48.3% 19339/40000 |  112.4/s | elapsed 2m 52s | eta 3m 4s | process workers | seats 2 | tracked 15 | cur 1 hist 0 boot 0 teach 0 base 1 heur 0 | avg reward 0.000  
PPO linea    [#############---------------]  48.4% 19361/40000 |  112.4/s | elapsed 2m 52s | eta 3m 4s | process workers | seats 2 | tracked 15 | cur 1 hist 0 boot 0 teach 1 base 0 heur 0 | avg reward 0.000  
PPO linea    [#############---------------]  48.5% 19383/40000 |  112.4/s | elapsed 2m 52s | eta 3m 3s | process workers | seats 8 | tracked 30 | cur 2 hist 2 boot 3 teach 1 base 0 heur 0 | avg reward 0.000  
PPO linea    [#############---------------]  48.5% 19405/40000 |  112.4/s | elapsed 2m 53s | eta 3m 3s | process workers | seats 10 | tracked 15 | cur 1 hist 0 boot 1 teach 6 base 1 heur 1 | avg reward -0.000
PPO linea    [#############---------------]  48.6% 19427/40000 |  112.4/s | elapsed 2m 53s | eta 3m 3s | process workers | seats 10 | tracked 15 | cur 1 hist 2 boot 1 teach 4 base 2 heur 0 | avg reward -0.000
PPO linea    [#############---------------]  48.6% 19449/40000 |  112.4/s | elapsed 2m 53s | eta 3m 3s | process workers | seats 8 | tracked 15 | cur 1 hist 1 boot 1 teach 4 base 1 heur 0 | avg reward -0.000 
PPO linea    [#############---------------]  48.7% 19471/40000 |  112.4/s | elapsed 2m 53s | eta 3m 3s | process workers | seats 4 | tracked 15 | cur 1 hist 1 boot 1 teach 1 base 0 heur 0 | avg reward -0.000 
PPO linea    [#############---------------]  48.7% 19493/40000 |  112.4/s | elapsed 2m 53s | eta 3m 2s | process workers | seats 2 | tracked 15 | cur 1 hist 1 boot 0 teach 0 base 0 heur 0 | avg reward -0.000 
PPO linea    [#############---------------]  48.8% 19515/40000 |  112.4/s | elapsed 2m 54s | eta 3m 2s | process workers | seats 6 | tracked 15 | cur 1 hist 3 boot 0 teach 2 base 0 heur 0 | avg reward 0.000  
PPO linea    [#############---------------]  48.8% 19537/40000 |  112.4/s | elapsed 2m 54s | eta 3m 2s | process workers | seats 4 | tracked 15 | cur 1 hist 1 boot 0 teach 0 base 2 heur 0 | avg reward 0.000  
PPO linea    [#############---------------]  48.9% 19559/40000 |  112.3/s | elapsed 2m 54s | eta 3m 2s | process workers | seats 6 | tracked 15 | cur 1 hist 0 boot 0 teach 2 base 2 heur 1 | avg reward 0.000  
PPO linea    [#############---------------]  49.0% 19581/40000 |  112.4/s | elapsed 2m 54s | eta 3m 2s | process workers | seats 2 | tracked 15 | cur 1 hist 0 boot 1 teach 0 base 0 heur 0 | avg reward 0.000  
PPO linea    [#############---------------]  49.0% 19603/40000 |  112.3/s | elapsed 2m 54s | eta 3m 2s | process workers | seats 4 | tracked 15 | cur 1 hist 1 boot 0 teach 1 base 1 heur 0 | avg reward 0.000  
PPO linea    [#############---------------]  49.1% 19625/40000 |  112.3/s | elapsed 2m 55s | eta 3m 1s | process workers | seats 8 | tracked 15 | cur 1 hist 2 boot 1 teach 1 base 3 heur 0 | avg reward 0.000  
PPO linea    [#############---------------]  49.1% 19647/40000 |  112.3/s | elapsed 2m 55s | eta 3m 1s | process workers | seats 8 | tracked 15 | cur 1 hist 0 boot 2 teach 4 base 1 heur 0 | avg reward 0.000  
PPO linea    [#############---------------]  49.2% 19669/40000 |  112.3/s | elapsed 2m 55s | eta 3m 1s | process workers | seats 4 | tracked 15 | cur 1 hist 0 boot 2 teach 1 base 0 heur 0 | avg reward 0.000  
PPO linea    [#############---------------]  49.2% 19691/40000 |  112.3/s | elapsed 2m 55s | eta 3m 1s | process workers | seats 4 | tracked 15 | cur 1 hist 0 boot 1 teach 1 base 1 heur 0 | avg reward 0.000  
PPO linea    [#############---------------]  49.3% 19713/40000 |  112.3/s | elapsed 2m 56s | eta 3m 1s | process workers | seats 8 | tracked 30 | cur 2 hist 0 boot 0 teach 3 base 3 heur 0 | avg reward 0.000  
PPO linea    [#############---------------]  49.3% 19735/40000 |  112.3/s | elapsed 2m 56s | eta 3m 0s | process workers | seats 10 | tracked 15 | cur 1 hist 2 boot 1 teach 4 base 2 heur 0 | avg reward 0.000 
PPO linea    [#############---------------]  49.4% 19757/40000 |  112.3/s | elapsed 2m 56s | eta 3m 0s | process workers | seats 4 | tracked 15 | cur 1 hist 1 boot 0 teach 2 base 0 heur 0 | avg reward 0.000  
PPO linea    [#############---------------]  49.4% 19779/40000 |  112.3/s | elapsed 2m 56s | eta 3m 0s | process workers | seats 10 | tracked 30 | cur 2 hist 2 boot 0 teach 5 base 1 heur 0 | avg reward 0.000 
PPO linea    [#############---------------]  49.5% 19801/40000 |  112.3/s | elapsed 2m 56s | eta 3m 0s | process workers | seats 10 | tracked 15 | cur 1 hist 3 boot 5 teach 0 base 1 heur 0 | avg reward 0.000 
PPO linea    [#############---------------]  49.6% 19823/40000 |  112.3/s | elapsed 2m 57s | eta 3m 0s | process workers | seats 10 | tracked 15 | cur 1 hist 3 boot 1 teach 4 base 0 heur 1 | avg reward 0.000 
PPO linea    [#############---------------]  49.6% 19845/40000 |  112.3/s | elapsed 2m 57s | eta 3m 0s | process workers | seats 6 | tracked 15 | cur 1 hist 0 boot 0 teach 3 base 2 heur 0 | avg reward 0.000  
PPO linea    [#############---------------]  49.7% 19867/40000 |  112.3/s | elapsed 2m 57s | eta 2m 59s | process workers | seats 10 | tracked 30 | cur 2 hist 1 boot 1 teach 5 base 0 heur 1 | avg reward -0.000
PPO linea    [#############---------------]  49.7% 19889/40000 |  112.2/s | elapsed 2m 57s | eta 2m 59s | process workers | seats 10 | tracked 15 | cur 1 hist 3 boot 2 teach 3 base 1 heur 0 | avg reward -0.000
PPO linea    [#############---------------]  49.8% 19911/40000 |  112.2/s | elapsed 2m 57s | eta 2m 59s | process workers | seats 2 | tracked 15 | cur 1 hist 0 boot 0 teach 0 base 0 heur 1 | avg reward -0.000 
PPO linea    [#############---------------]  49.8% 19933/40000 |  112.2/s | elapsed 2m 58s | eta 2m 59s | process workers | seats 10 | tracked 30 | cur 2 hist 2 boot 1 teach 1 base 3 heur 1 | avg reward -0.000
PPO linea    [#############---------------]  49.9% 19955/40000 |  112.2/s | elapsed 2m 58s | eta 2m 59s | process workers | seats 8 | tracked 15 | cur 1 hist 1 boot 2 teach 3 base 1 heur 0 | avg reward 0.000  
PPO linea    [#############---------------]  49.9% 19977/40000 |  112.2/s | elapsed 2m 58s | eta 2m 59s | process workers | seats 2 | tracked 15 | cur 1 hist 0 boot 0 teach 1 base 0 heur 0 | avg reward 0.000  
PPO linea    [#############---------------]  50.0% 19999/40000 |  112.2/s | elapsed 2m 58s | eta 2m 58s | process workers | seats 6 | tracked 15 | cur 1 hist 0 boot 1 teach 3 base 1 heur 0 | avg reward 0.000  
PPO linea    [##############--------------]  50.1% 20021/40000 |  112.2/s | elapsed 2m 59s | eta 2m 58s | process workers | seats 4 | tracked 15 | cur 1 hist 1 boot 1 teach 1 base 0 heur 0 | avg reward 0.000  
PPO linea    [##############--------------]  50.1% 20043/40000 |  112.1/s | elapsed 2m 59s | eta 2m 58s | process workers | seats 10 | tracked 15 | cur 1 hist 6 boot 0 teach 2 base 1 heur 0 | avg reward 0.000 
PPO linea    [##############--------------]  50.2% 20065/40000 |  112.1/s | elapsed 2m 59s | eta 2m 58s | process workers | seats 10 | tracked 15 | cur 1 hist 3 boot 1 teach 2 base 2 heur 1 | avg reward 0.000 
PPO linea    [##############--------------]  50.2% 20087/40000 |  112.1/s | elapsed 2m 59s | eta 2m 58s | process workers | seats 10 | tracked 15 | cur 1 hist 2 boot 1 teach 5 base 0 heur 1 | avg reward 0.000 
PPO linea    [##############--------------]  50.3% 20109/40000 |  112.1/s | elapsed 2m 59s | eta 2m 57s | process workers | seats 8 | tracked 30 | cur 2 hist 2 boot 0 teach 2 base 1 heur 1 | avg reward 0.000  
PPO linea    [##############--------------]  50.3% 20131/40000 |  112.1/s | elapsed 3m 0s | eta 2m 57s | process workers | seats 8 | tracked 15 | cur 1 hist 2 boot 0 teach 1 base 4 heur 0 | avg reward 0.000   
PPO linea    [##############--------------]  50.4% 20153/40000 |  112.1/s | elapsed 3m 0s | eta 2m 57s | process workers | seats 6 | tracked 15 | cur 1 hist 2 boot 1 teach 1 base 0 heur 1 | avg reward 0.000   
PPO linea    [##############--------------]  50.4% 20175/40000 |  112.1/s | elapsed 3m 0s | eta 2m 57s | process workers | seats 10 | tracked 15 | cur 1 hist 1 boot 1 teach 5 base 1 heur 1 | avg reward 0.000  
PPO linea    [##############--------------]  50.5% 20197/40000 |  112.1/s | elapsed 3m 0s | eta 2m 57s | process workers | seats 10 | tracked 30 | cur 2 hist 3 boot 1 teach 2 base 1 heur 1 | avg reward 0.000  
PPO linea    [##############--------------]  50.5% 20219/40000 |  112.1/s | elapsed 3m 0s | eta 2m 56s | process workers | seats 4 | tracked 15 | cur 1 hist 1 boot 1 teach 1 base 0 heur 0 | avg reward 0.000   
PPO linea    [##############--------------]  50.6% 20241/40000 |  112.1/s | elapsed 3m 1s | eta 2m 56s | process workers | seats 6 | tracked 15 | cur 1 hist 1 boot 0 teach 1 base 3 heur 0 | avg reward 0.000   
PPO linea    [##############--------------]  50.7% 20263/40000 |  112.1/s | elapsed 3m 1s | eta 2m 56s | process workers | seats 2 | tracked 15 | cur 1 hist 0 boot 1 teach 0 base 0 heur 0 | avg reward 0.000   
PPO linea    [##############--------------]  50.7% 20285/40000 |  112.1/s | elapsed 3m 1s | eta 2m 56s | process workers | seats 4 | tracked 15 | cur 1 hist 3 boot 0 teach 0 base 0 heur 0 | avg reward 0.000   
PPO linea    [##############--------------]  50.8% 20307/40000 |  112.1/s | elapsed 3m 1s | eta 2m 56s | process workers | seats 4 | tracked 15 | cur 1 hist 0 boot 2 teach 0 base 1 heur 0 | avg reward 0.000   
PPO linea    [##############--------------]  50.8% 20329/40000 |  112.1/s | elapsed 3m 1s | eta 2m 55s | process workers | seats 10 | tracked 15 | cur 1 hist 0 boot 4 teach 4 base 0 heur 1 | avg reward 0.000  
PPO linea    [##############--------------]  50.9% 20351/40000 |  112.1/s | elapsed 3m 2s | eta 2m 55s | process workers | seats 8 | tracked 15 | cur 1 hist 4 boot 3 teach 0 base 0 heur 0 | avg reward 0.000   
PPO linea    [##############--------------]  50.9% 20373/40000 |  112.1/s | elapsed 3m 2s | eta 2m 55s | process workers | seats 4 | tracked 15 | cur 1 hist 1 boot 1 teach 0 base 0 heur 1 | avg reward 0.000   
PPO linea    [##############--------------]  51.0% 20395/40000 |  112.1/s | elapsed 3m 2s | eta 2m 55s | process workers | seats 4 | tracked 15 | cur 1 hist 0 boot 1 teach 2 base 0 heur 0 | avg reward 0.000   
PPO linea    [##############--------------]  51.0% 20417/40000 |  112.1/s | elapsed 3m 2s | eta 2m 55s | process workers | seats 10 | tracked 30 | cur 2 hist 1 boot 2 teach 2 base 2 heur 1 | avg reward 0.000  
PPO linea    [##############--------------]  51.1% 20439/40000 |  112.1/s | elapsed 3m 2s | eta 2m 55s | process workers | seats 8 | tracked 15 | cur 1 hist 3 boot 1 teach 3 base 0 heur 0 | avg reward 0.000   
PPO linea    [##############--------------]  51.2% 20461/40000 |  112.1/s | elapsed 3m 3s | eta 2m 54s | process workers | seats 2 | tracked 15 | cur 1 hist 0 boot 0 teach 0 base 0 heur 1 | avg reward 0.000   
PPO linea    [##############--------------]  51.2% 20483/40000 |  112.0/s | elapsed 3m 3s | eta 2m 54s | process workers | seats 10 | tracked 30 | cur 2 hist 2 boot 0 teach 2 base 4 heur 0 | avg reward 0.000  
PPO linea    [##############--------------]  51.3% 20505/40000 |  112.1/s | elapsed 3m 3s | eta 2m 54s | process workers | seats 10 | tracked 15 | cur 1 hist 0 boot 1 teach 4 base 3 heur 1 | avg reward 0.000  
PPO linea    [##############--------------]  51.3% 20527/40000 |  112.1/s | elapsed 3m 3s | eta 2m 54s | process workers | seats 8 | tracked 15 | cur 1 hist 1 boot 1 teach 4 base 1 heur 0 | avg reward 0.000   
PPO linea    [##############--------------]  51.4% 20549/40000 |  112.0/s | elapsed 3m 3s | eta 2m 54s | process workers | seats 4 | tracked 15 | cur 1 hist 0 boot 0 teach 3 base 0 heur 0 | avg reward 0.000   
PPO linea    [##############--------------]  51.4% 20571/40000 |  112.0/s | elapsed 3m 4s | eta 2m 53s | process workers | seats 10 | tracked 15 | cur 1 hist 2 boot 1 teach 5 base 1 heur 0 | avg reward 0.000  
PPO linea    [##############--------------]  51.5% 20593/40000 |  112.0/s | elapsed 3m 4s | eta 2m 53s | process workers | seats 10 | tracked 15 | cur 1 hist 1 boot 0 teach 5 base 2 heur 1 | avg reward 0.000  
PPO linea    [##############--------------]  51.5% 20615/40000 |  112.0/s | elapsed 3m 4s | eta 2m 53s | process workers | seats 8 | tracked 15 | cur 1 hist 3 boot 0 teach 3 base 1 heur 0 | avg reward 0.000   
PPO linea    [##############--------------]  51.6% 20637/40000 |  112.0/s | elapsed 3m 4s | eta 2m 53s | process workers | seats 2 | tracked 15 | cur 1 hist 1 boot 0 teach 0 base 0 heur 0 | avg reward 0.000   
PPO linea    [##############--------------]  51.6% 20659/40000 |  112.0/s | elapsed 3m 4s | eta 2m 53s | process workers | seats 10 | tracked 30 | cur 2 hist 1 boot 1 teach 3 base 2 heur 1 | avg reward 0.000  
PPO linea    [##############--------------]  51.7% 20681/40000 |  112.0/s | elapsed 3m 5s | eta 2m 53s | process workers | seats 2 | tracked 15 | cur 1 hist 0 boot 1 teach 0 base 0 heur 0 | avg reward 0.000   
PPO linea    [##############--------------]  51.8% 20703/40000 |  112.0/s | elapsed 3m 5s | eta 2m 52s | process workers | seats 10 | tracked 15 | cur 1 hist 1 boot 4 teach 1 base 2 heur 1 | avg reward 0.000  
PPO linea    [##############--------------]  51.8% 20725/40000 |  111.9/s | elapsed 3m 5s | eta 2m 52s | process workers | seats 6 | tracked 15 | cur 1 hist 2 boot 0 teach 2 base 0 heur 1 | avg reward 0.000   
PPO linea    [##############--------------]  51.9% 20747/40000 |  112.0/s | elapsed 3m 5s | eta 2m 52s | process workers | seats 6 | tracked 15 | cur 1 hist 1 boot 0 teach 4 base 0 heur 0 | avg reward 0.000   
PPO linea    [##############--------------]  51.9% 20769/40000 |  111.9/s | elapsed 3m 6s | eta 2m 52s | process workers | seats 8 | tracked 15 | cur 1 hist 2 boot 1 teach 2 base 2 heur 0 | avg reward 0.000   
PPO linea    [##############--------------]  52.0% 20791/40000 |  111.9/s | elapsed 3m 6s | eta 2m 52s | process workers | seats 2 | tracked 15 | cur 1 hist 0 boot 0 teach 1 base 0 heur 0 | avg reward 0.000   
PPO linea    [##############--------------]  52.0% 20813/40000 |  111.9/s | elapsed 3m 6s | eta 2m 51s | process workers | seats 4 | tracked 15 | cur 1 hist 1 boot 0 teach 2 base 0 heur 0 | avg reward 0.000   
PPO linea    [##############--------------]  52.1% 20835/40000 |  111.9/s | elapsed 3m 6s | eta 2m 51s | process workers | seats 10 | tracked 15 | cur 1 hist 3 boot 2 teach 4 base 0 heur 0 | avg reward 0.000  
PPO linea    [##############--------------]  52.1% 20857/40000 |  111.9/s | elapsed 3m 6s | eta 2m 51s | process workers | seats 4 | tracked 15 | cur 1 hist 2 boot 0 teach 1 base 0 heur 0 | avg reward 0.000   
PPO linea    [##############--------------]  52.2% 20879/40000 |  111.9/s | elapsed 3m 7s | eta 2m 51s | process workers | seats 6 | tracked 15 | cur 1 hist 1 boot 0 teach 4 base 0 heur 0 | avg reward 0.000   
PPO linea    [##############--------------]  52.3% 20901/40000 |  111.9/s | elapsed 3m 7s | eta 2m 51s | process workers | seats 6 | tracked 15 | cur 1 hist 0 boot 2 teach 0 base 3 heur 0 | avg reward 0.000   
PPO linea    [##############--------------]  52.3% 20923/40000 |  111.9/s | elapsed 3m 7s | eta 2m 50s | process workers | seats 4 | tracked 15 | cur 1 hist 0 boot 1 teach 2 base 0 heur 0 | avg reward 0.000   
PPO linea    [##############--------------]  52.4% 20945/40000 |  111.9/s | elapsed 3m 7s | eta 2m 50s | process workers | seats 4 | tracked 15 | cur 1 hist 0 boot 0 teach 2 base 1 heur 0 | avg reward 0.000   
PPO linea    [##############--------------]  52.4% 20967/40000 |  111.9/s | elapsed 3m 7s | eta 2m 50s | process workers | seats 8 | tracked 15 | cur 1 hist 4 boot 0 teach 2 base 0 heur 1 | avg reward 0.000   
PPO linea    [##############--------------]  52.5% 20989/40000 |  111.9/s | elapsed 3m 8s | eta 2m 50s | process workers | seats 6 | tracked 15 | cur 1 hist 0 boot 2 teach 2 base 1 heur 0 | avg reward 0.000   
PPO linea    [##############--------------]  52.5% 21011/40000 |  111.9/s | elapsed 3m 8s | eta 2m 50s | process workers | seats 6 | tracked 15 | cur 1 hist 0 boot 1 teach 2 base 0 heur 2 | avg reward 0.000   
PPO linea    [##############--------------]  52.6% 21033/40000 |  111.9/s | elapsed 3m 8s | eta 2m 50s | process workers | seats 10 | tracked 30 | cur 2 hist 3 boot 0 teach 5 base 0 heur 0 | avg reward 0.000  
PPO linea    [##############--------------]  52.6% 21055/40000 |  111.9/s | elapsed 3m 8s | eta 2m 49s | process workers | seats 8 | tracked 15 | cur 1 hist 3 boot 0 teach 3 base 0 heur 1 | avg reward 0.000   
PPO linea    [##############--------------]  52.7% 21077/40000 |  111.9/s | elapsed 3m 8s | eta 2m 49s | process workers | seats 10 | tracked 15 | cur 1 hist 1 boot 2 teach 5 base 1 heur 0 | avg reward -0.000 
PPO linea    [##############--------------]  52.7% 21099/40000 |  111.9/s | elapsed 3m 9s | eta 2m 49s | process workers | seats 6 | tracked 15 | cur 1 hist 0 boot 1 teach 0 base 4 heur 0 | avg reward 0.000   
PPO linea    [##############--------------]  52.8% 21121/40000 |  111.9/s | elapsed 3m 9s | eta 2m 49s | process workers | seats 8 | tracked 15 | cur 1 hist 0 boot 5 teach 2 base 0 heur 0 | avg reward 0.000   
PPO linea    [##############--------------]  52.9% 21143/40000 |  111.9/s | elapsed 3m 9s | eta 2m 49s | process workers | seats 10 | tracked 15 | cur 1 hist 2 boot 2 teach 2 base 2 heur 1 | avg reward 0.000  
PPO linea    [##############--------------]  52.9% 21165/40000 |  111.9/s | elapsed 3m 9s | eta 2m 48s | process workers | seats 2 | tracked 15 | cur 1 hist 0 boot 0 teach 0 base 0 heur 1 | avg reward 0.000   
PPO linea    [##############--------------]  53.0% 21187/40000 |  111.9/s | elapsed 3m 9s | eta 2m 48s | process workers | seats 8 | tracked 15 | cur 1 hist 3 boot 0 teach 4 base 0 heur 0 | avg reward -0.000  
PPO linea    [##############--------------]  53.0% 21209/40000 |  111.8/s | elapsed 3m 10s | eta 2m 48s | process workers | seats 6 | tracked 15 | cur 1 hist 0 boot 3 teach 1 base 1 heur 0 | avg reward -0.000 
PPO linea    [##############--------------]  53.1% 21231/40000 |  111.8/s | elapsed 3m 10s | eta 2m 48s | process workers | seats 6 | tracked 15 | cur 1 hist 0 boot 2 teach 1 base 1 heur 1 | avg reward -0.000 
PPO linea    [##############--------------]  53.1% 21253/40000 |  111.8/s | elapsed 3m 10s | eta 2m 48s | process workers | seats 10 | tracked 15 | cur 1 hist 4 boot 1 teach 3 base 1 heur 0 | avg reward -0.000
PPO linea    [##############--------------]  53.2% 21275/40000 |  111.8/s | elapsed 3m 10s | eta 2m 47s | process workers | seats 6 | tracked 15 | cur 1 hist 2 boot 0 teach 3 base 0 heur 0 | avg reward -0.000 
PPO linea    [##############--------------]  53.2% 21297/40000 |  111.8/s | elapsed 3m 10s | eta 2m 47s | process workers | seats 10 | tracked 15 | cur 1 hist 0 boot 4 teach 3 base 2 heur 0 | avg reward 0.000 
PPO linea    [##############--------------]  53.3% 21319/40000 |  111.8/s | elapsed 3m 11s | eta 2m 47s | process workers | seats 8 | tracked 30 | cur 2 hist 1 boot 1 teach 3 base 1 heur 0 | avg reward 0.000  
PPO linea    [##############--------------]  53.4% 21341/40000 |  111.8/s | elapsed 3m 11s | eta 2m 47s | process workers | seats 6 | tracked 15 | cur 1 hist 2 boot 1 teach 0 base 0 heur 2 | avg reward 0.000  
PPO linea    [##############--------------]  53.4% 21363/40000 |  111.8/s | elapsed 3m 11s | eta 2m 47s | process workers | seats 2 | tracked 15 | cur 1 hist 1 boot 0 teach 0 base 0 heur 0 | avg reward 0.000  
PPO linea    [##############--------------]  53.5% 21385/40000 |  111.8/s | elapsed 3m 11s | eta 2m 46s | process workers | seats 10 | tracked 30 | cur 2 hist 0 boot 2 teach 2 base 4 heur 0 | avg reward 0.000 
PPO linea    [##############--------------]  53.5% 21407/40000 |  111.8/s | elapsed 3m 11s | eta 2m 46s | process workers | seats 6 | tracked 15 | cur 1 hist 0 boot 0 teach 5 base 0 heur 0 | avg reward 0.000  
PPO linea    [###############-------------]  53.6% 21429/40000 |  111.8/s | elapsed 3m 12s | eta 2m 46s | process workers | seats 6 | tracked 15 | cur 1 hist 1 boot 1 teach 1 base 0 heur 2 | avg reward 0.000  
PPO linea    [###############-------------]  53.6% 21451/40000 |  111.8/s | elapsed 3m 12s | eta 2m 46s | process workers | seats 4 | tracked 15 | cur 1 hist 0 boot 0 teach 3 base 0 heur 0 | avg reward 0.000  
PPO linea    [###############-------------]  53.7% 21473/40000 |  111.8/s | elapsed 3m 12s | eta 2m 46s | process workers | seats 6 | tracked 15 | cur 1 hist 1 boot 1 teach 2 base 1 heur 0 | avg reward -0.000 
PPO linea    [###############-------------]  53.7% 21495/40000 |  111.8/s | elapsed 3m 12s | eta 2m 46s | process workers | seats 6 | tracked 15 | cur 1 hist 1 boot 2 teach 1 base 1 heur 0 | avg reward -0.000 
PPO linea    [###############-------------]  53.8% 21517/40000 |  111.8/s | elapsed 3m 12s | eta 2m 45s | process workers | seats 10 | tracked 15 | cur 1 hist 2 boot 3 teach 0 base 2 heur 2 | avg reward -0.000
PPO linea    [###############-------------]  53.8% 21539/40000 |  111.8/s | elapsed 3m 13s | eta 2m 45s | process workers | seats 10 | tracked 15 | cur 1 hist 0 boot 1 teach 4 base 3 heur 1 | avg reward 0.000 
PPO linea    [###############-------------]  53.9% 21561/40000 |  111.8/s | elapsed 3m 13s | eta 2m 45s | process workers | seats 4 | tracked 15 | cur 1 hist 1 boot 0 teach 2 base 0 heur 0 | avg reward -0.000 
PPO linea    [###############-------------]  54.0% 21583/40000 |  111.8/s | elapsed 3m 13s | eta 2m 45s | process workers | seats 4 | tracked 15 | cur 1 hist 0 boot 0 teach 3 base 0 heur 0 | avg reward -0.000 
PPO linea    [###############-------------]  54.0% 21605/40000 |  111.8/s | elapsed 3m 13s | eta 2m 45s | process workers | seats 4 | tracked 15 | cur 1 hist 1 boot 0 teach 1 base 0 heur 1 | avg reward 0.000  
PPO linea    [###############-------------]  54.1% 21627/40000 |  111.8/s | elapsed 3m 13s | eta 2m 44s | process workers | seats 10 | tracked 15 | cur 1 hist 2 boot 2 teach 3 base 2 heur 0 | avg reward -0.000
PPO linea    [###############-------------]  54.1% 21649/40000 |  111.8/s | elapsed 3m 14s | eta 2m 44s | process workers | seats 4 | tracked 15 | cur 1 hist 1 boot 1 teach 1 base 0 heur 0 | avg reward -0.000 
PPO linea    [###############-------------]  54.2% 21671/40000 |  111.8/s | elapsed 3m 14s | eta 2m 44s | process workers | seats 10 | tracked 30 | cur 2 hist 1 boot 2 teach 1 base 4 heur 0 | avg reward -0.000
PPO linea    [###############-------------]  54.2% 21693/40000 |  111.8/s | elapsed 3m 14s | eta 2m 44s | process workers | seats 8 | tracked 15 | cur 1 hist 2 boot 2 teach 1 base 1 heur 1 | avg reward -0.000 
PPO linea    [###############-------------]  54.3% 21715/40000 |  111.8/s | elapsed 3m 14s | eta 2m 44s | process workers | seats 4 | tracked 15 | cur 1 hist 2 boot 0 teach 0 base 1 heur 0 | avg reward -0.000 
PPO linea    [###############-------------]  54.3% 21737/40000 |  111.8/s | elapsed 3m 14s | eta 2m 43s | process workers | seats 8 | tracked 30 | cur 2 hist 0 boot 0 teach 3 base 2 heur 1 | avg reward -0.000 
PPO linea    [###############-------------]  54.4% 21759/40000 |  111.8/s | elapsed 3m 15s | eta 2m 43s | process workers | seats 6 | tracked 15 | cur 1 hist 1 boot 0 teach 1 base 2 heur 1 | avg reward -0.000 
PPO linea    [###############-------------]  54.5% 21781/40000 |  111.8/s | elapsed 3m 15s | eta 2m 43s | process workers | seats 10 | tracked 30 | cur 2 hist 0 boot 2 teach 4 base 1 heur 1 | avg reward -0.000
PPO linea    [###############-------------]  54.5% 21803/40000 |  111.8/s | elapsed 3m 15s | eta 2m 43s | process workers | seats 10 | tracked 15 | cur 1 hist 2 boot 3 teach 2 base 2 heur 0 | avg reward -0.000
PPO linea    [###############-------------]  54.6% 21825/40000 |  111.8/s | elapsed 3m 15s | eta 2m 43s | process workers | seats 6 | tracked 15 | cur 1 hist 3 boot 2 teach 0 base 0 heur 0 | avg reward -0.000 
PPO linea    [###############-------------]  54.6% 21847/40000 |  111.8/s | elapsed 3m 15s | eta 2m 42s | process workers | seats 2 | tracked 15 | cur 1 hist 0 boot 0 teach 0 base 0 heur 1 | avg reward -0.000 
PPO linea    [###############-------------]  54.7% 21869/40000 |  111.8/s | elapsed 3m 16s | eta 2m 42s | process workers | seats 8 | tracked 15 | cur 1 hist 2 boot 2 teach 2 base 1 heur 0 | avg reward -0.000 
PPO linea    [###############-------------]  54.7% 21891/40000 |  111.7/s | elapsed 3m 16s | eta 2m 42s | process workers | seats 4 | tracked 15 | cur 1 hist 1 boot 0 teach 1 base 1 heur 0 | avg reward -0.000 
PPO linea    [###############-------------]  54.8% 21913/40000 |  111.7/s | elapsed 3m 16s | eta 2m 42s | process workers | seats 4 | tracked 15 | cur 1 hist 2 boot 1 teach 0 base 0 heur 0 | avg reward -0.000 
PPO linea    [###############-------------]  54.8% 21935/40000 |  111.7/s | elapsed 3m 16s | eta 2m 42s | process workers | seats 10 | tracked 15 | cur 1 hist 2 boot 1 teach 4 base 2 heur 0 | avg reward -0.000
PPO linea    [###############-------------]  54.9% 21957/40000 |  111.7/s | elapsed 3m 16s | eta 2m 41s | process workers | seats 8 | tracked 30 | cur 2 hist 1 boot 1 teach 4 base 0 heur 0 | avg reward -0.000 
PPO linea    [###############-------------]  54.9% 21979/40000 |  111.7/s | elapsed 3m 17s | eta 2m 41s | process workers | seats 10 | tracked 30 | cur 2 hist 1 boot 2 teach 5 base 0 heur 0 | avg reward -0.000
PPO linea    [###############-------------]  55.0% 22001/40000 |  111.7/s | elapsed 3m 17s | eta 2m 41s | process workers | seats 10 | tracked 15 | cur 1 hist 2 boot 2 teach 3 base 1 heur 1 | avg reward -0.000
PPO linea    [###############-------------]  55.1% 22023/40000 |  111.7/s | elapsed 3m 17s | eta 2m 41s | process workers | seats 10 | tracked 15 | cur 1 hist 1 boot 1 teach 6 base 0 heur 1 | avg reward -0.000
PPO linea    [###############-------------]  55.1% 22045/40000 |  111.7/s | elapsed 3m 17s | eta 2m 41s | process workers | seats 6 | tracked 15 | cur 1 hist 1 boot 2 teach 1 base 1 heur 0 | avg reward -0.000 
PPO linea    [###############-------------]  55.2% 22067/40000 |  111.7/s | elapsed 3m 18s | eta 2m 41s | process workers | seats 8 | tracked 15 | cur 1 hist 1 boot 2 teach 3 base 0 heur 1 | avg reward -0.000 
PPO linea    [###############-------------]  55.2% 22089/40000 |  111.7/s | elapsed 3m 18s | eta 2m 40s | process workers | seats 4 | tracked 15 | cur 1 hist 0 boot 1 teach 2 base 0 heur 0 | avg reward -0.000 
PPO linea    [###############-------------]  55.3% 22111/40000 |  111.7/s | elapsed 3m 18s | eta 2m 40s | process workers | seats 6 | tracked 15 | cur 1 hist 2 boot 0 teach 3 base 0 heur 0 | avg reward -0.000 
PPO linea    [###############-------------]  55.3% 22133/40000 |  111.7/s | elapsed 3m 18s | eta 2m 40s | process workers | seats 8 | tracked 15 | cur 1 hist 1 boot 3 teach 1 base 0 heur 2 | avg reward -0.000 
PPO linea    [###############-------------]  55.4% 22155/40000 |  111.7/s | elapsed 3m 18s | eta 2m 40s | process workers | seats 8 | tracked 15 | cur 1 hist 2 boot 1 teach 3 base 1 heur 0 | avg reward -0.000 
PPO linea    [###############-------------]  55.4% 22177/40000 |  111.6/s | elapsed 3m 19s | eta 2m 40s | process workers | seats 8 | tracked 15 | cur 1 hist 3 boot 2 teach 2 base 0 heur 0 | avg reward -0.000 
PPO linea    [###############-------------]  55.5% 22199/40000 |  111.7/s | elapsed 3m 19s | eta 2m 39s | process workers | seats 2 | tracked 15 | cur 1 hist 0 boot 1 teach 0 base 0 heur 0 | avg reward -0.000 
PPO linea    [###############-------------]  55.6% 22221/40000 |  111.6/s | elapsed 3m 19s | eta 2m 39s | process workers | seats 6 | tracked 15 | cur 1 hist 2 boot 1 teach 2 base 0 heur 0 | avg reward -0.000 
PPO linea    [###############-------------]  55.6% 22243/40000 |  111.7/s | elapsed 3m 19s | eta 2m 39s | process workers | seats 2 | tracked 15 | cur 1 hist 0 boot 0 teach 0 base 1 heur 0 | avg reward -0.000 
PPO linea    [###############-------------]  55.7% 22265/40000 |  111.6/s | elapsed 3m 19s | eta 2m 39s | process workers | seats 10 | tracked 30 | cur 2 hist 0 boot 1 teach 4 base 2 heur 1 | avg reward -0.000
PPO linea    [###############-------------]  55.7% 22287/40000 |  111.6/s | elapsed 3m 20s | eta 2m 39s | process workers | seats 10 | tracked 30 | cur 2 hist 1 boot 3 teach 1 base 3 heur 0 | avg reward -0.000
PPO linea    [###############-------------]  55.8% 22309/40000 |  111.6/s | elapsed 3m 20s | eta 2m 38s | process workers | seats 6 | tracked 15 | cur 1 hist 0 boot 1 teach 2 base 1 heur 1 | avg reward -0.000 
PPO linea    [###############-------------]  55.8% 22331/40000 |  111.6/s | elapsed 3m 20s | eta 2m 38s | process workers | seats 10 | tracked 15 | cur 1 hist 1 boot 1 teach 5 base 2 heur 0 | avg reward -0.000
PPO linea    [###############-------------]  55.9% 22353/40000 |  111.6/s | elapsed 3m 20s | eta 2m 38s | process workers | seats 4 | tracked 15 | cur 1 hist 0 boot 2 teach 0 base 1 heur 0 | avg reward -0.000 
PPO linea    [###############-------------]  55.9% 22375/40000 |  111.6/s | elapsed 3m 20s | eta 2m 38s | process workers | seats 2 | tracked 15 | cur 1 hist 0 boot 0 teach 1 base 0 heur 0 | avg reward -0.000 
PPO linea    [###############-------------]  56.0% 22397/40000 |  111.6/s | elapsed 3m 21s | eta 2m 38s | process workers | seats 4 | tracked 15 | cur 1 hist 1 boot 0 teach 2 base 0 heur 0 | avg reward -0.000 
PPO linea    [###############-------------]  56.0% 22419/40000 |  111.6/s | elapsed 3m 21s | eta 2m 38s | process workers | seats 10 | tracked 30 | cur 2 hist 2 boot 1 teach 4 base 0 heur 1 | avg reward -0.000
PPO linea    [###############-------------]  56.1% 22441/40000 |  111.6/s | elapsed 3m 21s | eta 2m 37s | process workers | seats 8 | tracked 30 | cur 2 hist 2 boot 0 teach 3 base 1 heur 0 | avg reward -0.000 
PPO linea    [###############-------------]  56.2% 22463/40000 |  111.6/s | elapsed 3m 21s | eta 2m 37s | process workers | seats 10 | tracked 15 | cur 1 hist 1 boot 1 teach 5 base 1 heur 1 | avg reward -0.000
PPO linea    [###############-------------]  56.2% 22485/40000 |  111.6/s | elapsed 3m 21s | eta 2m 37s | process workers | seats 4 | tracked 15 | cur 1 hist 0 boot 0 teach 3 base 0 heur 0 | avg reward -0.000 
PPO linea    [###############-------------]  56.3% 22507/40000 |  111.6/s | elapsed 3m 22s | eta 2m 37s | process workers | seats 4 | tracked 15 | cur 1 hist 2 boot 0 teach 0 base 1 heur 0 | avg reward -0.000 
PPO linea    [###############-------------]  56.3% 22529/40000 |  111.6/s | elapsed 3m 22s | eta 2m 37s | process workers | seats 4 | tracked 15 | cur 1 hist 1 boot 2 teach 0 base 0 heur 0 | avg reward -0.000 
PPO linea    [###############-------------]  56.4% 22551/40000 |  111.6/s | elapsed 3m 22s | eta 2m 36s | process workers | seats 2 | tracked 15 | cur 1 hist 1 boot 0 teach 0 base 0 heur 0 | avg reward -0.000 
PPO linea    [###############-------------]  56.4% 22573/40000 |  111.6/s | elapsed 3m 22s | eta 2m 36s | process workers | seats 8 | tracked 30 | cur 2 hist 2 boot 2 teach 1 base 1 heur 0 | avg reward -0.000 
PPO linea    [###############-------------]  56.5% 22595/40000 |  111.6/s | elapsed 3m 23s | eta 2m 36s | process workers | seats 4 | tracked 15 | cur 1 hist 0 boot 0 teach 2 base 1 heur 0 | avg reward -0.000 
PPO linea    [###############-------------]  56.5% 22617/40000 |  111.6/s | elapsed 3m 23s | eta 2m 36s | process workers | seats 10 | tracked 30 | cur 2 hist 3 boot 1 teach 4 base 0 heur 0 | avg reward -0.000
PPO linea    [###############-------------]  56.6% 22639/40000 |  111.6/s | elapsed 3m 23s | eta 2m 36s | process workers | seats 6 | tracked 15 | cur 1 hist 1 boot 1 teach 3 base 0 heur 0 | avg reward -0.000 
PPO linea    [###############-------------]  56.7% 22661/40000 |  111.6/s | elapsed 3m 23s | eta 2m 35s | process workers | seats 4 | tracked 15 | cur 1 hist 2 boot 0 teach 1 base 0 heur 0 | avg reward -0.000 
PPO linea    [###############-------------]  56.7% 22683/40000 |  111.6/s | elapsed 3m 23s | eta 2m 35s | process workers | seats 10 | tracked 15 | cur 1 hist 1 boot 5 teach 3 base 0 heur 0 | avg reward -0.000
PPO linea    [###############-------------]  56.8% 22705/40000 |  111.6/s | elapsed 3m 24s | eta 2m 35s | process workers | seats 10 | tracked 15 | cur 1 hist 0 boot 1 teach 4 base 4 heur 0 | avg reward -0.000
PPO linea    [###############-------------]  56.8% 22727/40000 |  111.5/s | elapsed 3m 24s | eta 2m 35s | process workers | seats 6 | tracked 15 | cur 1 hist 1 boot 0 teach 3 base 0 heur 1 | avg reward -0.000 
PPO linea    [###############-------------]  56.9% 22749/40000 |  111.6/s | elapsed 3m 24s | eta 2m 35s | process workers | seats 4 | tracked 15 | cur 1 hist 1 boot 0 teach 1 base 1 heur 0 | avg reward -0.000 
PPO linea    [###############-------------]  56.9% 22771/40000 |  111.5/s | elapsed 3m 24s | eta 2m 34s | process workers | seats 6 | tracked 15 | cur 1 hist 2 boot 1 teach 1 base 1 heur 0 | avg reward -0.000 
PPO linea    [###############-------------]  57.0% 22793/40000 |  111.5/s | elapsed 3m 24s | eta 2m 34s | process workers | seats 10 | tracked 15 | cur 1 hist 2 boot 1 teach 0 base 5 heur 1 | avg reward -0.000
PPO linea    [###############-------------]  57.0% 22815/40000 |  111.5/s | elapsed 3m 25s | eta 2m 34s | process workers | seats 2 | tracked 15 | cur 1 hist 0 boot 1 teach 0 base 0 heur 0 | avg reward -0.000 
PPO linea    [###############-------------]  57.1% 22837/40000 |  111.6/s | elapsed 3m 25s | eta 2m 34s | process workers | seats 4 | tracked 15 | cur 1 hist 0 boot 2 teach 1 base 0 heur 0 | avg reward -0.000 
PPO linea    [################------------]  57.1% 22859/40000 |  111.5/s | elapsed 3m 25s | eta 2m 34s | process workers | seats 6 | tracked 15 | cur 1 hist 0 boot 2 teach 3 base 0 heur 0 | avg reward -0.000 
PPO linea    [################------------]  57.2% 22881/40000 |  111.5/s | elapsed 3m 25s | eta 2m 33s | process workers | seats 10 | tracked 15 | cur 1 hist 3 boot 1 teach 4 base 1 heur 0 | avg reward -0.000
PPO linea    [################------------]  57.3% 22903/40000 |  111.5/s | elapsed 3m 25s | eta 2m 33s | process workers | seats 10 | tracked 15 | cur 1 hist 3 boot 0 teach 5 base 1 heur 0 | avg reward -0.000
PPO linea    [################------------]  57.3% 22925/40000 |  111.5/s | elapsed 3m 26s | eta 2m 33s | process workers | seats 4 | tracked 15 | cur 1 hist 1 boot 2 teach 0 base 0 heur 0 | avg reward -0.000 
PPO linea    [################------------]  57.4% 22947/40000 |  111.5/s | elapsed 3m 26s | eta 2m 33s | process workers | seats 8 | tracked 15 | cur 1 hist 1 boot 1 teach 5 base 0 heur 0 | avg reward -0.000 
PPO linea    [################------------]  57.4% 22969/40000 |  111.5/s | elapsed 3m 26s | eta 2m 33s | process workers | seats 8 | tracked 15 | cur 1 hist 0 boot 2 teach 4 base 1 heur 0 | avg reward -0.000 
PPO linea    [################------------]  57.5% 22991/40000 |  111.5/s | elapsed 3m 26s | eta 2m 33s | process workers | seats 10 | tracked 30 | cur 2 hist 0 boot 2 teach 4 base 1 heur 1 | avg reward -0.000
PPO linea    [################------------]  57.5% 23013/40000 |  111.5/s | elapsed 3m 26s | eta 2m 32s | process workers | seats 10 | tracked 30 | cur 2 hist 4 boot 0 teach 2 base 2 heur 0 | avg reward -0.000
PPO linea    [################------------]  57.6% 23035/40000 |  111.5/s | elapsed 3m 27s | eta 2m 32s | process workers | seats 10 | tracked 15 | cur 1 hist 2 boot 2 teach 4 base 1 heur 0 | avg reward -0.000
PPO linea    [################------------]  57.6% 23057/40000 |  111.5/s | elapsed 3m 27s | eta 2m 32s | process workers | seats 10 | tracked 30 | cur 2 hist 2 boot 2 teach 3 base 1 heur 0 | avg reward -0.000
PPO linea    [################------------]  57.7% 23079/40000 |  111.5/s | elapsed 3m 27s | eta 2m 32s | process workers | seats 8 | tracked 30 | cur 2 hist 1 boot 1 teach 2 base 2 heur 0 | avg reward -0.000 
PPO linea    [################------------]  57.8% 23101/40000 |  111.5/s | elapsed 3m 27s | eta 2m 32s | process workers | seats 4 | tracked 15 | cur 1 hist 1 boot 0 teach 0 base 1 heur 1 | avg reward -0.000 
PPO linea    [################------------]  57.8% 23123/40000 |  111.5/s | elapsed 3m 27s | eta 2m 31s | process workers | seats 8 | tracked 15 | cur 1 hist 1 boot 2 teach 3 base 0 heur 1 | avg reward -0.000 
PPO linea    [################------------]  57.9% 23145/40000 |  111.5/s | elapsed 3m 28s | eta 2m 31s | process workers | seats 6 | tracked 15 | cur 1 hist 3 boot 1 teach 1 base 0 heur 0 | avg reward -0.000 
PPO linea    [################------------]  57.9% 23167/40000 |  111.4/s | elapsed 3m 28s | eta 2m 31s | process workers | seats 6 | tracked 15 | cur 1 hist 1 boot 1 teach 3 base 0 heur 0 | avg reward -0.000 
PPO linea    [################------------]  58.0% 23189/40000 |  111.4/s | elapsed 3m 28s | eta 2m 31s | process workers | seats 10 | tracked 15 | cur 1 hist 3 boot 2 teach 3 base 1 heur 0 | avg reward -0.000
PPO linea    [################------------]  58.0% 23211/40000 |  111.4/s | elapsed 3m 28s | eta 2m 31s | process workers | seats 8 | tracked 30 | cur 2 hist 4 boot 0 teach 2 base 0 heur 0 | avg reward -0.000 
PPO linea    [################------------]  58.1% 23233/40000 |  111.4/s | elapsed 3m 28s | eta 2m 30s | process workers | seats 8 | tracked 30 | cur 2 hist 1 boot 1 teach 3 base 0 heur 1 | avg reward -0.000 
PPO linea    [################------------]  58.1% 23255/40000 |  111.4/s | elapsed 3m 29s | eta 2m 30s | process workers | seats 10 | tracked 15 | cur 1 hist 3 boot 2 teach 1 base 2 heur 1 | avg reward -0.000
PPO linea    [################------------]  58.2% 23277/40000 |  111.4/s | elapsed 3m 29s | eta 2m 30s | process workers | seats 2 | tracked 15 | cur 1 hist 0 boot 0 teach 0 base 1 heur 0 | avg reward -0.000 
PPO linea    [################------------]  58.2% 23299/40000 |  111.4/s | elapsed 3m 29s | eta 2m 30s | process workers | seats 10 | tracked 15 | cur 1 hist 2 boot 2 teach 3 base 1 heur 1 | avg reward -0.000
PPO linea    [################------------]  58.3% 23321/40000 |  111.4/s | elapsed 3m 29s | eta 2m 30s | process workers | seats 6 | tracked 15 | cur 1 hist 1 boot 0 teach 4 base 0 heur 0 | avg reward -0.000 
PPO linea    [################------------]  58.4% 23343/40000 |  111.4/s | elapsed 3m 29s | eta 2m 29s | process workers | seats 10 | tracked 15 | cur 1 hist 0 boot 3 teach 4 base 1 heur 1 | avg reward -0.000
PPO linea    [################------------]  58.4% 23365/40000 |  111.4/s | elapsed 3m 30s | eta 2m 29s | process workers | seats 8 | tracked 30 | cur 2 hist 1 boot 1 teach 3 base 1 heur 0 | avg reward -0.000 
PPO linea    [################------------]  58.5% 23387/40000 |  111.4/s | elapsed 3m 30s | eta 2m 29s | process workers | seats 4 | tracked 15 | cur 1 hist 1 boot 2 teach 0 base 0 heur 0 | avg reward -0.000 
PPO linea    [################------------]  58.5% 23409/40000 |  111.4/s | elapsed 3m 30s | eta 2m 29s | process workers | seats 2 | tracked 15 | cur 1 hist 0 boot 0 teach 0 base 1 heur 0 | avg reward -0.000 
PPO linea    [################------------]  58.6% 23431/40000 |  111.4/s | elapsed 3m 30s | eta 2m 29s | process workers | seats 8 | tracked 15 | cur 1 hist 1 boot 0 teach 4 base 2 heur 0 | avg reward -0.000 
PPO linea    [################------------]  58.6% 23453/40000 |  111.4/s | elapsed 3m 31s | eta 2m 29s | process workers | seats 10 | tracked 30 | cur 2 hist 2 boot 2 teach 1 base 2 heur 1 | avg reward -0.000
PPO linea    [################------------]  58.7% 23475/40000 |  111.4/s | elapsed 3m 31s | eta 2m 28s | process workers | seats 8 | tracked 15 | cur 1 hist 2 boot 2 teach 3 base 0 heur 0 | avg reward -0.000 
PPO linea    [################------------]  58.7% 23497/40000 |  111.4/s | elapsed 3m 31s | eta 2m 28s | process workers | seats 6 | tracked 15 | cur 1 hist 1 boot 2 teach 2 base 0 heur 0 | avg reward -0.000 
PPO linea    [################------------]  58.8% 23519/40000 |  111.4/s | elapsed 3m 31s | eta 2m 28s | process workers | seats 8 | tracked 30 | cur 2 hist 2 boot 1 teach 2 base 1 heur 0 | avg reward -0.000 
PPO linea    [################------------]  58.9% 23541/40000 |  111.3/s | elapsed 3m 31s | eta 2m 28s | process workers | seats 2 | tracked 15 | cur 1 hist 0 boot 1 teach 0 base 0 heur 0 | avg reward -0.000 
PPO linea    [################------------]  58.9% 23563/40000 |  111.3/s | elapsed 3m 32s | eta 2m 28s | process workers | seats 4 | tracked 15 | cur 1 hist 1 boot 1 teach 1 base 0 heur 0 | avg reward -0.000 
PPO linea    [################------------]  59.0% 23585/40000 |  111.3/s | elapsed 3m 32s | eta 2m 27s | process workers | seats 10 | tracked 15 | cur 1 hist 3 boot 3 teach 2 base 0 heur 1 | avg reward -0.000
PPO linea    [################------------]  59.0% 23607/40000 |  111.3/s | elapsed 3m 32s | eta 2m 27s | process workers | seats 2 | tracked 15 | cur 1 hist 0 boot 0 teach 1 base 0 heur 0 | avg reward -0.000 
PPO linea    [################------------]  59.1% 23629/40000 |  111.4/s | elapsed 3m 32s | eta 2m 27s | process workers | seats 6 | tracked 15 | cur 1 hist 0 boot 3 teach 2 base 0 heur 0 | avg reward -0.000 
PPO linea    [################------------]  59.1% 23651/40000 |  111.3/s | elapsed 3m 32s | eta 2m 27s | process workers | seats 2 | tracked 15 | cur 1 hist 0 boot 0 teach 1 base 0 heur 0 | avg reward -0.000 
PPO linea    [################------------]  59.2% 23673/40000 |  111.3/s | elapsed 3m 33s | eta 2m 27s | process workers | seats 6 | tracked 15 | cur 1 hist 2 boot 1 teach 0 base 2 heur 0 | avg reward -0.000 
PPO linea    [################------------]  59.2% 23695/40000 |  111.3/s | elapsed 3m 33s | eta 2m 26s | process workers | seats 6 | tracked 15 | cur 1 hist 0 boot 0 teach 3 base 2 heur 0 | avg reward -0.000 
PPO linea    [################------------]  59.3% 23717/40000 |  111.3/s | elapsed 3m 33s | eta 2m 26s | process workers | seats 4 | tracked 15 | cur 1 hist 1 boot 0 teach 0 base 2 heur 0 | avg reward -0.000 
PPO linea    [################------------]  59.3% 23739/40000 |  111.3/s | elapsed 3m 33s | eta 2m 26s | process workers | seats 10 | tracked 30 | cur 2 hist 1 boot 1 teach 3 base 2 heur 1 | avg reward -0.000
PPO linea    [################------------]  59.4% 23761/40000 |  111.3/s | elapsed 3m 33s | eta 2m 26s | process workers | seats 10 | tracked 30 | cur 2 hist 3 boot 1 teach 3 base 1 heur 0 | avg reward -0.000
PPO linea    [################------------]  59.5% 23783/40000 |  111.3/s | elapsed 3m 34s | eta 2m 26s | process workers | seats 10 | tracked 30 | cur 2 hist 3 boot 3 teach 1 base 1 heur 0 | avg reward -0.000
PPO linea    [################------------]  59.5% 23805/40000 |  111.3/s | elapsed 3m 34s | eta 2m 25s | process workers | seats 8 | tracked 30 | cur 2 hist 1 boot 3 teach 2 base 0 heur 0 | avg reward -0.000 
PPO linea    [################------------]  59.6% 23827/40000 |  111.3/s | elapsed 3m 34s | eta 2m 25s | process workers | seats 10 | tracked 30 | cur 2 hist 0 boot 0 teach 4 base 3 heur 1 | avg reward -0.000
PPO linea    [################------------]  59.6% 23849/40000 |  111.3/s | elapsed 3m 34s | eta 2m 25s | process workers | seats 8 | tracked 15 | cur 1 hist 1 boot 1 teach 3 base 2 heur 0 | avg reward -0.000 
PPO linea    [################------------]  59.7% 23871/40000 |  111.3/s | elapsed 3m 34s | eta 2m 25s | process workers | seats 2 | tracked 15 | cur 1 hist 0 boot 1 teach 0 base 0 heur 0 | avg reward -0.000 
PPO linea    [################------------]  59.7% 23893/40000 |  111.3/s | elapsed 3m 35s | eta 2m 25s | process workers | seats 10 | tracked 30 | cur 2 hist 1 boot 2 teach 3 base 2 heur 0 | avg reward -0.000
PPO linea    [################------------]  59.8% 23915/40000 |  111.3/s | elapsed 3m 35s | eta 2m 25s | process workers | seats 6 | tracked 15 | cur 1 hist 1 boot 1 teach 1 base 2 heur 0 | avg reward -0.000 
PPO linea    [################------------]  59.8% 23937/40000 |  111.3/s | elapsed 3m 35s | eta 2m 24s | process workers | seats 2 | tracked 15 | cur 1 hist 0 boot 0 teach 1 base 0 heur 0 | avg reward -0.000 
PPO linea    [################------------]  59.9% 23959/40000 |  111.3/s | elapsed 3m 35s | eta 2m 24s | process workers | seats 6 | tracked 15 | cur 1 hist 0 boot 1 teach 4 base 0 heur 0 | avg reward -0.000 
PPO linea    [################------------]  60.0% 23981/40000 |  111.3/s | elapsed 3m 35s | eta 2m 24s | process workers | seats 4 | tracked 15 | cur 1 hist 2 boot 0 teach 0 base 0 heur 1 | avg reward -0.000 
PPO linea    [################------------]  60.0% 24003/40000 |  111.3/s | elapsed 3m 36s | eta 2m 24s | process workers | seats 8 | tracked 30 | cur 2 hist 2 boot 0 teach 2 base 2 heur 0 | avg reward -0.000 
PPO linea    [################------------]  60.1% 24025/40000 |  111.3/s | elapsed 3m 36s | eta 2m 24s | process workers | seats 8 | tracked 15 | cur 1 hist 2 boot 0 teach 4 base 1 heur 0 | avg reward -0.000 
PPO linea    [################------------]  60.1% 24047/40000 |  111.3/s | elapsed 3m 36s | eta 2m 23s | process workers | seats 4 | tracked 15 | cur 1 hist 2 boot 1 teach 0 base 0 heur 0 | avg reward -0.000 
PPO linea    [################------------]  60.2% 24069/40000 |  111.3/s | elapsed 3m 36s | eta 2m 23s | process workers | seats 8 | tracked 30 | cur 2 hist 0 boot 1 teach 3 base 1 heur 1 | avg reward -0.000 
PPO linea    [################------------]  60.2% 24091/40000 |  111.2/s | elapsed 3m 37s | eta 2m 23s | process workers | seats 10 | tracked 15 | cur 1 hist 1 boot 1 teach 5 base 2 heur 0 | avg reward -0.000
PPO linea    [################------------]  60.3% 24113/40000 |  111.2/s | elapsed 3m 37s | eta 2m 23s | process workers | seats 10 | tracked 30 | cur 2 hist 2 boot 2 teach 1 base 2 heur 1 | avg reward -0.000
PPO linea    [################------------]  60.3% 24135/40000 |  111.2/s | elapsed 3m 37s | eta 2m 23s | process workers | seats 10 | tracked 15 | cur 1 hist 0 boot 4 teach 4 base 1 heur 0 | avg reward -0.000
PPO linea    [################------------]  60.4% 24157/40000 |  111.2/s | elapsed 3m 37s | eta 2m 22s | process workers | seats 2 | tracked 15 | cur 1 hist 0 boot 0 teach 1 base 0 heur 0 | avg reward -0.000 
PPO linea    [################------------]  60.4% 24179/40000 |  111.2/s | elapsed 3m 37s | eta 2m 22s | process workers | seats 6 | tracked 15 | cur 1 hist 2 boot 1 teach 1 base 1 heur 0 | avg reward -0.000 
PPO linea    [################------------]  60.5% 24201/40000 |  111.2/s | elapsed 3m 38s | eta 2m 22s | process workers | seats 6 | tracked 15 | cur 1 hist 0 boot 2 teach 3 base 0 heur 0 | avg reward -0.000 
PPO linea    [################------------]  60.6% 24223/40000 |  111.2/s | elapsed 3m 38s | eta 2m 22s | process workers | seats 10 | tracked 15 | cur 1 hist 2 boot 2 teach 5 base 0 heur 0 | avg reward -0.000
PPO linea    [################------------]  60.6% 24245/40000 |  111.2/s | elapsed 3m 38s | eta 2m 22s | process workers | seats 10 | tracked 30 | cur 2 hist 0 boot 0 teach 6 base 0 heur 2 | avg reward -0.000
PPO linea    [################------------]  60.7% 24267/40000 |  111.2/s | elapsed 3m 38s | eta 2m 22s | process workers | seats 8 | tracked 15 | cur 1 hist 1 boot 2 teach 4 base 0 heur 0 | avg reward -0.000 
PPO linea    [#################-----------]  60.7% 24289/40000 |  111.2/s | elapsed 3m 38s | eta 2m 21s | process workers | seats 4 | tracked 15 | cur 1 hist 0 boot 2 teach 0 base 1 heur 0 | avg reward -0.000 
PPO linea    [#################-----------]  60.8% 24311/40000 |  111.2/s | elapsed 3m 39s | eta 2m 21s | process workers | seats 6 | tracked 15 | cur 1 hist 1 boot 2 teach 2 base 0 heur 0 | avg reward -0.000 
PPO linea    [#################-----------]  60.8% 24333/40000 |  111.2/s | elapsed 3m 39s | eta 2m 21s | process workers | seats 10 | tracked 15 | cur 1 hist 1 boot 1 teach 3 base 3 heur 1 | avg reward -0.000
PPO linea    [#################-----------]  60.9% 24355/40000 |  111.2/s | elapsed 3m 39s | eta 2m 21s | process workers | seats 4 | tracked 15 | cur 1 hist 2 boot 0 teach 1 base 0 heur 0 | avg reward -0.000 
PPO linea    [#################-----------]  60.9% 24377/40000 |  111.2/s | elapsed 3m 39s | eta 2m 21s | process workers | seats 6 | tracked 15 | cur 1 hist 0 boot 0 teach 2 base 3 heur 0 | avg reward -0.000 
PPO linea    [#################-----------]  61.0% 24399/40000 |  111.2/s | elapsed 3m 39s | eta 2m 20s | process workers | seats 10 | tracked 15 | cur 1 hist 3 boot 2 teach 4 base 0 heur 0 | avg reward -0.000
PPO linea    [#################-----------]  61.1% 24421/40000 |  111.2/s | elapsed 3m 40s | eta 2m 20s | process workers | seats 4 | tracked 15 | cur 1 hist 1 boot 0 teach 1 base 1 heur 0 | avg reward -0.000 
PPO linea    [#################-----------]  61.1% 24443/40000 |  111.2/s | elapsed 3m 40s | eta 2m 20s | process workers | seats 6 | tracked 15 | cur 1 hist 2 boot 1 teach 1 base 1 heur 0 | avg reward -0.000 
PPO linea    [#################-----------]  61.2% 24465/40000 |  111.2/s | elapsed 3m 40s | eta 2m 20s | process workers | seats 10 | tracked 15 | cur 1 hist 1 boot 1 teach 4 base 2 heur 1 | avg reward -0.000
PPO linea    [#################-----------]  61.2% 24487/40000 |  111.2/s | elapsed 3m 40s | eta 2m 20s | process workers | seats 4 | tracked 15 | cur 1 hist 1 boot 0 teach 2 base 0 heur 0 | avg reward -0.000 
PPO linea    [#################-----------]  61.3% 24509/40000 |  111.2/s | elapsed 3m 40s | eta 2m 19s | process workers | seats 6 | tracked 15 | cur 1 hist 2 boot 0 teach 3 base 0 heur 0 | avg reward -0.000 
PPO linea    [#################-----------]  61.3% 24531/40000 |  111.2/s | elapsed 3m 41s | eta 2m 19s | process workers | seats 2 | tracked 15 | cur 1 hist 0 boot 1 teach 0 base 0 heur 0 | avg reward -0.000 
PPO linea    [#################-----------]  61.4% 24553/40000 |  111.2/s | elapsed 3m 41s | eta 2m 19s | process workers | seats 6 | tracked 15 | cur 1 hist 0 boot 2 teach 2 base 1 heur 0 | avg reward -0.000 
PPO linea    [#################-----------]  61.4% 24575/40000 |  111.2/s | elapsed 3m 41s | eta 2m 19s | process workers | seats 4 | tracked 15 | cur 1 hist 1 boot 0 teach 1 base 0 heur 1 | avg reward -0.000 
PPO linea    [#################-----------]  61.5% 24597/40000 |  111.1/s | elapsed 3m 41s | eta 2m 19s | process workers | seats 4 | tracked 15 | cur 1 hist 0 boot 1 teach 1 base 0 heur 1 | avg reward -0.000 
PPO linea    [#################-----------]  61.5% 24619/40000 |  111.1/s | elapsed 3m 41s | eta 2m 18s | process workers | seats 8 | tracked 15 | cur 1 hist 2 boot 0 teach 3 base 2 heur 0 | avg reward -0.000 
PPO linea    [#################-----------]  61.6% 24641/40000 |  111.2/s | elapsed 3m 42s | eta 2m 18s | process workers | seats 10 | tracked 15 | cur 1 hist 3 boot 1 teach 5 base 0 heur 0 | avg reward -0.000
PPO linea    [#################-----------]  61.7% 24663/40000 |  111.2/s | elapsed 3m 42s | eta 2m 18s | process workers | seats 4 | tracked 15 | cur 1 hist 3 boot 0 teach 0 base 0 heur 0 | avg reward -0.000 
PPO linea    [#################-----------]  61.7% 24685/40000 |  111.2/s | elapsed 3m 42s | eta 2m 18s | process workers | seats 2 | tracked 15 | cur 1 hist 0 boot 1 teach 0 base 0 heur 0 | avg reward -0.000 
PPO linea    [#################-----------]  61.8% 24707/40000 |  111.2/s | elapsed 3m 42s | eta 2m 18s | process workers | seats 2 | tracked 15 | cur 1 hist 0 boot 0 teach 1 base 0 heur 0 | avg reward -0.000 
PPO linea    [#################-----------]  61.8% 24729/40000 |  111.2/s | elapsed 3m 42s | eta 2m 17s | process workers | seats 10 | tracked 30 | cur 2 hist 0 boot 0 teach 5 base 2 heur 1 | avg reward -0.000
PPO linea    [#################-----------]  61.9% 24751/40000 |  111.2/s | elapsed 3m 43s | eta 2m 17s | process workers | seats 6 | tracked 15 | cur 1 hist 0 boot 1 teach 4 base 0 heur 0 | avg reward -0.000 
PPO linea    [#################-----------]  61.9% 24773/40000 |  111.2/s | elapsed 3m 43s | eta 2m 17s | process workers | seats 2 | tracked 15 | cur 1 hist 0 boot 1 teach 0 base 0 heur 0 | avg reward -0.000 
PPO linea    [#################-----------]  62.0% 24795/40000 |  111.2/s | elapsed 3m 43s | eta 2m 17s | process workers | seats 10 | tracked 15 | cur 1 hist 3 boot 2 teach 3 base 1 heur 0 | avg reward -0.000
PPO linea    [#################-----------]  62.0% 24817/40000 |  111.2/s | elapsed 3m 43s | eta 2m 17s | process workers | seats 6 | tracked 15 | cur 1 hist 1 boot 1 teach 1 base 2 heur 0 | avg reward -0.000 
PPO linea    [#################-----------]  62.1% 24839/40000 |  111.2/s | elapsed 3m 43s | eta 2m 16s | process workers | seats 10 | tracked 15 | cur 1 hist 0 boot 3 teach 4 base 1 heur 1 | avg reward -0.000
PPO linea    [#################-----------]  62.2% 24861/40000 |  111.2/s | elapsed 3m 44s | eta 2m 16s | process workers | seats 8 | tracked 15 | cur 1 hist 0 boot 2 teach 3 base 2 heur 0 | avg reward -0.000 
PPO linea    [#################-----------]  62.2% 24883/40000 |  111.2/s | elapsed 3m 44s | eta 2m 16s | process workers | seats 6 | tracked 15 | cur 1 hist 0 boot 2 teach 0 base 3 heur 0 | avg reward 0.000  
PPO linea    [#################-----------]  62.3% 24905/40000 |  111.2/s | elapsed 3m 44s | eta 2m 16s | process workers | seats 6 | tracked 15 | cur 1 hist 1 boot 1 teach 2 base 1 heur 0 | avg reward 0.000  
PPO linea    [#################-----------]  62.3% 24927/40000 |  111.2/s | elapsed 3m 44s | eta 2m 16s | process workers | seats 6 | tracked 15 | cur 1 hist 0 boot 1 teach 2 base 1 heur 1 | avg reward 0.000  
PPO linea    [#################-----------]  62.4% 24949/40000 |  111.2/s | elapsed 3m 44s | eta 2m 15s | process workers | seats 10 | tracked 15 | cur 1 hist 4 boot 1 teach 2 base 1 heur 1 | avg reward 0.000 
PPO linea    [#################-----------]  62.4% 24971/40000 |  111.2/s | elapsed 3m 45s | eta 2m 15s | process workers | seats 8 | tracked 15 | cur 1 hist 3 boot 1 teach 2 base 1 heur 0 | avg reward 0.000  
PPO linea    [#################-----------]  62.5% 24993/40000 |  111.2/s | elapsed 3m 45s | eta 2m 15s | process workers | seats 8 | tracked 15 | cur 1 hist 2 boot 2 teach 1 base 2 heur 0 | avg reward 0.000  
PPO linea    [#################-----------]  62.5% 25015/40000 |  111.2/s | elapsed 3m 45s | eta 2m 15s | process workers | seats 10 | tracked 15 | cur 1 hist 2 boot 1 teach 5 base 1 heur 0 | avg reward 0.000 
PPO linea    [#################-----------]  62.6% 25037/40000 |  111.2/s | elapsed 3m 45s | eta 2m 15s | process workers | seats 10 | tracked 15 | cur 1 hist 2 boot 1 teach 5 base 1 heur 0 | avg reward 0.000 
PPO linea    [#################-----------]  62.6% 25059/40000 |  111.2/s | elapsed 3m 45s | eta 2m 14s | process workers | seats 2 | tracked 15 | cur 1 hist 0 boot 0 teach 0 base 0 heur 1 | avg reward 0.000  
PPO linea    [#################-----------]  62.7% 25081/40000 |  111.2/s | elapsed 3m 46s | eta 2m 14s | process workers | seats 4 | tracked 15 | cur 1 hist 1 boot 1 teach 1 base 0 heur 0 | avg reward 0.000  
PPO linea    [#################-----------]  62.8% 25103/40000 |  111.2/s | elapsed 3m 46s | eta 2m 14s | process workers | seats 10 | tracked 30 | cur 2 hist 2 boot 0 teach 3 base 1 heur 2 | avg reward 0.000 
PPO linea    [#################-----------]  62.8% 25125/40000 |  111.2/s | elapsed 3m 46s | eta 2m 14s | process workers | seats 6 | tracked 15 | cur 1 hist 0 boot 3 teach 1 base 1 heur 0 | avg reward 0.000  
PPO linea    [#################-----------]  62.9% 25147/40000 |  111.2/s | elapsed 3m 46s | eta 2m 14s | process workers | seats 4 | tracked 15 | cur 1 hist 1 boot 0 teach 1 base 1 heur 0 | avg reward 0.000  
PPO linea    [#################-----------]  62.9% 25169/40000 |  111.2/s | elapsed 3m 46s | eta 2m 13s | process workers | seats 2 | tracked 15 | cur 1 hist 0 boot 0 teach 0 base 1 heur 0 | avg reward 0.000  
PPO linea    [#################-----------]  63.0% 25191/40000 |  111.2/s | elapsed 3m 47s | eta 2m 13s | process workers | seats 10 | tracked 15 | cur 1 hist 0 boot 5 teach 3 base 1 heur 0 | avg reward 0.000 
PPO linea    [#################-----------]  63.0% 25213/40000 |  111.2/s | elapsed 3m 47s | eta 2m 13s | process workers | seats 2 | tracked 15 | cur 1 hist 0 boot 0 teach 1 base 0 heur 0 | avg reward 0.000  
PPO linea    [#################-----------]  63.1% 25235/40000 |  111.2/s | elapsed 3m 47s | eta 2m 13s | process workers | seats 6 | tracked 15 | cur 1 hist 1 boot 1 teach 3 base 0 heur 0 | avg reward 0.000  
PPO linea    [#################-----------]  63.1% 25257/40000 |  111.2/s | elapsed 3m 47s | eta 2m 13s | process workers | seats 2 | tracked 15 | cur 1 hist 0 boot 0 teach 1 base 0 heur 0 | avg reward 0.000  
PPO linea    [#################-----------]  63.2% 25279/40000 |  111.2/s | elapsed 3m 47s | eta 2m 12s | process workers | seats 4 | tracked 15 | cur 1 hist 1 boot 1 teach 1 base 0 heur 0 | avg reward 0.000  
PPO linea    [#################-----------]  63.3% 25301/40000 |  111.2/s | elapsed 3m 48s | eta 2m 12s | process workers | seats 10 | tracked 30 | cur 2 hist 2 boot 0 teach 5 base 1 heur 0 | avg reward 0.000 
PPO linea    [#################-----------]  63.3% 25323/40000 |  111.2/s | elapsed 3m 48s | eta 2m 12s | process workers | seats 10 | tracked 15 | cur 1 hist 1 boot 1 teach 3 base 1 heur 3 | avg reward 0.000 
PPO linea    [#################-----------]  63.4% 25345/40000 |  111.2/s | elapsed 3m 48s | eta 2m 12s | process workers | seats 10 | tracked 30 | cur 2 hist 0 boot 1 teach 5 base 2 heur 0 | avg reward 0.000 
PPO linea    [#################-----------]  63.4% 25367/40000 |  111.2/s | elapsed 3m 48s | eta 2m 12s | process workers | seats 10 | tracked 30 | cur 2 hist 1 boot 0 teach 6 base 1 heur 0 | avg reward 0.000 
PPO linea    [#################-----------]  63.5% 25389/40000 |  111.2/s | elapsed 3m 48s | eta 2m 11s | process workers | seats 6 | tracked 15 | cur 1 hist 3 boot 0 teach 1 base 0 heur 1 | avg reward 0.000  
PPO linea    [#################-----------]  63.5% 25411/40000 |  111.2/s | elapsed 3m 49s | eta 2m 11s | process workers | seats 6 | tracked 15 | cur 1 hist 2 boot 0 teach 3 base 0 heur 0 | avg reward 0.000  
PPO linea    [#################-----------]  63.6% 25433/40000 |  111.2/s | elapsed 3m 49s | eta 2m 11s | process workers | seats 4 | tracked 15 | cur 1 hist 1 boot 1 teach 0 base 1 heur 0 | avg reward 0.000  
PPO linea    [#################-----------]  63.6% 25455/40000 |  111.2/s | elapsed 3m 49s | eta 2m 11s | process workers | seats 4 | tracked 15 | cur 1 hist 1 boot 0 teach 1 base 1 heur 0 | avg reward 0.000  
PPO linea    [#################-----------]  63.7% 25477/40000 |  111.2/s | elapsed 3m 49s | eta 2m 11s | process workers | seats 6 | tracked 15 | cur 1 hist 2 boot 1 teach 2 base 0 heur 0 | avg reward 0.000  
PPO linea    [#################-----------]  63.7% 25499/40000 |  111.2/s | elapsed 3m 49s | eta 2m 10s | process workers | seats 2 | tracked 15 | cur 1 hist 1 boot 0 teach 0 base 0 heur 0 | avg reward 0.000  
PPO linea    [#################-----------]  63.8% 25521/40000 |  111.2/s | elapsed 3m 50s | eta 2m 10s | process workers | seats 4 | tracked 15 | cur 1 hist 0 boot 0 teach 3 base 0 heur 0 | avg reward 0.000  
PPO linea    [#################-----------]  63.9% 25543/40000 |  111.2/s | elapsed 3m 50s | eta 2m 10s | process workers | seats 8 | tracked 15 | cur 1 hist 1 boot 1 teach 2 base 3 heur 0 | avg reward 0.000  
PPO linea    [#################-----------]  63.9% 25565/40000 |  111.2/s | elapsed 3m 50s | eta 2m 10s | process workers | seats 10 | tracked 15 | cur 1 hist 1 boot 0 teach 4 base 4 heur 0 | avg reward 0.000 
PPO linea    [#################-----------]  64.0% 25587/40000 |  111.2/s | elapsed 3m 50s | eta 2m 10s | process workers | seats 6 | tracked 15 | cur 1 hist 1 boot 0 teach 2 base 1 heur 1 | avg reward 0.000  
PPO linea    [#################-----------]  64.0% 25609/40000 |  111.2/s | elapsed 3m 50s | eta 2m 9s | process workers | seats 8 | tracked 15 | cur 1 hist 1 boot 3 teach 2 base 1 heur 0 | avg reward 0.000   
PPO linea    [#################-----------]  64.1% 25631/40000 |  111.2/s | elapsed 3m 51s | eta 2m 9s | process workers | seats 10 | tracked 30 | cur 2 hist 1 boot 3 teach 4 base 0 heur 0 | avg reward 0.000  
PPO linea    [#################-----------]  64.1% 25653/40000 |  111.2/s | elapsed 3m 51s | eta 2m 9s | process workers | seats 2 | tracked 15 | cur 1 hist 0 boot 0 teach 0 base 1 heur 0 | avg reward 0.000   
PPO linea    [#################-----------]  64.2% 25675/40000 |  111.2/s | elapsed 3m 51s | eta 2m 9s | process workers | seats 2 | tracked 15 | cur 1 hist 0 boot 0 teach 0 base 1 heur 0 | avg reward -0.000  
PPO linea    [#################-----------]  64.2% 25697/40000 |  111.2/s | elapsed 3m 51s | eta 2m 9s | process workers | seats 8 | tracked 15 | cur 1 hist 1 boot 1 teach 3 base 1 heur 1 | avg reward -0.000  
PPO linea    [##################----------]  64.3% 25719/40000 |  111.2/s | elapsed 3m 51s | eta 2m 8s | process workers | seats 10 | tracked 15 | cur 1 hist 3 boot 1 teach 5 base 0 heur 0 | avg reward -0.000 
PPO linea    [##################----------]  64.4% 25741/40000 |  111.2/s | elapsed 3m 52s | eta 2m 8s | process workers | seats 6 | tracked 15 | cur 1 hist 0 boot 1 teach 3 base 1 heur 0 | avg reward -0.000  
PPO linea    [##################----------]  64.4% 25763/40000 |  111.2/s | elapsed 3m 52s | eta 2m 8s | process workers | seats 4 | tracked 15 | cur 1 hist 1 boot 0 teach 1 base 0 heur 1 | avg reward -0.000  
PPO linea    [##################----------]  64.5% 25785/40000 |  111.2/s | elapsed 3m 52s | eta 2m 8s | process workers | seats 6 | tracked 15 | cur 1 hist 1 boot 1 teach 2 base 0 heur 1 | avg reward -0.000  
PPO linea    [##################----------]  64.5% 25807/40000 |  111.2/s | elapsed 3m 52s | eta 2m 8s | process workers | seats 6 | tracked 15 | cur 1 hist 1 boot 2 teach 1 base 0 heur 1 | avg reward -0.000  
PPO linea    [##################----------]  64.6% 25829/40000 |  111.2/s | elapsed 3m 52s | eta 2m 7s | process workers | seats 10 | tracked 15 | cur 1 hist 2 boot 2 teach 4 base 1 heur 0 | avg reward -0.000 
PPO linea    [##################----------]  64.6% 25851/40000 |  111.2/s | elapsed 3m 52s | eta 2m 7s | process workers | seats 10 | tracked 15 | cur 1 hist 3 boot 3 teach 2 base 1 heur 0 | avg reward -0.000 
PPO linea    [##################----------]  64.7% 25873/40000 |  111.2/s | elapsed 3m 53s | eta 2m 7s | process workers | seats 10 | tracked 15 | cur 1 hist 1 boot 3 teach 5 base 0 heur 0 | avg reward -0.000 
PPO linea    [##################----------]  64.7% 25895/40000 |  111.2/s | elapsed 3m 53s | eta 2m 7s | process workers | seats 6 | tracked 15 | cur 1 hist 0 boot 1 teach 4 base 0 heur 0 | avg reward -0.000  
PPO linea    [##################----------]  64.8% 25917/40000 |  111.2/s | elapsed 3m 53s | eta 2m 7s | process workers | seats 10 | tracked 30 | cur 2 hist 0 boot 4 teach 2 base 2 heur 0 | avg reward -0.000 
PPO linea    [##################----------]  64.8% 25939/40000 |  111.2/s | elapsed 3m 53s | eta 2m 6s | process workers | seats 4 | tracked 15 | cur 1 hist 1 boot 0 teach 1 base 0 heur 1 | avg reward -0.000  
PPO linea    [##################----------]  64.9% 25961/40000 |  111.2/s | elapsed 3m 53s | eta 2m 6s | process workers | seats 10 | tracked 30 | cur 2 hist 1 boot 1 teach 3 base 3 heur 0 | avg reward -0.000 
PPO linea    [##################----------]  65.0% 25983/40000 |  111.2/s | elapsed 3m 54s | eta 2m 6s | process workers | seats 4 | tracked 15 | cur 1 hist 0 boot 0 teach 1 base 1 heur 1 | avg reward -0.000  
PPO linea    [##################----------]  65.0% 26005/40000 |  111.2/s | elapsed 3m 54s | eta 2m 6s | process workers | seats 8 | tracked 15 | cur 1 hist 1 boot 2 teach 1 base 3 heur 0 | avg reward -0.000  
PPO linea    [##################----------]  65.1% 26027/40000 |  111.2/s | elapsed 3m 54s | eta 2m 6s | process workers | seats 6 | tracked 15 | cur 1 hist 1 boot 1 teach 2 base 1 heur 0 | avg reward -0.000  
PPO linea    [##################----------]  65.1% 26049/40000 |  111.2/s | elapsed 3m 54s | eta 2m 5s | process workers | seats 10 | tracked 30 | cur 2 hist 2 boot 3 teach 2 base 1 heur 0 | avg reward -0.000 
PPO linea    [##################----------]  65.2% 26071/40000 |  111.2/s | elapsed 3m 54s | eta 2m 5s | process workers | seats 8 | tracked 15 | cur 1 hist 2 boot 3 teach 2 base 0 heur 0 | avg reward -0.000  
PPO linea    [##################----------]  65.2% 26093/40000 |  111.2/s | elapsed 3m 55s | eta 2m 5s | process workers | seats 8 | tracked 30 | cur 2 hist 1 boot 0 teach 4 base 1 heur 0 | avg reward -0.000  
PPO linea    [##################----------]  65.3% 26115/40000 |  111.2/s | elapsed 3m 55s | eta 2m 5s | process workers | seats 6 | tracked 15 | cur 1 hist 2 boot 1 teach 2 base 0 heur 0 | avg reward -0.000  
PPO linea    [##################----------]  65.3% 26137/40000 |  111.2/s | elapsed 3m 55s | eta 2m 5s | process workers | seats 2 | tracked 15 | cur 1 hist 0 boot 0 teach 1 base 0 heur 0 | avg reward -0.000  
PPO linea    [##################----------]  65.4% 26159/40000 |  111.2/s | elapsed 3m 55s | eta 2m 4s | process workers | seats 6 | tracked 15 | cur 1 hist 0 boot 2 teach 3 base 0 heur 0 | avg reward -0.000  
PPO linea    [##################----------]  65.5% 26181/40000 |  111.2/s | elapsed 3m 55s | eta 2m 4s | process workers | seats 6 | tracked 15 | cur 1 hist 2 boot 0 teach 2 base 1 heur 0 | avg reward 0.000   
PPO linea    [##################----------]  65.5% 26203/40000 |  111.2/s | elapsed 3m 56s | eta 2m 4s | process workers | seats 10 | tracked 15 | cur 1 hist 3 boot 2 teach 4 base 0 heur 0 | avg reward 0.000  
PPO linea    [##################----------]  65.6% 26225/40000 |  111.2/s | elapsed 3m 56s | eta 2m 4s | process workers | seats 8 | tracked 30 | cur 2 hist 0 boot 2 teach 0 base 2 heur 2 | avg reward 0.000   
PPO linea    [##################----------]  65.6% 26247/40000 |  111.2/s | elapsed 3m 56s | eta 2m 4s | process workers | seats 4 | tracked 15 | cur 1 hist 0 boot 2 teach 1 base 0 heur 0 | avg reward 0.000   
PPO linea    [##################----------]  65.7% 26269/40000 |  111.2/s | elapsed 3m 56s | eta 2m 3s | process workers | seats 10 | tracked 15 | cur 1 hist 0 boot 3 teach 3 base 2 heur 1 | avg reward 0.000  
PPO linea    [##################----------]  65.7% 26291/40000 |  111.2/s | elapsed 3m 56s | eta 2m 3s | process workers | seats 6 | tracked 15 | cur 1 hist 1 boot 2 teach 1 base 1 heur 0 | avg reward -0.000  
PPO linea    [##################----------]  65.8% 26313/40000 |  111.2/s | elapsed 3m 57s | eta 2m 3s | process workers | seats 4 | tracked 15 | cur 1 hist 0 boot 2 teach 1 base 0 heur 0 | avg reward 0.000   
PPO linea    [##################----------]  65.8% 26335/40000 |  111.2/s | elapsed 3m 57s | eta 2m 3s | process workers | seats 6 | tracked 15 | cur 1 hist 0 boot 0 teach 2 base 2 heur 1 | avg reward 0.000   
PPO linea    [##################----------]  65.9% 26357/40000 |  111.2/s | elapsed 3m 57s | eta 2m 3s | process workers | seats 8 | tracked 15 | cur 1 hist 2 boot 1 teach 2 base 1 heur 1 | avg reward 0.000   
PPO linea    [##################----------]  65.9% 26379/40000 |  111.2/s | elapsed 3m 57s | eta 2m 2s | process workers | seats 2 | tracked 15 | cur 1 hist 0 boot 0 teach 1 base 0 heur 0 | avg reward 0.000   
PPO linea    [##################----------]  66.0% 26401/40000 |  111.2/s | elapsed 3m 57s | eta 2m 2s | process workers | seats 2 | tracked 15 | cur 1 hist 0 boot 0 teach 0 base 0 heur 1 | avg reward 0.000   
PPO linea    [##################----------]  66.1% 26423/40000 |  111.2/s | elapsed 3m 58s | eta 2m 2s | process workers | seats 10 | tracked 15 | cur 1 hist 2 boot 2 teach 3 base 2 heur 0 | avg reward 0.000  
PPO linea    [##################----------]  66.1% 26445/40000 |  111.2/s | elapsed 3m 58s | eta 2m 2s | process workers | seats 10 | tracked 15 | cur 1 hist 1 boot 2 teach 3 base 1 heur 2 | avg reward 0.000  
PPO linea    [##################----------]  66.2% 26467/40000 |  111.2/s | elapsed 3m 58s | eta 2m 2s | process workers | seats 8 | tracked 15 | cur 1 hist 0 boot 1 teach 5 base 0 heur 1 | avg reward -0.000  
PPO linea    [##################----------]  66.2% 26489/40000 |  111.2/s | elapsed 3m 58s | eta 2m 1s | process workers | seats 10 | tracked 15 | cur 1 hist 2 boot 5 teach 1 base 0 heur 1 | avg reward -0.000 
PPO linea    [##################----------]  66.3% 26511/40000 |  111.2/s | elapsed 3m 58s | eta 2m 1s | process workers | seats 4 | tracked 15 | cur 1 hist 0 boot 0 teach 0 base 2 heur 1 | avg reward -0.000  
PPO linea    [##################----------]  66.3% 26533/40000 |  111.2/s | elapsed 3m 59s | eta 2m 1s | process workers | seats 10 | tracked 30 | cur 2 hist 0 boot 0 teach 5 base 3 heur 0 | avg reward -0.000 
PPO linea    [##################----------]  66.4% 26555/40000 |  111.2/s | elapsed 3m 59s | eta 2m 1s | process workers | seats 10 | tracked 30 | cur 2 hist 1 boot 3 teach 3 base 1 heur 0 | avg reward -0.000 
PPO linea    [##################----------]  66.4% 26577/40000 |  111.2/s | elapsed 3m 59s | eta 2m 1s | process workers | seats 6 | tracked 15 | cur 1 hist 1 boot 0 teach 1 base 1 heur 2 | avg reward -0.000  
PPO linea    [##################----------]  66.5% 26599/40000 |  111.2/s | elapsed 3m 59s | eta 2m 0s | process workers | seats 4 | tracked 15 | cur 1 hist 0 boot 0 teach 1 base 2 heur 0 | avg reward -0.000  
PPO linea    [##################----------]  66.6% 26621/40000 |  111.2/s | elapsed 3m 59s | eta 2m 0s | process workers | seats 2 | tracked 15 | cur 1 hist 0 boot 0 teach 0 base 1 heur 0 | avg reward -0.000  
PPO linea    [##################----------]  66.6% 26643/40000 |  111.2/s | elapsed 4m 0s | eta 2m 0s | process workers | seats 2 | tracked 15 | cur 1 hist 0 boot 0 teach 0 base 1 heur 0 | avg reward -0.000   
PPO linea    [##################----------]  66.7% 26665/40000 |  111.2/s | elapsed 4m 0s | eta 2m 0s | process workers | seats 8 | tracked 15 | cur 1 hist 1 boot 2 teach 4 base 0 heur 0 | avg reward -0.000   
PPO linea    [##################----------]  66.7% 26687/40000 |  111.2/s | elapsed 4m 0s | eta 2m 0s | process workers | seats 6 | tracked 15 | cur 1 hist 1 boot 1 teach 1 base 1 heur 1 | avg reward -0.000   
PPO linea    [##################----------]  66.8% 26709/40000 |  111.2/s | elapsed 4m 0s | eta 1m 59s | process workers | seats 8 | tracked 15 | cur 1 hist 0 boot 3 teach 2 base 1 heur 1 | avg reward -0.000  
PPO linea    [##################----------]  66.8% 26731/40000 |  111.2/s | elapsed 4m 0s | eta 1m 59s | process workers | seats 10 | tracked 15 | cur 1 hist 4 boot 1 teach 1 base 2 heur 1 | avg reward -0.000 
PPO linea    [##################----------]  66.9% 26753/40000 |  111.2/s | elapsed 4m 0s | eta 1m 59s | process workers | seats 10 | tracked 30 | cur 2 hist 0 boot 1 teach 5 base 2 heur 0 | avg reward -0.000 
PPO linea    [##################----------]  66.9% 26775/40000 |  111.2/s | elapsed 4m 1s | eta 1m 59s | process workers | seats 4 | tracked 15 | cur 1 hist 0 boot 1 teach 1 base 0 heur 1 | avg reward -0.000  
PPO linea    [##################----------]  67.0% 26797/40000 |  111.2/s | elapsed 4m 1s | eta 1m 59s | process workers | seats 2 | tracked 15 | cur 1 hist 0 boot 1 teach 0 base 0 heur 0 | avg reward -0.000  
PPO linea    [##################----------]  67.0% 26819/40000 |  111.2/s | elapsed 4m 1s | eta 1m 58s | process workers | seats 4 | tracked 15 | cur 1 hist 0 boot 0 teach 3 base 0 heur 0 | avg reward -0.000  
PPO linea    [##################----------]  67.1% 26841/40000 |  111.2/s | elapsed 4m 1s | eta 1m 58s | process workers | seats 4 | tracked 15 | cur 1 hist 0 boot 2 teach 1 base 0 heur 0 | avg reward -0.000  
PPO linea    [##################----------]  67.2% 26863/40000 |  111.2/s | elapsed 4m 1s | eta 1m 58s | process workers | seats 10 | tracked 15 | cur 1 hist 4 boot 1 teach 3 base 0 heur 1 | avg reward -0.000 
PPO linea    [##################----------]  67.2% 26885/40000 |  111.2/s | elapsed 4m 2s | eta 1m 58s | process workers | seats 8 | tracked 30 | cur 2 hist 2 boot 0 teach 3 base 1 heur 0 | avg reward -0.000  
PPO linea    [##################----------]  67.3% 26907/40000 |  111.2/s | elapsed 4m 2s | eta 1m 58s | process workers | seats 6 | tracked 15 | cur 1 hist 1 boot 1 teach 2 base 1 heur 0 | avg reward -0.000  
PPO linea    [##################----------]  67.3% 26929/40000 |  111.2/s | elapsed 4m 2s | eta 1m 57s | process workers | seats 4 | tracked 15 | cur 1 hist 1 boot 0 teach 1 base 1 heur 0 | avg reward -0.000  
PPO linea    [##################----------]  67.4% 26951/40000 |  111.3/s | elapsed 4m 2s | eta 1m 57s | process workers | seats 4 | tracked 15 | cur 1 hist 0 boot 0 teach 1 base 1 heur 1 | avg reward -0.000  
PPO linea    [##################----------]  67.4% 26973/40000 |  111.2/s | elapsed 4m 2s | eta 1m 57s | process workers | seats 10 | tracked 30 | cur 2 hist 0 boot 0 teach 8 base 0 heur 0 | avg reward -0.000 
PPO linea    [##################----------]  67.5% 26995/40000 |  111.2/s | elapsed 4m 3s | eta 1m 57s | process workers | seats 10 | tracked 30 | cur 2 hist 1 boot 1 teach 5 base 1 heur 0 | avg reward -0.000 
PPO linea    [##################----------]  67.5% 27017/40000 |  111.2/s | elapsed 4m 3s | eta 1m 57s | process workers | seats 4 | tracked 15 | cur 1 hist 0 boot 1 teach 1 base 1 heur 0 | avg reward -0.000  
PPO linea    [##################----------]  67.6% 27039/40000 |  111.2/s | elapsed 4m 3s | eta 1m 57s | process workers | seats 10 | tracked 15 | cur 1 hist 2 boot 1 teach 4 base 1 heur 1 | avg reward -0.000 
PPO linea    [##################----------]  67.7% 27061/40000 |  111.2/s | elapsed 4m 3s | eta 1m 56s | process workers | seats 6 | tracked 15 | cur 1 hist 0 boot 0 teach 4 base 1 heur 0 | avg reward -0.000  
PPO linea    [##################----------]  67.7% 27083/40000 |  111.2/s | elapsed 4m 3s | eta 1m 56s | process workers | seats 8 | tracked 15 | cur 1 hist 1 boot 2 teach 3 base 1 heur 0 | avg reward -0.000  
PPO linea    [##################----------]  67.8% 27105/40000 |  111.2/s | elapsed 4m 4s | eta 1m 56s | process workers | seats 10 | tracked 30 | cur 2 hist 1 boot 0 teach 7 base 0 heur 0 | avg reward -0.000 
PPO linea    [##################----------]  67.8% 27127/40000 |  111.2/s | elapsed 4m 4s | eta 1m 56s | process workers | seats 6 | tracked 15 | cur 1 hist 3 boot 0 teach 2 base 0 heur 0 | avg reward -0.000  
PPO linea    [###################---------]  67.9% 27149/40000 |  111.2/s | elapsed 4m 4s | eta 1m 56s | process workers | seats 10 | tracked 30 | cur 2 hist 2 boot 4 teach 2 base 0 heur 0 | avg reward -0.000 
PPO linea    [###################---------]  67.9% 27171/40000 |  111.2/s | elapsed 4m 4s | eta 1m 55s | process workers | seats 4 | tracked 15 | cur 1 hist 1 boot 1 teach 1 base 0 heur 0 | avg reward -0.000  
PPO linea    [###################---------]  68.0% 27193/40000 |  111.2/s | elapsed 4m 4s | eta 1m 55s | process workers | seats 8 | tracked 30 | cur 2 hist 1 boot 0 teach 4 base 1 heur 0 | avg reward -0.000  
PPO linea    [###################---------]  68.0% 27215/40000 |  111.3/s | elapsed 4m 5s | eta 1m 55s | process workers | seats 6 | tracked 15 | cur 1 hist 0 boot 1 teach 3 base 1 heur 0 | avg reward -0.000  
PPO linea    [###################---------]  68.1% 27237/40000 |  111.3/s | elapsed 4m 5s | eta 1m 55s | process workers | seats 8 | tracked 15 | cur 1 hist 4 boot 0 teach 1 base 2 heur 0 | avg reward -0.000  
PPO linea    [###################---------]  68.1% 27259/40000 |  111.3/s | elapsed 4m 5s | eta 1m 55s | process workers | seats 8 | tracked 15 | cur 1 hist 1 boot 0 teach 3 base 1 heur 2 | avg reward -0.000  
PPO linea    [###################---------]  68.2% 27281/40000 |  111.3/s | elapsed 4m 5s | eta 1m 54s | process workers | seats 6 | tracked 15 | cur 1 hist 2 boot 1 teach 2 base 0 heur 0 | avg reward -0.000  
PPO linea    [###################---------]  68.3% 27303/40000 |  111.3/s | elapsed 4m 5s | eta 1m 54s | process workers | seats 6 | tracked 15 | cur 1 hist 2 boot 2 teach 0 base 0 heur 1 | avg reward -0.000  
PPO linea    [###################---------]  68.3% 27325/40000 |  111.3/s | elapsed 4m 6s | eta 1m 54s | process workers | seats 6 | tracked 15 | cur 1 hist 0 boot 2 teach 2 base 0 heur 1 | avg reward -0.000  
PPO linea    [###################---------]  68.4% 27347/40000 |  111.3/s | elapsed 4m 6s | eta 1m 54s | process workers | seats 10 | tracked 15 | cur 1 hist 3 boot 3 teach 2 base 1 heur 0 | avg reward -0.000 
PPO linea    [###################---------]  68.4% 27369/40000 |  111.3/s | elapsed 4m 6s | eta 1m 54s | process workers | seats 6 | tracked 15 | cur 1 hist 2 boot 0 teach 3 base 0 heur 0 | avg reward -0.000  
PPO linea    [###################---------]  68.5% 27391/40000 |  111.3/s | elapsed 4m 6s | eta 1m 53s | process workers | seats 4 | tracked 15 | cur 1 hist 0 boot 0 teach 1 base 0 heur 2 | avg reward -0.000  
PPO linea    [###################---------]  68.5% 27413/40000 |  111.3/s | elapsed 4m 6s | eta 1m 53s | process workers | seats 4 | tracked 15 | cur 1 hist 0 boot 0 teach 1 base 2 heur 0 | avg reward -0.000  
PPO linea    [###################---------]  68.6% 27435/40000 |  111.3/s | elapsed 4m 7s | eta 1m 53s | process workers | seats 4 | tracked 15 | cur 1 hist 0 boot 1 teach 1 base 1 heur 0 | avg reward -0.000  
PPO linea    [###################---------]  68.6% 27457/40000 |  111.3/s | elapsed 4m 7s | eta 1m 53s | process workers | seats 8 | tracked 15 | cur 1 hist 2 boot 1 teach 3 base 0 heur 1 | avg reward -0.000  
PPO linea    [###################---------]  68.7% 27479/40000 |  111.3/s | elapsed 4m 7s | eta 1m 53s | process workers | seats 8 | tracked 15 | cur 1 hist 3 boot 0 teach 3 base 0 heur 1 | avg reward -0.000  
PPO linea    [###################---------]  68.8% 27501/40000 |  111.2/s | elapsed 4m 7s | eta 1m 52s | process workers | seats 2 | tracked 15 | cur 1 hist 0 boot 0 teach 0 base 0 heur 1 | avg reward -0.000  
PPO linea    [###################---------]  68.8% 27523/40000 |  111.3/s | elapsed 4m 7s | eta 1m 52s | process workers | seats 10 | tracked 15 | cur 1 hist 1 boot 2 teach 4 base 2 heur 0 | avg reward -0.000 
PPO linea    [###################---------]  68.9% 27545/40000 |  111.3/s | elapsed 4m 8s | eta 1m 52s | process workers | seats 10 | tracked 15 | cur 1 hist 2 boot 3 teach 3 base 1 heur 0 | avg reward -0.000 
PPO linea    [###################---------]  68.9% 27567/40000 |  111.3/s | elapsed 4m 8s | eta 1m 52s | process workers | seats 4 | tracked 15 | cur 1 hist 0 boot 1 teach 1 base 0 heur 1 | avg reward -0.000  
PPO linea    [###################---------]  69.0% 27589/40000 |  111.3/s | elapsed 4m 8s | eta 1m 52s | process workers | seats 4 | tracked 15 | cur 1 hist 2 boot 0 teach 1 base 0 heur 0 | avg reward -0.000  
PPO linea    [###################---------]  69.0% 27611/40000 |  111.3/s | elapsed 4m 8s | eta 1m 51s | process workers | seats 10 | tracked 15 | cur 1 hist 0 boot 3 teach 3 base 2 heur 1 | avg reward -0.000 
PPO linea    [###################---------]  69.1% 27633/40000 |  111.3/s | elapsed 4m 8s | eta 1m 51s | process workers | seats 6 | tracked 15 | cur 1 hist 2 boot 0 teach 2 base 1 heur 0 | avg reward -0.000  
PPO linea    [###################---------]  69.1% 27655/40000 |  111.2/s | elapsed 4m 9s | eta 1m 51s | process workers | seats 6 | tracked 15 | cur 1 hist 3 boot 1 teach 1 base 0 heur 0 | avg reward -0.000  
PPO linea    [###################---------]  69.2% 27677/40000 |  111.2/s | elapsed 4m 9s | eta 1m 51s | process workers | seats 8 | tracked 30 | cur 2 hist 3 boot 1 teach 1 base 1 heur 0 | avg reward -0.000  
PPO linea    [###################---------]  69.2% 27699/40000 |  111.2/s | elapsed 4m 9s | eta 1m 51s | process workers | seats 10 | tracked 15 | cur 1 hist 1 boot 1 teach 6 base 1 heur 0 | avg reward -0.000 
PPO linea    [###################---------]  69.3% 27721/40000 |  111.3/s | elapsed 4m 9s | eta 1m 50s | process workers | seats 8 | tracked 15 | cur 1 hist 1 boot 0 teach 2 base 3 heur 1 | avg reward -0.000  
PPO linea    [###################---------]  69.4% 27743/40000 |  111.3/s | elapsed 4m 9s | eta 1m 50s | process workers | seats 8 | tracked 30 | cur 2 hist 0 boot 0 teach 3 base 3 heur 0 | avg reward -0.000  
PPO linea    [###################---------]  69.4% 27765/40000 |  111.3/s | elapsed 4m 10s | eta 1m 50s | process workers | seats 10 | tracked 30 | cur 2 hist 3 boot 2 teach 2 base 1 heur 0 | avg reward -0.000
PPO linea    [###################---------]  69.5% 27787/40000 |  111.2/s | elapsed 4m 10s | eta 1m 50s | process workers | seats 2 | tracked 15 | cur 1 hist 0 boot 0 teach 0 base 0 heur 1 | avg reward -0.000 
PPO linea    [###################---------]  69.5% 27809/40000 |  111.3/s | elapsed 4m 10s | eta 1m 50s | process workers | seats 4 | tracked 15 | cur 1 hist 0 boot 2 teach 0 base 1 heur 0 | avg reward -0.000 
PPO linea    [###################---------]  69.6% 27831/40000 |  111.2/s | elapsed 4m 10s | eta 1m 49s | process workers | seats 8 | tracked 15 | cur 1 hist 2 boot 1 teach 4 base 0 heur 0 | avg reward -0.000 
PPO linea    [###################---------]  69.6% 27853/40000 |  111.2/s | elapsed 4m 10s | eta 1m 49s | process workers | seats 2 | tracked 15 | cur 1 hist 1 boot 0 teach 0 base 0 heur 0 | avg reward -0.000 
PPO linea    [###################---------]  69.7% 27875/40000 |  111.2/s | elapsed 4m 11s | eta 1m 49s | process workers | seats 10 | tracked 30 | cur 2 hist 3 boot 3 teach 1 base 1 heur 0 | avg reward -0.000
PPO linea    [###################---------]  69.7% 27897/40000 |  111.3/s | elapsed 4m 11s | eta 1m 49s | process workers | seats 4 | tracked 15 | cur 1 hist 1 boot 0 teach 0 base 2 heur 0 | avg reward -0.000 
PPO linea    [###################---------]  69.8% 27919/40000 |  111.3/s | elapsed 4m 11s | eta 1m 49s | process workers | seats 4 | tracked 15 | cur 1 hist 0 boot 1 teach 2 base 0 heur 0 | avg reward -0.000 
PPO linea    [###################---------]  69.9% 27941/40000 |  111.3/s | elapsed 4m 11s | eta 1m 48s | process workers | seats 10 | tracked 15 | cur 1 hist 1 boot 1 teach 5 base 2 heur 0 | avg reward -0.000
PPO linea    [###################---------]  69.9% 27963/40000 |  111.3/s | elapsed 4m 11s | eta 1m 48s | process workers | seats 2 | tracked 15 | cur 1 hist 1 boot 0 teach 0 base 0 heur 0 | avg reward -0.000 
PPO linea    [###################---------]  70.0% 27985/40000 |  111.3/s | elapsed 4m 12s | eta 1m 48s | process workers | seats 6 | tracked 15 | cur 1 hist 1 boot 2 teach 2 base 0 heur 0 | avg reward -0.000 
PPO linea    [###################---------]  70.0% 28007/40000 |  111.3/s | elapsed 4m 12s | eta 1m 48s | process workers | seats 6 | tracked 15 | cur 1 hist 0 boot 2 teach 1 base 2 heur 0 | avg reward -0.000 
PPO linea    [###################---------]  70.1% 28029/40000 |  111.3/s | elapsed 4m 12s | eta 1m 48s | process workers | seats 10 | tracked 30 | cur 2 hist 2 boot 1 teach 4 base 1 heur 0 | avg reward -0.000
PPO linea    [###################---------]  70.1% 28051/40000 |  111.3/s | elapsed 4m 12s | eta 1m 47s | process workers | seats 4 | tracked 15 | cur 1 hist 0 boot 0 teach 2 base 1 heur 0 | avg reward -0.000 
PPO linea    [###################---------]  70.2% 28073/40000 |  111.3/s | elapsed 4m 12s | eta 1m 47s | process workers | seats 4 | tracked 15 | cur 1 hist 2 boot 0 teach 0 base 0 heur 1 | avg reward -0.000 
PPO linea    [###################---------]  70.2% 28095/40000 |  111.3/s | elapsed 4m 13s | eta 1m 47s | process workers | seats 6 | tracked 15 | cur 1 hist 2 boot 1 teach 2 base 0 heur 0 | avg reward -0.000 
PPO linea    [###################---------]  70.3% 28117/40000 |  111.3/s | elapsed 4m 13s | eta 1m 47s | process workers | seats 4 | tracked 15 | cur 1 hist 0 boot 1 teach 1 base 1 heur 0 | avg reward -0.000 
PPO linea    [###################---------]  70.3% 28139/40000 |  111.3/s | elapsed 4m 13s | eta 1m 47s | process workers | seats 2 | tracked 15 | cur 1 hist 0 boot 0 teach 1 base 0 heur 0 | avg reward -0.000 
PPO linea    [###################---------]  70.4% 28161/40000 |  111.2/s | elapsed 4m 13s | eta 1m 46s | process workers | seats 10 | tracked 15 | cur 1 hist 3 boot 1 teach 3 base 0 heur 2 | avg reward -0.000
PPO linea    [###################---------]  70.5% 28183/40000 |  111.2/s | elapsed 4m 13s | eta 1m 46s | process workers | seats 8 | tracked 15 | cur 1 hist 3 boot 1 teach 3 base 0 heur 0 | avg reward -0.000 
PPO linea    [###################---------]  70.5% 28205/40000 |  111.2/s | elapsed 4m 14s | eta 1m 46s | process workers | seats 6 | tracked 15 | cur 1 hist 2 boot 0 teach 0 base 2 heur 1 | avg reward -0.000 
PPO linea    [###################---------]  70.6% 28227/40000 |  111.2/s | elapsed 4m 14s | eta 1m 46s | process workers | seats 6 | tracked 15 | cur 1 hist 1 boot 0 teach 2 base 1 heur 1 | avg reward -0.000 
PPO linea    [###################---------]  70.6% 28249/40000 |  111.2/s | elapsed 4m 14s | eta 1m 46s | process workers | seats 10 | tracked 15 | cur 1 hist 2 boot 2 teach 4 base 0 heur 1 | avg reward -0.000
PPO linea    [###################---------]  70.7% 28271/40000 |  111.2/s | elapsed 4m 14s | eta 1m 45s | process workers | seats 4 | tracked 15 | cur 1 hist 0 boot 1 teach 1 base 1 heur 0 | avg reward -0.000 
PPO linea    [###################---------]  70.7% 28293/40000 |  111.2/s | elapsed 4m 14s | eta 1m 45s | process workers | seats 6 | tracked 15 | cur 1 hist 2 boot 0 teach 3 base 0 heur 0 | avg reward -0.000 
PPO linea    [###################---------]  70.8% 28315/40000 |  111.2/s | elapsed 4m 15s | eta 1m 45s | process workers | seats 6 | tracked 15 | cur 1 hist 0 boot 1 teach 4 base 0 heur 0 | avg reward -0.000 
PPO linea    [###################---------]  70.8% 28337/40000 |  111.2/s | elapsed 4m 15s | eta 1m 45s | process workers | seats 8 | tracked 15 | cur 1 hist 2 boot 3 teach 2 base 0 heur 0 | avg reward -0.000 
PPO linea    [###################---------]  70.9% 28359/40000 |  111.2/s | elapsed 4m 15s | eta 1m 45s | process workers | seats 6 | tracked 15 | cur 1 hist 2 boot 1 teach 1 base 1 heur 0 | avg reward -0.000 
PPO linea    [###################---------]  71.0% 28381/40000 |  111.2/s | elapsed 4m 15s | eta 1m 44s | process workers | seats 10 | tracked 15 | cur 1 hist 3 boot 4 teach 1 base 1 heur 0 | avg reward -0.000
PPO linea    [###################---------]  71.0% 28403/40000 |  111.2/s | elapsed 4m 15s | eta 1m 44s | process workers | seats 8 | tracked 30 | cur 2 hist 0 boot 1 teach 5 base 0 heur 0 | avg reward -0.000 
PPO linea    [###################---------]  71.1% 28425/40000 |  111.2/s | elapsed 4m 16s | eta 1m 44s | process workers | seats 8 | tracked 30 | cur 2 hist 1 boot 1 teach 2 base 2 heur 0 | avg reward -0.000 
PPO linea    [###################---------]  71.1% 28447/40000 |  111.2/s | elapsed 4m 16s | eta 1m 44s | process workers | seats 10 | tracked 15 | cur 1 hist 4 boot 2 teach 2 base 1 heur 0 | avg reward -0.000
PPO linea    [###################---------]  71.2% 28469/40000 |  111.3/s | elapsed 4m 16s | eta 1m 44s | process workers | seats 10 | tracked 30 | cur 2 hist 4 boot 0 teach 2 base 1 heur 1 | avg reward -0.000
PPO linea    [###################---------]  71.2% 28491/40000 |  111.2/s | elapsed 4m 16s | eta 1m 43s | process workers | seats 8 | tracked 15 | cur 1 hist 5 boot 0 teach 2 base 0 heur 0 | avg reward -0.000 
PPO linea    [###################---------]  71.3% 28513/40000 |  111.2/s | elapsed 4m 16s | eta 1m 43s | process workers | seats 4 | tracked 15 | cur 1 hist 1 boot 0 teach 0 base 1 heur 1 | avg reward -0.000 
PPO linea    [###################---------]  71.3% 28535/40000 |  111.2/s | elapsed 4m 17s | eta 1m 43s | process workers | seats 10 | tracked 15 | cur 1 hist 1 boot 1 teach 5 base 2 heur 0 | avg reward -0.000
PPO linea    [###################---------]  71.4% 28557/40000 |  111.3/s | elapsed 4m 17s | eta 1m 43s | process workers | seats 8 | tracked 15 | cur 1 hist 3 boot 1 teach 1 base 1 heur 1 | avg reward -0.000 
PPO linea    [####################--------]  71.4% 28579/40000 |  111.2/s | elapsed 4m 17s | eta 1m 43s | process workers | seats 4 | tracked 15 | cur 1 hist 2 boot 0 teach 1 base 0 heur 0 | avg reward -0.000 
PPO linea    [####################--------]  71.5% 28601/40000 |  111.2/s | elapsed 4m 17s | eta 1m 42s | process workers | seats 10 | tracked 15 | cur 1 hist 1 boot 2 teach 5 base 1 heur 0 | avg reward -0.000
PPO linea    [####################--------]  71.6% 28623/40000 |  111.3/s | elapsed 4m 17s | eta 1m 42s | process workers | seats 6 | tracked 15 | cur 1 hist 2 boot 0 teach 3 base 0 heur 0 | avg reward -0.000 
PPO linea    [####################--------]  71.6% 28645/40000 |  111.2/s | elapsed 4m 17s | eta 1m 42s | process workers | seats 6 | tracked 15 | cur 1 hist 2 boot 2 teach 1 base 0 heur 0 | avg reward -0.000 
PPO linea    [####################--------]  71.7% 28667/40000 |  111.3/s | elapsed 4m 18s | eta 1m 42s | process workers | seats 8 | tracked 15 | cur 1 hist 3 boot 1 teach 3 base 0 heur 0 | avg reward -0.000 
PPO linea    [####################--------]  71.7% 28689/40000 |  111.3/s | elapsed 4m 18s | eta 1m 42s | process workers | seats 6 | tracked 15 | cur 1 hist 1 boot 0 teach 1 base 1 heur 2 | avg reward -0.000 
PPO linea    [####################--------]  71.8% 28711/40000 |  111.3/s | elapsed 4m 18s | eta 1m 41s | process workers | seats 4 | tracked 15 | cur 1 hist 2 boot 0 teach 1 base 0 heur 0 | avg reward -0.000 
PPO linea    [####################--------]  71.8% 28733/40000 |  111.3/s | elapsed 4m 18s | eta 1m 41s | process workers | seats 2 | tracked 15 | cur 1 hist 0 boot 0 teach 0 base 1 heur 0 | avg reward -0.000 
PPO linea    [####################--------]  71.9% 28755/40000 |  111.3/s | elapsed 4m 18s | eta 1m 41s | process workers | seats 2 | tracked 15 | cur 1 hist 1 boot 0 teach 0 base 0 heur 0 | avg reward -0.000 
PPO linea    [####################--------]  71.9% 28777/40000 |  111.3/s | elapsed 4m 19s | eta 1m 41s | process workers | seats 10 | tracked 30 | cur 2 hist 3 boot 3 teach 1 base 0 heur 1 | avg reward -0.000
PPO linea    [####################--------]  72.0% 28799/40000 |  111.3/s | elapsed 4m 19s | eta 1m 41s | process workers | seats 4 | tracked 15 | cur 1 hist 1 boot 0 teach 1 base 1 heur 0 | avg reward -0.000 
PPO linea    [####################--------]  72.1% 28821/40000 |  111.3/s | elapsed 4m 19s | eta 1m 40s | process workers | seats 10 | tracked 30 | cur 2 hist 2 boot 0 teach 3 base 3 heur 0 | avg reward -0.000
PPO linea    [####################--------]  72.1% 28843/40000 |  111.3/s | elapsed 4m 19s | eta 1m 40s | process workers | seats 8 | tracked 15 | cur 1 hist 1 boot 1 teach 2 base 2 heur 1 | avg reward -0.000 
PPO linea    [####################--------]  72.2% 28865/40000 |  111.3/s | elapsed 4m 19s | eta 1m 40s | process workers | seats 2 | tracked 15 | cur 1 hist 0 boot 0 teach 1 base 0 heur 0 | avg reward -0.000 
PPO linea    [####################--------]  72.2% 28887/40000 |  111.3/s | elapsed 4m 20s | eta 1m 40s | process workers | seats 6 | tracked 15 | cur 1 hist 1 boot 1 teach 1 base 2 heur 0 | avg reward -0.000 
PPO linea    [####################--------]  72.3% 28909/40000 |  111.3/s | elapsed 4m 20s | eta 1m 40s | process workers | seats 2 | tracked 15 | cur 1 hist 0 boot 1 teach 0 base 0 heur 0 | avg reward -0.000 
PPO linea    [####################--------]  72.3% 28931/40000 |  111.3/s | elapsed 4m 20s | eta 1m 39s | process workers | seats 6 | tracked 15 | cur 1 hist 2 boot 2 teach 0 base 0 heur 1 | avg reward -0.000 
PPO linea    [####################--------]  72.4% 28953/40000 |  111.3/s | elapsed 4m 20s | eta 1m 39s | process workers | seats 10 | tracked 30 | cur 2 hist 2 boot 1 teach 3 base 2 heur 0 | avg reward -0.000
PPO linea    [####################--------]  72.4% 28975/40000 |  111.3/s | elapsed 4m 20s | eta 1m 39s | process workers | seats 6 | tracked 15 | cur 1 hist 0 boot 1 teach 2 base 1 heur 1 | avg reward -0.000 
PPO linea    [####################--------]  72.5% 28997/40000 |  111.3/s | elapsed 4m 21s | eta 1m 39s | process workers | seats 6 | tracked 15 | cur 1 hist 3 boot 0 teach 2 base 0 heur 0 | avg reward -0.000 
PPO linea    [####################--------]  72.5% 29019/40000 |  111.3/s | elapsed 4m 21s | eta 1m 39s | process workers | seats 4 | tracked 15 | cur 1 hist 1 boot 0 teach 1 base 0 heur 1 | avg reward -0.000 
PPO linea    [####################--------]  72.6% 29041/40000 |  111.3/s | elapsed 4m 21s | eta 1m 38s | process workers | seats 4 | tracked 15 | cur 1 hist 0 boot 0 teach 2 base 1 heur 0 | avg reward -0.000 
PPO linea    [####################--------]  72.7% 29063/40000 |  111.3/s | elapsed 4m 21s | eta 1m 38s | process workers | seats 2 | tracked 15 | cur 1 hist 0 boot 0 teach 1 base 0 heur 0 | avg reward -0.000 
PPO linea    [####################--------]  72.7% 29085/40000 |  111.3/s | elapsed 4m 21s | eta 1m 38s | process workers | seats 10 | tracked 15 | cur 1 hist 1 boot 2 teach 4 base 1 heur 1 | avg reward -0.000
PPO linea    [####################--------]  72.8% 29107/40000 |  111.3/s | elapsed 4m 22s | eta 1m 38s | process workers | seats 10 | tracked 15 | cur 1 hist 3 boot 1 teach 3 base 2 heur 0 | avg reward -0.000
PPO linea    [####################--------]  72.8% 29129/40000 |  111.3/s | elapsed 4m 22s | eta 1m 38s | process workers | seats 6 | tracked 15 | cur 1 hist 1 boot 1 teach 2 base 1 heur 0 | avg reward -0.000 
PPO linea    [####################--------]  72.9% 29151/40000 |  111.3/s | elapsed 4m 22s | eta 1m 37s | process workers | seats 10 | tracked 15 | cur 1 hist 2 boot 1 teach 4 base 1 heur 1 | avg reward -0.000
PPO linea    [####################--------]  72.9% 29173/40000 |  111.3/s | elapsed 4m 22s | eta 1m 37s | process workers | seats 10 | tracked 30 | cur 2 hist 5 boot 0 teach 2 base 1 heur 0 | avg reward -0.000
PPO linea    [####################--------]  73.0% 29195/40000 |  111.3/s | elapsed 4m 22s | eta 1m 37s | process workers | seats 4 | tracked 15 | cur 1 hist 0 boot 1 teach 1 base 0 heur 1 | avg reward -0.000 
PPO linea    [####################--------]  73.0% 29217/40000 |  111.3/s | elapsed 4m 22s | eta 1m 37s | process workers | seats 10 | tracked 30 | cur 2 hist 1 boot 2 teach 4 base 1 heur 0 | avg reward -0.000
PPO linea    [####################--------]  73.1% 29239/40000 |  111.3/s | elapsed 4m 23s | eta 1m 37s | process workers | seats 10 | tracked 15 | cur 1 hist 2 boot 2 teach 4 base 1 heur 0 | avg reward -0.000
PPO linea    [####################--------]  73.2% 29261/40000 |  111.3/s | elapsed 4m 23s | eta 1m 36s | process workers | seats 8 | tracked 15 | cur 1 hist 1 boot 1 teach 4 base 0 heur 1 | avg reward -0.000 
PPO linea    [####################--------]  73.2% 29283/40000 |  111.3/s | elapsed 4m 23s | eta 1m 36s | process workers | seats 6 | tracked 15 | cur 1 hist 0 boot 1 teach 3 base 0 heur 1 | avg reward -0.000 
PPO linea    [####################--------]  73.3% 29305/40000 |  111.3/s | elapsed 4m 23s | eta 1m 36s | process workers | seats 8 | tracked 30 | cur 2 hist 0 boot 0 teach 4 base 1 heur 1 | avg reward -0.000 
PPO linea    [####################--------]  73.3% 29327/40000 |  111.3/s | elapsed 4m 23s | eta 1m 36s | process workers | seats 10 | tracked 15 | cur 1 hist 2 boot 1 teach 4 base 2 heur 0 | avg reward -0.000
PPO linea    [####################--------]  73.4% 29349/40000 |  111.3/s | elapsed 4m 24s | eta 1m 36s | process workers | seats 4 | tracked 15 | cur 1 hist 0 boot 2 teach 0 base 0 heur 1 | avg reward -0.000 
PPO linea    [####################--------]  73.4% 29371/40000 |  111.3/s | elapsed 4m 24s | eta 1m 35s | process workers | seats 8 | tracked 15 | cur 1 hist 0 boot 1 teach 2 base 3 heur 1 | avg reward -0.000 
PPO linea    [####################--------]  73.5% 29393/40000 |  111.3/s | elapsed 4m 24s | eta 1m 35s | process workers | seats 4 | tracked 15 | cur 1 hist 0 boot 0 teach 2 base 0 heur 1 | avg reward -0.000 
PPO linea    [####################--------]  73.5% 29415/40000 |  111.3/s | elapsed 4m 24s | eta 1m 35s | process workers | seats 4 | tracked 15 | cur 1 hist 0 boot 0 teach 2 base 1 heur 0 | avg reward -0.000 
PPO linea    [####################--------]  73.6% 29437/40000 |  111.3/s | elapsed 4m 24s | eta 1m 35s | process workers | seats 10 | tracked 15 | cur 1 hist 0 boot 3 teach 5 base 1 heur 0 | avg reward -0.000
PPO linea    [####################--------]  73.6% 29459/40000 |  111.3/s | elapsed 4m 25s | eta 1m 35s | process workers | seats 6 | tracked 15 | cur 1 hist 1 boot 0 teach 1 base 1 heur 2 | avg reward -0.000 
PPO linea    [####################--------]  73.7% 29481/40000 |  111.3/s | elapsed 4m 25s | eta 1m 35s | process workers | seats 10 | tracked 15 | cur 1 hist 3 boot 3 teach 3 base 0 heur 0 | avg reward -0.000
PPO linea    [####################--------]  73.8% 29503/40000 |  111.3/s | elapsed 4m 25s | eta 1m 34s | process workers | seats 8 | tracked 15 | cur 1 hist 2 boot 2 teach 2 base 1 heur 0 | avg reward -0.000 
PPO linea    [####################--------]  73.8% 29525/40000 |  111.3/s | elapsed 4m 25s | eta 1m 34s | process workers | seats 8 | tracked 30 | cur 2 hist 0 boot 2 teach 4 base 0 heur 0 | avg reward -0.000 
PPO linea    [####################--------]  73.9% 29547/40000 |  111.3/s | elapsed 4m 25s | eta 1m 34s | process workers | seats 8 | tracked 15 | cur 1 hist 1 boot 0 teach 6 base 0 heur 0 | avg reward -0.000 
PPO linea    [####################--------]  73.9% 29569/40000 |  111.3/s | elapsed 4m 26s | eta 1m 34s | process workers | seats 10 | tracked 15 | cur 1 hist 2 boot 2 teach 4 base 1 heur 0 | avg reward -0.000
PPO linea    [####################--------]  74.0% 29591/40000 |  111.3/s | elapsed 4m 26s | eta 1m 34s | process workers | seats 8 | tracked 15 | cur 1 hist 2 boot 2 teach 3 base 0 heur 0 | avg reward -0.000 
PPO linea    [####################--------]  74.0% 29613/40000 |  111.3/s | elapsed 4m 26s | eta 1m 33s | process workers | seats 4 | tracked 15 | cur 1 hist 0 boot 2 teach 0 base 1 heur 0 | avg reward -0.000 
PPO linea    [####################--------]  74.1% 29635/40000 |  111.3/s | elapsed 4m 26s | eta 1m 33s | process workers | seats 2 | tracked 15 | cur 1 hist 1 boot 0 teach 0 base 0 heur 0 | avg reward -0.000 
PPO linea    [####################--------]  74.1% 29657/40000 |  111.3/s | elapsed 4m 26s | eta 1m 33s | process workers | seats 6 | tracked 15 | cur 1 hist 1 boot 1 teach 2 base 1 heur 0 | avg reward -0.000 
PPO linea    [####################--------]  74.2% 29679/40000 |  111.3/s | elapsed 4m 27s | eta 1m 33s | process workers | seats 10 | tracked 30 | cur 2 hist 1 boot 0 teach 6 base 1 heur 0 | avg reward -0.000
PPO linea    [####################--------]  74.3% 29701/40000 |  111.3/s | elapsed 4m 27s | eta 1m 33s | process workers | seats 4 | tracked 15 | cur 1 hist 1 boot 2 teach 0 base 0 heur 0 | avg reward -0.000 
PPO linea    [####################--------]  74.3% 29723/40000 |  111.3/s | elapsed 4m 27s | eta 1m 32s | process workers | seats 8 | tracked 15 | cur 1 hist 2 boot 2 teach 3 base 0 heur 0 | avg reward -0.000 
PPO linea    [####################--------]  74.4% 29745/40000 |  111.3/s | elapsed 4m 27s | eta 1m 32s | process workers | seats 4 | tracked 15 | cur 1 hist 0 boot 0 teach 2 base 1 heur 0 | avg reward -0.000 
PPO linea    [####################--------]  74.4% 29767/40000 |  111.3/s | elapsed 4m 27s | eta 1m 32s | process workers | seats 10 | tracked 15 | cur 1 hist 2 boot 4 teach 3 base 0 heur 0 | avg reward -0.000
PPO linea    [####################--------]  74.5% 29789/40000 |  111.3/s | elapsed 4m 28s | eta 1m 32s | process workers | seats 4 | tracked 15 | cur 1 hist 0 boot 0 teach 1 base 0 heur 2 | avg reward -0.000 
PPO linea    [####################--------]  74.5% 29811/40000 |  111.3/s | elapsed 4m 28s | eta 1m 32s | process workers | seats 10 | tracked 15 | cur 1 hist 2 boot 3 teach 4 base 0 heur 0 | avg reward -0.000
PPO linea    [####################--------]  74.6% 29833/40000 |  111.3/s | elapsed 4m 28s | eta 1m 31s | process workers | seats 10 | tracked 15 | cur 1 hist 0 boot 1 teach 6 base 1 heur 1 | avg reward -0.000
PPO linea    [####################--------]  74.6% 29855/40000 |  111.3/s | elapsed 4m 28s | eta 1m 31s | process workers | seats 4 | tracked 15 | cur 1 hist 1 boot 0 teach 2 base 0 heur 0 | avg reward -0.000 
PPO linea    [####################--------]  74.7% 29877/40000 |  111.3/s | elapsed 4m 28s | eta 1m 31s | process workers | seats 10 | tracked 15 | cur 1 hist 4 boot 0 teach 2 base 2 heur 1 | avg reward -0.000
PPO linea    [####################--------]  74.7% 29899/40000 |  111.3/s | elapsed 4m 29s | eta 1m 31s | process workers | seats 10 | tracked 15 | cur 1 hist 2 boot 1 teach 3 base 2 heur 1 | avg reward -0.000
PPO linea    [####################--------]  74.8% 29921/40000 |  111.3/s | elapsed 4m 29s | eta 1m 31s | process workers | seats 6 | tracked 15 | cur 1 hist 1 boot 1 teach 1 base 2 heur 0 | avg reward -0.000 
PPO linea    [####################--------]  74.9% 29943/40000 |  111.3/s | elapsed 4m 29s | eta 1m 30s | process workers | seats 2 | tracked 15 | cur 1 hist 0 boot 0 teach 1 base 0 heur 0 | avg reward -0.000 
PPO linea    [####################--------]  74.9% 29965/40000 |  111.3/s | elapsed 4m 29s | eta 1m 30s | process workers | seats 8 | tracked 30 | cur 2 hist 2 boot 0 teach 3 base 1 heur 0 | avg reward -0.000 
PPO linea    [####################--------]  75.0% 29987/40000 |  111.3/s | elapsed 4m 29s | eta 1m 30s | process workers | seats 2 | tracked 15 | cur 1 hist 0 boot 0 teach 0 base 0 heur 1 | avg reward -0.000 
PPO linea    [#####################-------]  75.0% 30009/40000 |  111.4/s | elapsed 4m 29s | eta 1m 30s | process workers | seats 4 | tracked 15 | cur 1 hist 1 boot 0 teach 1 base 1 heur 0 | avg reward -0.000 
PPO linea    [#####################-------]  75.1% 30031/40000 |  111.4/s | elapsed 4m 30s | eta 1m 30s | process workers | seats 4 | tracked 15 | cur 1 hist 1 boot 1 teach 0 base 1 heur 0 | avg reward -0.000 
PPO linea    [#####################-------]  75.1% 30053/40000 |  111.3/s | elapsed 4m 30s | eta 1m 29s | process workers | seats 10 | tracked 15 | cur 1 hist 4 boot 2 teach 2 base 0 heur 1 | avg reward -0.000
PPO linea    [#####################-------]  75.2% 30075/40000 |  111.3/s | elapsed 4m 30s | eta 1m 29s | process workers | seats 8 | tracked 15 | cur 1 hist 1 boot 1 teach 4 base 0 heur 1 | avg reward -0.000 
PPO linea    [#####################-------]  75.2% 30097/40000 |  111.3/s | elapsed 4m 30s | eta 1m 29s | process workers | seats 10 | tracked 15 | cur 1 hist 1 boot 0 teach 7 base 0 heur 1 | avg reward -0.000
PPO linea    [#####################-------]  75.3% 30119/40000 |  111.3/s | elapsed 4m 31s | eta 1m 29s | process workers | seats 8 | tracked 15 | cur 1 hist 2 boot 0 teach 4 base 1 heur 0 | avg reward -0.000 
PPO linea    [#####################-------]  75.4% 30141/40000 |  111.3/s | elapsed 4m 31s | eta 1m 29s | process workers | seats 2 | tracked 15 | cur 1 hist 0 boot 1 teach 0 base 0 heur 0 | avg reward -0.000 
PPO linea    [#####################-------]  75.4% 30163/40000 |  111.3/s | elapsed 4m 31s | eta 1m 28s | process workers | seats 6 | tracked 15 | cur 1 hist 0 boot 0 teach 4 base 0 heur 1 | avg reward -0.000 
PPO linea    [#####################-------]  75.5% 30185/40000 |  111.3/s | elapsed 4m 31s | eta 1m 28s | process workers | seats 4 | tracked 15 | cur 1 hist 0 boot 1 teach 1 base 1 heur 0 | avg reward -0.000 
PPO linea    [#####################-------]  75.5% 30207/40000 |  111.3/s | elapsed 4m 31s | eta 1m 28s | process workers | seats 4 | tracked 15 | cur 1 hist 0 boot 1 teach 2 base 0 heur 0 | avg reward -0.000 
PPO linea    [#####################-------]  75.6% 30229/40000 |  111.3/s | elapsed 4m 32s | eta 1m 28s | process workers | seats 10 | tracked 15 | cur 1 hist 2 boot 2 teach 4 base 0 heur 1 | avg reward -0.000
PPO linea    [#####################-------]  75.6% 30251/40000 |  111.3/s | elapsed 4m 32s | eta 1m 28s | process workers | seats 6 | tracked 15 | cur 1 hist 2 boot 1 teach 2 base 0 heur 0 | avg reward -0.000 
PPO linea    [#####################-------]  75.7% 30273/40000 |  111.3/s | elapsed 4m 32s | eta 1m 27s | process workers | seats 10 | tracked 15 | cur 1 hist 1 boot 0 teach 6 base 2 heur 0 | avg reward -0.000
PPO linea    [#####################-------]  75.7% 30295/40000 |  111.3/s | elapsed 4m 32s | eta 1m 27s | process workers | seats 4 | tracked 15 | cur 1 hist 1 boot 1 teach 0 base 1 heur 0 | avg reward -0.000 
PPO linea    [#####################-------]  75.8% 30317/40000 |  111.3/s | elapsed 4m 32s | eta 1m 27s | process workers | seats 10 | tracked 15 | cur 1 hist 4 boot 2 teach 1 base 1 heur 1 | avg reward -0.000
PPO linea    [#####################-------]  75.8% 30339/40000 |  111.3/s | elapsed 4m 32s | eta 1m 27s | process workers | seats 8 | tracked 15 | cur 1 hist 2 boot 1 teach 2 base 2 heur 0 | avg reward -0.000 
PPO linea    [#####################-------]  75.9% 30361/40000 |  111.3/s | elapsed 4m 33s | eta 1m 27s | process workers | seats 8 | tracked 15 | cur 1 hist 2 boot 1 teach 3 base 0 heur 1 | avg reward -0.000 
PPO linea    [#####################-------]  76.0% 30383/40000 |  111.3/s | elapsed 4m 33s | eta 1m 26s | process workers | seats 2 | tracked 15 | cur 1 hist 0 boot 0 teach 1 base 0 heur 0 | avg reward -0.000 
PPO linea    [#####################-------]  76.0% 30405/40000 |  111.3/s | elapsed 4m 33s | eta 1m 26s | process workers | seats 4 | tracked 15 | cur 1 hist 1 boot 0 teach 2 base 0 heur 0 | avg reward -0.000 
PPO linea    [#####################-------]  76.1% 30427/40000 |  111.4/s | elapsed 4m 33s | eta 1m 26s | process workers | seats 8 | tracked 30 | cur 2 hist 3 boot 1 teach 2 base 0 heur 0 | avg reward -0.000 
PPO linea    [#####################-------]  76.1% 30449/40000 |  111.3/s | elapsed 4m 33s | eta 1m 26s | process workers | seats 8 | tracked 15 | cur 1 hist 2 boot 1 teach 4 base 0 heur 0 | avg reward -0.000 
PPO linea    [#####################-------]  76.2% 30471/40000 |  111.3/s | elapsed 4m 34s | eta 1m 26s | process workers | seats 10 | tracked 30 | cur 2 hist 0 boot 2 teach 3 base 0 heur 3 | avg reward -0.000
PPO linea    [#####################-------]  76.2% 30493/40000 |  111.3/s | elapsed 4m 34s | eta 1m 25s | process workers | seats 6 | tracked 15 | cur 1 hist 1 boot 2 teach 2 base 0 heur 0 | avg reward -0.000 
PPO linea    [#####################-------]  76.3% 30515/40000 |  111.4/s | elapsed 4m 34s | eta 1m 25s | process workers | seats 2 | tracked 15 | cur 1 hist 1 boot 0 teach 0 base 0 heur 0 | avg reward -0.000 
PPO linea    [#####################-------]  76.3% 30537/40000 |  111.4/s | elapsed 4m 34s | eta 1m 25s | process workers | seats 6 | tracked 15 | cur 1 hist 0 boot 2 teach 2 base 1 heur 0 | avg reward -0.000 
PPO linea    [#####################-------]  76.4% 30559/40000 |  111.4/s | elapsed 4m 34s | eta 1m 25s | process workers | seats 10 | tracked 15 | cur 1 hist 3 boot 4 teach 2 base 0 heur 0 | avg reward -0.000
PPO linea    [#####################-------]  76.5% 30581/40000 |  111.3/s | elapsed 4m 35s | eta 1m 25s | process workers | seats 10 | tracked 30 | cur 2 hist 2 boot 1 teach 3 base 1 heur 1 | avg reward -0.000
PPO linea    [#####################-------]  76.5% 30603/40000 |  111.3/s | elapsed 4m 35s | eta 1m 24s | process workers | seats 8 | tracked 15 | cur 1 hist 0 boot 0 teach 5 base 2 heur 0 | avg reward -0.000 
PPO linea    [#####################-------]  76.6% 30625/40000 |  111.3/s | elapsed 4m 35s | eta 1m 24s | process workers | seats 10 | tracked 15 | cur 1 hist 1 boot 3 teach 4 base 0 heur 1 | avg reward -0.000
PPO linea    [#####################-------]  76.6% 30647/40000 |  111.3/s | elapsed 4m 35s | eta 1m 24s | process workers | seats 4 | tracked 15 | cur 1 hist 0 boot 0 teach 3 base 0 heur 0 | avg reward -0.000 
PPO linea    [#####################-------]  76.7% 30669/40000 |  111.4/s | elapsed 4m 35s | eta 1m 24s | process workers | seats 8 | tracked 15 | cur 1 hist 1 boot 2 teach 4 base 0 heur 0 | avg reward -0.000 
PPO linea    [#####################-------]  76.7% 30691/40000 |  111.3/s | elapsed 4m 36s | eta 1m 24s | process workers | seats 10 | tracked 30 | cur 2 hist 2 boot 2 teach 2 base 0 heur 2 | avg reward -0.000
PPO linea    [#####################-------]  76.8% 30713/40000 |  111.3/s | elapsed 4m 36s | eta 1m 23s | process workers | seats 10 | tracked 15 | cur 1 hist 1 boot 3 teach 4 base 1 heur 0 | avg reward -0.000
PPO linea    [#####################-------]  76.8% 30735/40000 |  111.3/s | elapsed 4m 36s | eta 1m 23s | process workers | seats 4 | tracked 15 | cur 1 hist 1 boot 0 teach 0 base 1 heur 1 | avg reward -0.000 
PPO linea    [#####################-------]  76.9% 30757/40000 |  111.3/s | elapsed 4m 36s | eta 1m 23s | process workers | seats 10 | tracked 15 | cur 1 hist 5 boot 0 teach 2 base 1 heur 1 | avg reward -0.000
PPO linea    [#####################-------]  76.9% 30779/40000 |  111.3/s | elapsed 4m 36s | eta 1m 23s | process workers | seats 6 | tracked 15 | cur 1 hist 1 boot 1 teach 3 base 0 heur 0 | avg reward -0.000 
PPO linea    [#####################-------]  77.0% 30801/40000 |  111.3/s | elapsed 4m 37s | eta 1m 23s | process workers | seats 8 | tracked 15 | cur 1 hist 0 boot 1 teach 5 base 1 heur 0 | avg reward -0.000 
PPO linea    [#####################-------]  77.1% 30823/40000 |  111.3/s | elapsed 4m 37s | eta 1m 22s | process workers | seats 8 | tracked 15 | cur 1 hist 2 boot 1 teach 4 base 0 heur 0 | avg reward -0.000 
PPO linea    [#####################-------]  77.1% 30845/40000 |  111.3/s | elapsed 4m 37s | eta 1m 22s | process workers | seats 10 | tracked 15 | cur 1 hist 1 boot 1 teach 2 base 4 heur 1 | avg reward -0.000
PPO linea    [#####################-------]  77.2% 30867/40000 |  111.3/s | elapsed 4m 37s | eta 1m 22s | process workers | seats 4 | tracked 15 | cur 1 hist 1 boot 0 teach 2 base 0 heur 0 | avg reward -0.000 
PPO linea    [#####################-------]  77.2% 30889/40000 |  111.3/s | elapsed 4m 37s | eta 1m 22s | process workers | seats 10 | tracked 15 | cur 1 hist 1 boot 2 teach 6 base 0 heur 0 | avg reward -0.000
PPO linea    [#####################-------]  77.3% 30911/40000 |  111.4/s | elapsed 4m 38s | eta 1m 22s | process workers | seats 6 | tracked 15 | cur 1 hist 0 boot 0 teach 4 base 1 heur 0 | avg reward -0.000 
PPO linea    [#####################-------]  77.3% 30933/40000 |  111.4/s | elapsed 4m 38s | eta 1m 21s | process workers | seats 4 | tracked 15 | cur 1 hist 1 boot 0 teach 2 base 0 heur 0 | avg reward -0.000 
PPO linea    [#####################-------]  77.4% 30955/40000 |  111.3/s | elapsed 4m 38s | eta 1m 21s | process workers | seats 6 | tracked 15 | cur 1 hist 2 boot 0 teach 2 base 1 heur 0 | avg reward -0.000 
PPO linea    [#####################-------]  77.4% 30977/40000 |  111.3/s | elapsed 4m 38s | eta 1m 21s | process workers | seats 2 | tracked 15 | cur 1 hist 1 boot 0 teach 0 base 0 heur 0 | avg reward -0.000 
PPO linea    [#####################-------]  77.5% 30999/40000 |  111.4/s | elapsed 4m 38s | eta 1m 21s | process workers | seats 6 | tracked 15 | cur 1 hist 0 boot 2 teach 3 base 0 heur 0 | avg reward -0.000 
PPO linea    [#####################-------]  77.6% 31021/40000 |  111.4/s | elapsed 4m 39s | eta 1m 21s | process workers | seats 8 | tracked 15 | cur 1 hist 2 boot 2 teach 1 base 2 heur 0 | avg reward -0.000 
PPO linea    [#####################-------]  77.6% 31043/40000 |  111.4/s | elapsed 4m 39s | eta 1m 20s | process workers | seats 2 | tracked 15 | cur 1 hist 0 boot 0 teach 0 base 1 heur 0 | avg reward -0.000 
PPO linea    [#####################-------]  77.7% 31065/40000 |  111.3/s | elapsed 4m 39s | eta 1m 20s | process workers | seats 8 | tracked 15 | cur 1 hist 2 boot 2 teach 2 base 0 heur 1 | avg reward -0.000 
PPO linea    [#####################-------]  77.7% 31087/40000 |  111.3/s | elapsed 4m 39s | eta 1m 20s | process workers | seats 6 | tracked 15 | cur 1 hist 0 boot 2 teach 2 base 1 heur 0 | avg reward -0.000 
PPO linea    [#####################-------]  77.8% 31109/40000 |  111.3/s | elapsed 4m 39s | eta 1m 20s | process workers | seats 4 | tracked 15 | cur 1 hist 0 boot 1 teach 0 base 2 heur 0 | avg reward -0.000 
PPO linea    [#####################-------]  77.8% 31131/40000 |  111.3/s | elapsed 4m 40s | eta 1m 20s | process workers | seats 8 | tracked 15 | cur 1 hist 0 boot 0 teach 4 base 2 heur 1 | avg reward -0.000 
PPO linea    [#####################-------]  77.9% 31153/40000 |  111.3/s | elapsed 4m 40s | eta 1m 19s | process workers | seats 10 | tracked 15 | cur 1 hist 0 boot 5 teach 2 base 2 heur 0 | avg reward -0.000
PPO linea    [#####################-------]  77.9% 31175/40000 |  111.3/s | elapsed 4m 40s | eta 1m 19s | process workers | seats 4 | tracked 15 | cur 1 hist 2 boot 0 teach 1 base 0 heur 0 | avg reward -0.000 
PPO linea    [#####################-------]  78.0% 31197/40000 |  111.3/s | elapsed 4m 40s | eta 1m 19s | process workers | seats 4 | tracked 15 | cur 1 hist 1 boot 0 teach 1 base 1 heur 0 | avg reward -0.000 
PPO linea    [#####################-------]  78.0% 31219/40000 |  111.3/s | elapsed 4m 41s | eta 1m 19s | process workers | seats 10 | tracked 15 | cur 1 hist 3 boot 1 teach 2 base 2 heur 1 | avg reward -0.000
PPO linea    [#####################-------]  78.1% 31241/40000 |  111.3/s | elapsed 4m 41s | eta 1m 19s | process workers | seats 2 | tracked 15 | cur 1 hist 0 boot 0 teach 0 base 1 heur 0 | avg reward -0.000 
PPO linea    [#####################-------]  78.2% 31263/40000 |  111.3/s | elapsed 4m 41s | eta 1m 19s | process workers | seats 4 | tracked 15 | cur 1 hist 1 boot 1 teach 0 base 1 heur 0 | avg reward -0.000 
PPO linea    [#####################-------]  78.2% 31285/40000 |  111.3/s | elapsed 4m 41s | eta 1m 18s | process workers | seats 6 | tracked 15 | cur 1 hist 0 boot 3 teach 2 base 0 heur 0 | avg reward -0.000 
PPO linea    [#####################-------]  78.3% 31307/40000 |  111.3/s | elapsed 4m 41s | eta 1m 18s | process workers | seats 6 | tracked 15 | cur 1 hist 1 boot 1 teach 3 base 0 heur 0 | avg reward -0.000 
PPO linea    [#####################-------]  78.3% 31329/40000 |  111.3/s | elapsed 4m 41s | eta 1m 18s | process workers | seats 10 | tracked 15 | cur 1 hist 1 boot 2 teach 3 base 2 heur 1 | avg reward -0.000
PPO linea    [#####################-------]  78.4% 31351/40000 |  111.3/s | elapsed 4m 42s | eta 1m 18s | process workers | seats 2 | tracked 15 | cur 1 hist 0 boot 0 teach 0 base 1 heur 0 | avg reward -0.000 
PPO linea    [#####################-------]  78.4% 31373/40000 |  111.3/s | elapsed 4m 42s | eta 1m 17s | process workers | seats 4 | tracked 15 | cur 1 hist 1 boot 0 teach 1 base 1 heur 0 | avg reward -0.000 
PPO linea    [#####################-------]  78.5% 31395/40000 |  111.3/s | elapsed 4m 42s | eta 1m 17s | process workers | seats 2 | tracked 15 | cur 1 hist 0 boot 1 teach 0 base 0 heur 0 | avg reward -0.000 
PPO linea    [#####################-------]  78.5% 31417/40000 |  111.3/s | elapsed 4m 42s | eta 1m 17s | process workers | seats 10 | tracked 15 | cur 1 hist 0 boot 2 teach 1 base 1 heur 5 | avg reward -0.000
PPO linea    [######################------]  78.6% 31439/40000 |  111.3/s | elapsed 4m 42s | eta 1m 17s | process workers | seats 4 | tracked 15 | cur 1 hist 0 boot 0 teach 3 base 0 heur 0 | avg reward -0.000 
PPO linea    [######################------]  78.7% 31461/40000 |  111.3/s | elapsed 4m 43s | eta 1m 17s | process workers | seats 8 | tracked 30 | cur 2 hist 1 boot 0 teach 3 base 1 heur 1 | avg reward -0.000 
PPO linea    [######################------]  78.7% 31483/40000 |  111.3/s | elapsed 4m 43s | eta 1m 17s | process workers | seats 4 | tracked 15 | cur 1 hist 0 boot 0 teach 0 base 3 heur 0 | avg reward -0.000 
PPO linea    [######################------]  78.8% 31505/40000 |  111.3/s | elapsed 4m 43s | eta 1m 16s | process workers | seats 2 | tracked 15 | cur 1 hist 0 boot 0 teach 1 base 0 heur 0 | avg reward -0.000 
PPO linea    [######################------]  78.8% 31527/40000 |  111.3/s | elapsed 4m 43s | eta 1m 16s | process workers | seats 6 | tracked 15 | cur 1 hist 0 boot 0 teach 5 base 0 heur 0 | avg reward -0.000 
PPO linea    [######################------]  78.9% 31549/40000 |  111.3/s | elapsed 4m 43s | eta 1m 16s | process workers | seats 6 | tracked 15 | cur 1 hist 0 boot 1 teach 2 base 1 heur 1 | avg reward -0.000 
PPO linea    [######################------]  78.9% 31571/40000 |  111.3/s | elapsed 4m 44s | eta 1m 16s | process workers | seats 6 | tracked 15 | cur 1 hist 2 boot 2 teach 1 base 0 heur 0 | avg reward -0.000 
PPO linea    [######################------]  79.0% 31593/40000 |  111.3/s | elapsed 4m 44s | eta 1m 16s | process workers | seats 6 | tracked 15 | cur 1 hist 1 boot 1 teach 2 base 0 heur 1 | avg reward -0.000 
PPO linea    [######################------]  79.0% 31615/40000 |  111.3/s | elapsed 4m 44s | eta 1m 15s | process workers | seats 8 | tracked 30 | cur 2 hist 0 boot 2 teach 4 base 0 heur 0 | avg reward -0.000 
PPO linea    [######################------]  79.1% 31637/40000 |  111.3/s | elapsed 4m 44s | eta 1m 15s | process workers | seats 4 | tracked 15 | cur 1 hist 1 boot 1 teach 1 base 0 heur 0 | avg reward -0.000 
PPO linea    [######################------]  79.1% 31659/40000 |  111.3/s | elapsed 4m 44s | eta 1m 15s | process workers | seats 6 | tracked 15 | cur 1 hist 0 boot 3 teach 0 base 2 heur 0 | avg reward -0.000 
PPO linea    [######################------]  79.2% 31681/40000 |  111.3/s | elapsed 4m 45s | eta 1m 15s | process workers | seats 10 | tracked 15 | cur 1 hist 4 boot 1 teach 4 base 0 heur 0 | avg reward -0.000
PPO linea    [######################------]  79.3% 31703/40000 |  111.3/s | elapsed 4m 45s | eta 1m 15s | process workers | seats 8 | tracked 15 | cur 1 hist 2 boot 0 teach 4 base 1 heur 0 | avg reward -0.000 
PPO linea    [######################------]  79.3% 31725/40000 |  111.3/s | elapsed 4m 45s | eta 1m 14s | process workers | seats 10 | tracked 15 | cur 1 hist 1 boot 1 teach 4 base 0 heur 3 | avg reward -0.000
PPO linea    [######################------]  79.4% 31747/40000 |  111.3/s | elapsed 4m 45s | eta 1m 14s | process workers | seats 10 | tracked 30 | cur 2 hist 3 boot 2 teach 0 base 2 heur 1 | avg reward -0.000
PPO linea    [######################------]  79.4% 31769/40000 |  111.3/s | elapsed 4m 46s | eta 1m 14s | process workers | seats 8 | tracked 15 | cur 1 hist 3 boot 1 teach 2 base 1 heur 0 | avg reward -0.000 
PPO linea    [######################------]  79.5% 31791/40000 |  111.3/s | elapsed 4m 46s | eta 1m 14s | process workers | seats 6 | tracked 15 | cur 1 hist 2 boot 1 teach 1 base 1 heur 0 | avg reward -0.000 
PPO linea    [######################------]  79.5% 31813/40000 |  111.3/s | elapsed 4m 46s | eta 1m 14s | process workers | seats 8 | tracked 15 | cur 1 hist 2 boot 1 teach 3 base 1 heur 0 | avg reward -0.000 
PPO linea    [######################------]  79.6% 31835/40000 |  111.3/s | elapsed 4m 46s | eta 1m 13s | process workers | seats 10 | tracked 15 | cur 1 hist 1 boot 2 teach 5 base 1 heur 0 | avg reward -0.000
PPO linea    [######################------]  79.6% 31857/40000 |  111.3/s | elapsed 4m 46s | eta 1m 13s | process workers | seats 8 | tracked 15 | cur 1 hist 2 boot 1 teach 3 base 0 heur 1 | avg reward -0.000 
PPO linea    [######################------]  79.7% 31879/40000 |  111.3/s | elapsed 4m 46s | eta 1m 13s | process workers | seats 10 | tracked 30 | cur 2 hist 1 boot 1 teach 5 base 1 heur 0 | avg reward -0.000
PPO linea    [######################------]  79.8% 31901/40000 |  111.3/s | elapsed 4m 47s | eta 1m 13s | process workers | seats 10 | tracked 15 | cur 1 hist 2 boot 2 teach 2 base 1 heur 2 | avg reward -0.000
PPO linea    [######################------]  79.8% 31923/40000 |  111.3/s | elapsed 4m 47s | eta 1m 13s | process workers | seats 6 | tracked 15 | cur 1 hist 1 boot 3 teach 0 base 1 heur 0 | avg reward -0.000 
PPO linea    [######################------]  79.9% 31945/40000 |  111.3/s | elapsed 4m 47s | eta 1m 12s | process workers | seats 10 | tracked 15 | cur 1 hist 2 boot 2 teach 4 base 0 heur 1 | avg reward -0.000
PPO linea    [######################------]  79.9% 31967/40000 |  111.3/s | elapsed 4m 47s | eta 1m 12s | process workers | seats 6 | tracked 15 | cur 1 hist 0 boot 1 teach 1 base 0 heur 3 | avg reward -0.000 
PPO linea    [######################------]  80.0% 31989/40000 |  111.3/s | elapsed 4m 47s | eta 1m 12s | process workers | seats 6 | tracked 15 | cur 1 hist 1 boot 1 teach 2 base 1 heur 0 | avg reward -0.000 
PPO linea    [######################------]  80.0% 32011/40000 |  111.3/s | elapsed 4m 48s | eta 1m 12s | process workers | seats 8 | tracked 30 | cur 2 hist 1 boot 1 teach 3 base 1 heur 0 | avg reward -0.000 
PPO linea    [######################------]  80.1% 32033/40000 |  111.3/s | elapsed 4m 48s | eta 1m 12s | process workers | seats 6 | tracked 15 | cur 1 hist 1 boot 0 teach 3 base 1 heur 0 | avg reward -0.000 
PPO linea    [######################------]  80.1% 32055/40000 |  111.3/s | elapsed 4m 48s | eta 1m 11s | process workers | seats 10 | tracked 15 | cur 1 hist 4 boot 2 teach 1 base 2 heur 0 | avg reward -0.000
PPO linea    [######################------]  80.2% 32077/40000 |  111.3/s | elapsed 4m 48s | eta 1m 11s | process workers | seats 6 | tracked 15 | cur 1 hist 1 boot 0 teach 3 base 1 heur 0 | avg reward -0.000 
PPO linea    [######################------]  80.2% 32099/40000 |  111.3/s | elapsed 4m 48s | eta 1m 11s | process workers | seats 6 | tracked 15 | cur 1 hist 2 boot 0 teach 3 base 0 heur 0 | avg reward -0.000 
PPO linea    [######################------]  80.3% 32121/40000 |  111.3/s | elapsed 4m 49s | eta 1m 11s | process workers | seats 6 | tracked 15 | cur 1 hist 1 boot 1 teach 1 base 2 heur 0 | avg reward -0.000 
PPO linea    [######################------]  80.4% 32143/40000 |  111.3/s | elapsed 4m 49s | eta 1m 11s | process workers | seats 8 | tracked 15 | cur 1 hist 1 boot 3 teach 3 base 0 heur 0 | avg reward -0.000 
PPO linea    [######################------]  80.4% 32165/40000 |  111.3/s | elapsed 4m 49s | eta 1m 10s | process workers | seats 10 | tracked 30 | cur 2 hist 1 boot 2 teach 4 base 1 heur 0 | avg reward -0.000
PPO linea    [######################------]  80.5% 32187/40000 |  111.3/s | elapsed 4m 49s | eta 1m 10s | process workers | seats 2 | tracked 15 | cur 1 hist 0 boot 0 teach 1 base 0 heur 0 | avg reward -0.000 
PPO linea    [######################------]  80.5% 32209/40000 |  111.3/s | elapsed 4m 49s | eta 1m 10s | process workers | seats 4 | tracked 15 | cur 1 hist 1 boot 0 teach 1 base 1 heur 0 | avg reward -0.000 
PPO linea    [######################------]  80.6% 32231/40000 |  111.3/s | elapsed 4m 50s | eta 1m 10s | process workers | seats 4 | tracked 15 | cur 1 hist 0 boot 1 teach 1 base 1 heur 0 | avg reward -0.000 
PPO linea    [######################------]  80.6% 32253/40000 |  111.3/s | elapsed 4m 50s | eta 1m 10s | process workers | seats 10 | tracked 15 | cur 1 hist 2 boot 2 teach 5 base 0 heur 0 | avg reward -0.000
PPO linea    [######################------]  80.7% 32275/40000 |  111.3/s | elapsed 4m 50s | eta 1m 9s | process workers | seats 8 | tracked 30 | cur 2 hist 1 boot 1 teach 3 base 1 heur 0 | avg reward -0.000  
PPO linea    [######################------]  80.7% 32297/40000 |  111.3/s | elapsed 4m 50s | eta 1m 9s | process workers | seats 10 | tracked 30 | cur 2 hist 0 boot 1 teach 4 base 2 heur 1 | avg reward -0.000 
PPO linea    [######################------]  80.8% 32319/40000 |  111.3/s | elapsed 4m 50s | eta 1m 9s | process workers | seats 4 | tracked 15 | cur 1 hist 0 boot 0 teach 2 base 0 heur 1 | avg reward -0.000  
PPO linea    [######################------]  80.9% 32341/40000 |  111.3/s | elapsed 4m 51s | eta 1m 9s | process workers | seats 6 | tracked 15 | cur 1 hist 2 boot 1 teach 1 base 1 heur 0 | avg reward -0.000  
PPO linea    [######################------]  80.9% 32363/40000 |  111.3/s | elapsed 4m 51s | eta 1m 9s | process workers | seats 10 | tracked 15 | cur 1 hist 3 boot 1 teach 5 base 0 heur 0 | avg reward -0.000 
PPO linea    [######################------]  81.0% 32385/40000 |  111.3/s | elapsed 4m 51s | eta 1m 8s | process workers | seats 10 | tracked 15 | cur 1 hist 4 boot 0 teach 5 base 0 heur 0 | avg reward -0.000 
PPO linea    [######################------]  81.0% 32407/40000 |  111.3/s | elapsed 4m 51s | eta 1m 8s | process workers | seats 8 | tracked 30 | cur 2 hist 4 boot 0 teach 1 base 1 heur 0 | avg reward -0.000  
PPO linea    [######################------]  81.1% 32429/40000 |  111.3/s | elapsed 4m 51s | eta 1m 8s | process workers | seats 6 | tracked 15 | cur 1 hist 0 boot 1 teach 4 base 0 heur 0 | avg reward -0.000  
PPO linea    [######################------]  81.1% 32451/40000 |  111.3/s | elapsed 4m 52s | eta 1m 8s | process workers | seats 10 | tracked 15 | cur 1 hist 3 boot 0 teach 6 base 0 heur 0 | avg reward -0.000 
PPO linea    [######################------]  81.2% 32473/40000 |  111.3/s | elapsed 4m 52s | eta 1m 8s | process workers | seats 2 | tracked 15 | cur 1 hist 0 boot 0 teach 0 base 0 heur 1 | avg reward -0.000  
PPO linea    [######################------]  81.2% 32495/40000 |  111.3/s | elapsed 4m 52s | eta 1m 7s | process workers | seats 4 | tracked 15 | cur 1 hist 1 boot 0 teach 1 base 1 heur 0 | avg reward -0.000  
PPO linea    [######################------]  81.3% 32517/40000 |  111.3/s | elapsed 4m 52s | eta 1m 7s | process workers | seats 4 | tracked 15 | cur 1 hist 0 boot 0 teach 2 base 1 heur 0 | avg reward -0.000  
PPO linea    [######################------]  81.3% 32539/40000 |  111.3/s | elapsed 4m 52s | eta 1m 7s | process workers | seats 2 | tracked 15 | cur 1 hist 1 boot 0 teach 0 base 0 heur 0 | avg reward -0.000  
PPO linea    [######################------]  81.4% 32561/40000 |  111.3/s | elapsed 4m 53s | eta 1m 7s | process workers | seats 10 | tracked 30 | cur 2 hist 1 boot 1 teach 5 base 1 heur 0 | avg reward -0.000 
PPO linea    [######################------]  81.5% 32583/40000 |  111.3/s | elapsed 4m 53s | eta 1m 7s | process workers | seats 6 | tracked 15 | cur 1 hist 1 boot 0 teach 2 base 1 heur 1 | avg reward -0.000  
PPO linea    [######################------]  81.5% 32605/40000 |  111.3/s | elapsed 4m 53s | eta 1m 6s | process workers | seats 10 | tracked 15 | cur 1 hist 1 boot 0 teach 5 base 3 heur 0 | avg reward -0.000 
PPO linea    [######################------]  81.6% 32627/40000 |  111.3/s | elapsed 4m 53s | eta 1m 6s | process workers | seats 8 | tracked 15 | cur 1 hist 2 boot 0 teach 3 base 1 heur 1 | avg reward -0.000  
PPO linea    [######################------]  81.6% 32649/40000 |  111.3/s | elapsed 4m 53s | eta 1m 6s | process workers | seats 4 | tracked 15 | cur 1 hist 1 boot 1 teach 1 base 0 heur 0 | avg reward -0.000  
PPO linea    [######################------]  81.7% 32671/40000 |  111.3/s | elapsed 4m 54s | eta 1m 6s | process workers | seats 8 | tracked 30 | cur 2 hist 0 boot 1 teach 4 base 1 heur 0 | avg reward -0.000  
PPO linea    [######################------]  81.7% 32693/40000 |  111.3/s | elapsed 4m 54s | eta 1m 6s | process workers | seats 8 | tracked 15 | cur 1 hist 0 boot 3 teach 3 base 1 heur 0 | avg reward -0.000  
PPO linea    [######################------]  81.8% 32715/40000 |  111.3/s | elapsed 4m 54s | eta 1m 5s | process workers | seats 6 | tracked 15 | cur 1 hist 2 boot 1 teach 2 base 0 heur 0 | avg reward -0.000  
PPO linea    [######################------]  81.8% 32737/40000 |  111.3/s | elapsed 4m 54s | eta 1m 5s | process workers | seats 2 | tracked 15 | cur 1 hist 0 boot 0 teach 1 base 0 heur 0 | avg reward -0.000  
PPO linea    [######################------]  81.9% 32759/40000 |  111.3/s | elapsed 4m 54s | eta 1m 5s | process workers | seats 6 | tracked 15 | cur 1 hist 3 boot 0 teach 1 base 1 heur 0 | avg reward -0.000  
PPO linea    [######################------]  82.0% 32781/40000 |  111.3/s | elapsed 4m 54s | eta 1m 5s | process workers | seats 10 | tracked 15 | cur 1 hist 3 boot 0 teach 5 base 1 heur 0 | avg reward -0.000 
PPO linea    [######################------]  82.0% 32803/40000 |  111.3/s | elapsed 4m 55s | eta 1m 5s | process workers | seats 10 | tracked 15 | cur 1 hist 2 boot 3 teach 3 base 1 heur 0 | avg reward -0.000 
PPO linea    [######################------]  82.1% 32825/40000 |  111.3/s | elapsed 4m 55s | eta 1m 4s | process workers | seats 4 | tracked 15 | cur 1 hist 1 boot 2 teach 0 base 0 heur 0 | avg reward -0.000  
PPO linea    [######################------]  82.1% 32847/40000 |  111.3/s | elapsed 4m 55s | eta 1m 4s | process workers | seats 8 | tracked 15 | cur 1 hist 3 boot 0 teach 2 base 1 heur 1 | avg reward -0.000  
PPO linea    [#######################-----]  82.2% 32869/40000 |  111.3/s | elapsed 4m 55s | eta 1m 4s | process workers | seats 8 | tracked 30 | cur 2 hist 0 boot 0 teach 5 base 0 heur 1 | avg reward -0.000  
PPO linea    [#######################-----]  82.2% 32891/40000 |  111.3/s | elapsed 4m 55s | eta 1m 4s | process workers | seats 2 | tracked 15 | cur 1 hist 0 boot 1 teach 0 base 0 heur 0 | avg reward -0.000  
PPO linea    [#######################-----]  82.3% 32913/40000 |  111.3/s | elapsed 4m 56s | eta 1m 4s | process workers | seats 10 | tracked 15 | cur 1 hist 2 boot 1 teach 2 base 2 heur 2 | avg reward -0.000 
PPO linea    [#######################-----]  82.3% 32935/40000 |  111.3/s | elapsed 4m 56s | eta 1m 3s | process workers | seats 6 | tracked 15 | cur 1 hist 1 boot 2 teach 1 base 1 heur 0 | avg reward -0.000  
PPO linea    [#######################-----]  82.4% 32957/40000 |  111.3/s | elapsed 4m 56s | eta 1m 3s | process workers | seats 10 | tracked 15 | cur 1 hist 3 boot 0 teach 6 base 0 heur 0 | avg reward -0.000 
PPO linea    [#######################-----]  82.4% 32979/40000 |  111.3/s | elapsed 4m 56s | eta 1m 3s | process workers | seats 6 | tracked 15 | cur 1 hist 2 boot 0 teach 3 base 0 heur 0 | avg reward -0.000  
PPO linea    [#######################-----]  82.5% 33001/40000 |  111.3/s | elapsed 4m 56s | eta 1m 3s | process workers | seats 6 | tracked 15 | cur 1 hist 1 boot 1 teach 2 base 1 heur 0 | avg reward -0.000  
PPO linea    [#######################-----]  82.6% 33023/40000 |  111.3/s | elapsed 4m 57s | eta 1m 3s | process workers | seats 4 | tracked 15 | cur 1 hist 0 boot 0 teach 2 base 0 heur 1 | avg reward -0.000  
PPO linea    [#######################-----]  82.6% 33045/40000 |  111.4/s | elapsed 4m 57s | eta 1m 2s | process workers | seats 6 | tracked 15 | cur 1 hist 0 boot 1 teach 1 base 2 heur 1 | avg reward -0.000  
PPO linea    [#######################-----]  82.7% 33067/40000 |  111.4/s | elapsed 4m 57s | eta 1m 2s | process workers | seats 6 | tracked 15 | cur 1 hist 1 boot 0 teach 2 base 0 heur 2 | avg reward -0.000  
PPO linea    [#######################-----]  82.7% 33089/40000 |  111.3/s | elapsed 4m 57s | eta 1m 2s | process workers | seats 6 | tracked 15 | cur 1 hist 2 boot 1 teach 1 base 1 heur 0 | avg reward -0.000  
PPO linea    [#######################-----]  82.8% 33111/40000 |  111.3/s | elapsed 4m 57s | eta 1m 2s | process workers | seats 10 | tracked 30 | cur 2 hist 0 boot 2 teach 2 base 3 heur 1 | avg reward -0.000 
PPO linea    [#######################-----]  82.8% 33133/40000 |  111.3/s | elapsed 4m 58s | eta 1m 2s | process workers | seats 10 | tracked 30 | cur 2 hist 3 boot 0 teach 3 base 1 heur 1 | avg reward -0.000 
PPO linea    [#######################-----]  82.9% 33155/40000 |  111.3/s | elapsed 4m 58s | eta 1m 1s | process workers | seats 6 | tracked 15 | cur 1 hist 1 boot 0 teach 3 base 1 heur 0 | avg reward -0.000  
PPO linea    [#######################-----]  82.9% 33177/40000 |  111.3/s | elapsed 4m 58s | eta 1m 1s | process workers | seats 4 | tracked 15 | cur 1 hist 1 boot 0 teach 2 base 0 heur 0 | avg reward -0.000  
PPO linea    [#######################-----]  83.0% 33199/40000 |  111.3/s | elapsed 4m 58s | eta 1m 1s | process workers | seats 10 | tracked 15 | cur 1 hist 2 boot 4 teach 2 base 1 heur 0 | avg reward -0.000 
PPO linea    [#######################-----]  83.1% 33221/40000 |  111.3/s | elapsed 4m 58s | eta 1m 1s | process workers | seats 10 | tracked 15 | cur 1 hist 1 boot 0 teach 6 base 2 heur 0 | avg reward -0.000 
PPO linea    [#######################-----]  83.1% 33243/40000 |  111.3/s | elapsed 4m 59s | eta 1m 1s | process workers | seats 2 | tracked 15 | cur 1 hist 0 boot 0 teach 1 base 0 heur 0 | avg reward -0.000  
PPO linea    [#######################-----]  83.2% 33265/40000 |  111.3/s | elapsed 4m 59s | eta 1m 0s | process workers | seats 6 | tracked 15 | cur 1 hist 0 boot 1 teach 3 base 0 heur 1 | avg reward -0.000  
PPO linea    [#######################-----]  83.2% 33287/40000 |  111.3/s | elapsed 4m 59s | eta 1m 0s | process workers | seats 8 | tracked 15 | cur 1 hist 1 boot 1 teach 2 base 2 heur 1 | avg reward -0.000  
PPO linea    [#######################-----]  83.3% 33309/40000 |  111.3/s | elapsed 4m 59s | eta 1m 0s | process workers | seats 10 | tracked 15 | cur 1 hist 3 boot 1 teach 4 base 0 heur 1 | avg reward -0.000 
PPO linea    [#######################-----]  83.3% 33331/40000 |  111.3/s | elapsed 4m 59s | eta 1m 0s | process workers | seats 10 | tracked 15 | cur 1 hist 1 boot 3 teach 2 base 1 heur 2 | avg reward -0.000 
PPO linea    [#######################-----]  83.4% 33353/40000 |  111.3/s | elapsed 5m 0s | eta 1m 0s | process workers | seats 10 | tracked 15 | cur 1 hist 3 boot 2 teach 3 base 1 heur 0 | avg reward -0.000  
PPO linea    [#######################-----]  83.4% 33375/40000 |  111.3/s | elapsed 5m 0s | eta 1m 0s | process workers | seats 6 | tracked 15 | cur 1 hist 1 boot 0 teach 3 base 1 heur 0 | avg reward -0.000   
PPO linea    [#######################-----]  83.5% 33397/40000 |  111.3/s | elapsed 5m 0s | eta 59s | process workers | seats 8 | tracked 15 | cur 1 hist 0 boot 3 teach 1 base 2 heur 1 | avg reward -0.000     
PPO linea    [#######################-----]  83.5% 33419/40000 |  111.3/s | elapsed 5m 0s | eta 59s | process workers | seats 4 | tracked 15 | cur 1 hist 0 boot 1 teach 2 base 0 heur 0 | avg reward -0.000     
PPO linea    [#######################-----]  83.6% 33441/40000 |  111.3/s | elapsed 5m 0s | eta 59s | process workers | seats 10 | tracked 15 | cur 1 hist 1 boot 1 teach 5 base 2 heur 0 | avg reward -0.000    
PPO linea    [#######################-----]  83.7% 33463/40000 |  111.3/s | elapsed 5m 1s | eta 59s | process workers | seats 10 | tracked 15 | cur 1 hist 4 boot 1 teach 2 base 1 heur 1 | avg reward -0.000    
PPO linea    [#######################-----]  83.7% 33485/40000 |  111.3/s | elapsed 5m 1s | eta 59s | process workers | seats 4 | tracked 15 | cur 1 hist 0 boot 2 teach 0 base 0 heur 1 | avg reward -0.000     
PPO linea    [#######################-----]  83.8% 33507/40000 |  111.3/s | elapsed 5m 1s | eta 58s | process workers | seats 8 | tracked 15 | cur 1 hist 0 boot 2 teach 3 base 2 heur 0 | avg reward -0.000     
PPO linea    [#######################-----]  83.8% 33529/40000 |  111.3/s | elapsed 5m 1s | eta 58s | process workers | seats 6 | tracked 15 | cur 1 hist 0 boot 1 teach 3 base 1 heur 0 | avg reward -0.000     
PPO linea    [#######################-----]  83.9% 33551/40000 |  111.3/s | elapsed 5m 1s | eta 58s | process workers | seats 6 | tracked 15 | cur 1 hist 1 boot 0 teach 3 base 0 heur 1 | avg reward -0.000     
PPO linea    [#######################-----]  83.9% 33573/40000 |  111.3/s | elapsed 5m 2s | eta 58s | process workers | seats 2 | tracked 15 | cur 1 hist 0 boot 0 teach 1 base 0 heur 0 | avg reward -0.000     
PPO linea    [#######################-----]  84.0% 33595/40000 |  111.3/s | elapsed 5m 2s | eta 58s | process workers | seats 10 | tracked 15 | cur 1 hist 3 boot 0 teach 5 base 0 heur 1 | avg reward -0.000    
PPO linea    [#######################-----]  84.0% 33617/40000 |  111.3/s | elapsed 5m 2s | eta 57s | process workers | seats 2 | tracked 15 | cur 1 hist 0 boot 1 teach 0 base 0 heur 0 | avg reward -0.000     
PPO linea    [#######################-----]  84.1% 33639/40000 |  111.3/s | elapsed 5m 2s | eta 57s | process workers | seats 6 | tracked 15 | cur 1 hist 0 boot 0 teach 2 base 2 heur 1 | avg reward -0.000     
PPO linea    [#######################-----]  84.2% 33661/40000 |  111.3/s | elapsed 5m 2s | eta 57s | process workers | seats 8 | tracked 30 | cur 2 hist 1 boot 1 teach 1 base 2 heur 1 | avg reward -0.000     
PPO linea    [#######################-----]  84.2% 33683/40000 |  111.3/s | elapsed 5m 3s | eta 57s | process workers | seats 4 | tracked 15 | cur 1 hist 1 boot 2 teach 0 base 0 heur 0 | avg reward -0.000     
PPO linea    [#######################-----]  84.3% 33705/40000 |  111.3/s | elapsed 5m 3s | eta 57s | process workers | seats 8 | tracked 15 | cur 1 hist 4 boot 0 teach 3 base 0 heur 0 | avg reward -0.000     
PPO linea    [#######################-----]  84.3% 33727/40000 |  111.3/s | elapsed 5m 3s | eta 56s | process workers | seats 6 | tracked 15 | cur 1 hist 2 boot 1 teach 1 base 0 heur 1 | avg reward -0.000     
PPO linea    [#######################-----]  84.4% 33749/40000 |  111.3/s | elapsed 5m 3s | eta 56s | process workers | seats 8 | tracked 15 | cur 1 hist 1 boot 0 teach 4 base 0 heur 2 | avg reward -0.000     
PPO linea    [#######################-----]  84.4% 33771/40000 |  111.3/s | elapsed 5m 3s | eta 56s | process workers | seats 8 | tracked 15 | cur 1 hist 2 boot 2 teach 2 base 0 heur 1 | avg reward -0.000     
PPO linea    [#######################-----]  84.5% 33793/40000 |  111.3/s | elapsed 5m 4s | eta 56s | process workers | seats 10 | tracked 30 | cur 2 hist 2 boot 1 teach 3 base 2 heur 0 | avg reward -0.000    
PPO linea    [#######################-----]  84.5% 33815/40000 |  111.3/s | elapsed 5m 4s | eta 56s | process workers | seats 6 | tracked 15 | cur 1 hist 3 boot 1 teach 1 base 0 heur 0 | avg reward -0.000     
PPO linea    [#######################-----]  84.6% 33837/40000 |  111.3/s | elapsed 5m 4s | eta 55s | process workers | seats 10 | tracked 15 | cur 1 hist 0 boot 3 teach 6 base 0 heur 0 | avg reward -0.000    
PPO linea    [#######################-----]  84.6% 33859/40000 |  111.3/s | elapsed 5m 4s | eta 55s | process workers | seats 6 | tracked 15 | cur 1 hist 0 boot 0 teach 4 base 1 heur 0 | avg reward -0.000     
PPO linea    [#######################-----]  84.7% 33881/40000 |  111.3/s | elapsed 5m 4s | eta 55s | process workers | seats 2 | tracked 15 | cur 1 hist 0 boot 0 teach 1 base 0 heur 0 | avg reward -0.000     
PPO linea    [#######################-----]  84.8% 33903/40000 |  111.3/s | elapsed 5m 5s | eta 55s | process workers | seats 4 | tracked 15 | cur 1 hist 1 boot 0 teach 1 base 0 heur 1 | avg reward -0.000     
PPO linea    [#######################-----]  84.8% 33925/40000 |  111.3/s | elapsed 5m 5s | eta 55s | process workers | seats 4 | tracked 15 | cur 1 hist 0 boot 0 teach 1 base 2 heur 0 | avg reward -0.000     
PPO linea    [#######################-----]  84.9% 33947/40000 |  111.3/s | elapsed 5m 5s | eta 54s | process workers | seats 10 | tracked 15 | cur 1 hist 2 boot 3 teach 2 base 2 heur 0 | avg reward -0.000    
PPO linea    [#######################-----]  84.9% 33969/40000 |  111.3/s | elapsed 5m 5s | eta 54s | process workers | seats 10 | tracked 15 | cur 1 hist 3 boot 2 teach 3 base 1 heur 0 | avg reward -0.000    
PPO linea    [#######################-----]  85.0% 33991/40000 |  111.3/s | elapsed 5m 5s | eta 54s | process workers | seats 4 | tracked 15 | cur 1 hist 0 boot 1 teach 1 base 1 heur 0 | avg reward -0.000     
PPO linea    [#######################-----]  85.0% 34013/40000 |  111.3/s | elapsed 5m 5s | eta 54s | process workers | seats 4 | tracked 15 | cur 1 hist 0 boot 0 teach 3 base 0 heur 0 | avg reward -0.000     
PPO linea    [#######################-----]  85.1% 34035/40000 |  111.3/s | elapsed 5m 6s | eta 54s | process workers | seats 6 | tracked 15 | cur 1 hist 1 boot 1 teach 1 base 2 heur 0 | avg reward -0.000     
PPO linea    [#######################-----]  85.1% 34057/40000 |  111.3/s | elapsed 5m 6s | eta 53s | process workers | seats 10 | tracked 15 | cur 1 hist 4 boot 1 teach 3 base 1 heur 0 | avg reward -0.000    
PPO linea    [#######################-----]  85.2% 34079/40000 |  111.3/s | elapsed 5m 6s | eta 53s | process workers | seats 8 | tracked 15 | cur 1 hist 1 boot 1 teach 2 base 1 heur 2 | avg reward -0.000     
PPO linea    [#######################-----]  85.3% 34101/40000 |  111.3/s | elapsed 5m 6s | eta 53s | process workers | seats 8 | tracked 15 | cur 1 hist 2 boot 1 teach 3 base 1 heur 0 | avg reward -0.000     
PPO linea    [#######################-----]  85.3% 34123/40000 |  111.3/s | elapsed 5m 6s | eta 53s | process workers | seats 4 | tracked 15 | cur 1 hist 0 boot 1 teach 2 base 0 heur 0 | avg reward -0.000     
PPO linea    [#######################-----]  85.4% 34145/40000 |  111.3/s | elapsed 5m 7s | eta 53s | process workers | seats 10 | tracked 30 | cur 2 hist 0 boot 1 teach 4 base 3 heur 0 | avg reward -0.000    
PPO linea    [#######################-----]  85.4% 34167/40000 |  111.3/s | elapsed 5m 7s | eta 52s | process workers | seats 10 | tracked 30 | cur 2 hist 1 boot 2 teach 3 base 2 heur 0 | avg reward -0.000    
PPO linea    [#######################-----]  85.5% 34189/40000 |  111.3/s | elapsed 5m 7s | eta 52s | process workers | seats 8 | tracked 30 | cur 2 hist 0 boot 2 teach 3 base 1 heur 0 | avg reward -0.000     
PPO linea    [#######################-----]  85.5% 34211/40000 |  111.3/s | elapsed 5m 7s | eta 52s | process workers | seats 10 | tracked 15 | cur 1 hist 2 boot 3 teach 3 base 0 heur 1 | avg reward -0.000    
PPO linea    [#######################-----]  85.6% 34233/40000 |  111.3/s | elapsed 5m 7s | eta 52s | process workers | seats 2 | tracked 15 | cur 1 hist 0 boot 0 teach 1 base 0 heur 0 | avg reward -0.000     
PPO linea    [#######################-----]  85.6% 34255/40000 |  111.3/s | elapsed 5m 8s | eta 52s | process workers | seats 8 | tracked 15 | cur 1 hist 2 boot 1 teach 3 base 0 heur 1 | avg reward -0.000     
PPO linea    [#######################-----]  85.7% 34277/40000 |  111.3/s | elapsed 5m 8s | eta 51s | process workers | seats 10 | tracked 30 | cur 2 hist 2 boot 0 teach 3 base 1 heur 2 | avg reward -0.000    
PPO linea    [########################----]  85.7% 34299/40000 |  111.3/s | elapsed 5m 8s | eta 51s | process workers | seats 2 | tracked 15 | cur 1 hist 0 boot 1 teach 0 base 0 heur 0 | avg reward -0.000     
PPO linea    [########################----]  85.8% 34321/40000 |  111.3/s | elapsed 5m 8s | eta 51s | process workers | seats 10 | tracked 30 | cur 2 hist 3 boot 0 teach 1 base 4 heur 0 | avg reward -0.000    
PPO linea    [########################----]  85.9% 34343/40000 |  111.3/s | elapsed 5m 8s | eta 51s | process workers | seats 4 | tracked 15 | cur 1 hist 2 boot 0 teach 1 base 0 heur 0 | avg reward -0.000     
PPO linea    [########################----]  85.9% 34365/40000 |  111.3/s | elapsed 5m 9s | eta 51s | process workers | seats 8 | tracked 15 | cur 1 hist 4 boot 0 teach 3 base 0 heur 0 | avg reward -0.000     
PPO linea    [########################----]  86.0% 34387/40000 |  111.3/s | elapsed 5m 9s | eta 50s | process workers | seats 10 | tracked 15 | cur 1 hist 3 boot 0 teach 3 base 1 heur 2 | avg reward -0.000    
PPO linea    [########################----]  86.0% 34409/40000 |  111.3/s | elapsed 5m 9s | eta 50s | process workers | seats 4 | tracked 15 | cur 1 hist 2 boot 0 teach 1 base 0 heur 0 | avg reward -0.000     
PPO linea    [########################----]  86.1% 34431/40000 |  111.3/s | elapsed 5m 9s | eta 50s | process workers | seats 8 | tracked 30 | cur 2 hist 1 boot 1 teach 2 base 2 heur 0 | avg reward -0.000     
PPO linea    [########################----]  86.1% 34453/40000 |  111.3/s | elapsed 5m 9s | eta 50s | process workers | seats 4 | tracked 15 | cur 1 hist 1 boot 1 teach 1 base 0 heur 0 | avg reward -0.000     
PPO linea    [########################----]  86.2% 34475/40000 |  111.3/s | elapsed 5m 10s | eta 50s | process workers | seats 6 | tracked 15 | cur 1 hist 1 boot 1 teach 2 base 0 heur 1 | avg reward -0.000    
PPO linea    [########################----]  86.2% 34497/40000 |  111.3/s | elapsed 5m 10s | eta 49s | process workers | seats 10 | tracked 15 | cur 1 hist 3 boot 2 teach 3 base 1 heur 0 | avg reward -0.000   
PPO linea    [########################----]  86.3% 34519/40000 |  111.3/s | elapsed 5m 10s | eta 49s | process workers | seats 4 | tracked 15 | cur 1 hist 1 boot 0 teach 2 base 0 heur 0 | avg reward -0.000    
PPO linea    [########################----]  86.4% 34541/40000 |  111.3/s | elapsed 5m 10s | eta 49s | process workers | seats 4 | tracked 15 | cur 1 hist 2 boot 0 teach 0 base 0 heur 1 | avg reward -0.000    
PPO linea    [########################----]  86.4% 34563/40000 |  111.3/s | elapsed 5m 10s | eta 49s | process workers | seats 4 | tracked 15 | cur 1 hist 1 boot 0 teach 1 base 0 heur 1 | avg reward -0.000    
PPO linea    [########################----]  86.5% 34585/40000 |  111.3/s | elapsed 5m 11s | eta 49s | process workers | seats 4 | tracked 15 | cur 1 hist 1 boot 1 teach 1 base 0 heur 0 | avg reward -0.000    
PPO linea    [########################----]  86.5% 34607/40000 |  111.3/s | elapsed 5m 11s | eta 48s | process workers | seats 8 | tracked 30 | cur 2 hist 1 boot 1 teach 3 base 0 heur 1 | avg reward -0.000    
PPO linea    [########################----]  86.6% 34629/40000 |  111.3/s | elapsed 5m 11s | eta 48s | process workers | seats 8 | tracked 15 | cur 1 hist 2 boot 1 teach 3 base 1 heur 0 | avg reward -0.000    
PPO linea    [########################----]  86.6% 34651/40000 |  111.3/s | elapsed 5m 11s | eta 48s | process workers | seats 4 | tracked 15 | cur 1 hist 0 boot 1 teach 1 base 0 heur 1 | avg reward -0.000    
PPO linea    [########################----]  86.7% 34673/40000 |  111.3/s | elapsed 5m 11s | eta 48s | process workers | seats 4 | tracked 15 | cur 1 hist 0 boot 1 teach 1 base 0 heur 1 | avg reward -0.000    
PPO linea    [########################----]  86.7% 34695/40000 |  111.3/s | elapsed 5m 12s | eta 48s | process workers | seats 2 | tracked 15 | cur 1 hist 0 boot 0 teach 1 base 0 heur 0 | avg reward -0.000    
PPO linea    [########################----]  86.8% 34717/40000 |  111.3/s | elapsed 5m 12s | eta 47s | process workers | seats 2 | tracked 15 | cur 1 hist 1 boot 0 teach 0 base 0 heur 0 | avg reward -0.000    
PPO linea    [########################----]  86.8% 34739/40000 |  111.3/s | elapsed 5m 12s | eta 47s | process workers | seats 8 | tracked 15 | cur 1 hist 1 boot 1 teach 4 base 0 heur 1 | avg reward -0.000    
PPO linea    [########################----]  86.9% 34761/40000 |  111.3/s | elapsed 5m 12s | eta 47s | process workers | seats 2 | tracked 15 | cur 1 hist 0 boot 0 teach 0 base 0 heur 1 | avg reward -0.000    
PPO linea    [########################----]  87.0% 34783/40000 |  111.3/s | elapsed 5m 12s | eta 47s | process workers | seats 6 | tracked 15 | cur 1 hist 2 boot 1 teach 0 base 2 heur 0 | avg reward -0.000    
PPO linea    [########################----]  87.0% 34805/40000 |  111.3/s | elapsed 5m 13s | eta 47s | process workers | seats 6 | tracked 15 | cur 1 hist 1 boot 3 teach 1 base 0 heur 0 | avg reward -0.000    
PPO linea    [########################----]  87.1% 34827/40000 |  111.3/s | elapsed 5m 13s | eta 46s | process workers | seats 10 | tracked 30 | cur 2 hist 3 boot 2 teach 2 base 1 heur 0 | avg reward -0.000   
PPO linea    [########################----]  87.1% 34849/40000 |  111.3/s | elapsed 5m 13s | eta 46s | process workers | seats 10 | tracked 15 | cur 1 hist 3 boot 1 teach 3 base 2 heur 0 | avg reward -0.000   
PPO linea    [########################----]  87.2% 34871/40000 |  111.3/s | elapsed 5m 13s | eta 46s | process workers | seats 4 | tracked 15 | cur 1 hist 0 boot 1 teach 1 base 1 heur 0 | avg reward -0.000    
PPO linea    [########################----]  87.2% 34893/40000 |  111.3/s | elapsed 5m 13s | eta 46s | process workers | seats 4 | tracked 15 | cur 1 hist 1 boot 0 teach 1 base 1 heur 0 | avg reward -0.000    
PPO linea    [########################----]  87.3% 34915/40000 |  111.3/s | elapsed 5m 14s | eta 46s | process workers | seats 10 | tracked 15 | cur 1 hist 2 boot 1 teach 5 base 0 heur 1 | avg reward -0.000   
PPO linea    [########################----]  87.3% 34937/40000 |  111.3/s | elapsed 5m 14s | eta 45s | process workers | seats 8 | tracked 15 | cur 1 hist 2 boot 1 teach 2 base 1 heur 1 | avg reward -0.000    
PPO linea    [########################----]  87.4% 34959/40000 |  111.3/s | elapsed 5m 14s | eta 45s | process workers | seats 2 | tracked 15 | cur 1 hist 0 boot 0 teach 1 base 0 heur 0 | avg reward -0.000    
PPO linea    [########################----]  87.5% 34981/40000 |  111.3/s | elapsed 5m 14s | eta 45s | process workers | seats 2 | tracked 15 | cur 1 hist 0 boot 0 teach 0 base 0 heur 1 | avg reward -0.000    
PPO linea    [########################----]  87.5% 35003/40000 |  111.3/s | elapsed 5m 14s | eta 45s | process workers | seats 10 | tracked 15 | cur 1 hist 2 boot 1 teach 5 base 1 heur 0 | avg reward -0.000   
PPO linea    [########################----]  87.6% 35025/40000 |  111.3/s | elapsed 5m 15s | eta 45s | process workers | seats 10 | tracked 15 | cur 1 hist 3 boot 2 teach 4 base 0 heur 0 | avg reward -0.000   
PPO linea    [########################----]  87.6% 35047/40000 |  111.3/s | elapsed 5m 15s | eta 44s | process workers | seats 4 | tracked 15 | cur 1 hist 2 boot 0 teach 1 base 0 heur 0 | avg reward -0.000    
PPO linea    [########################----]  87.7% 35069/40000 |  111.3/s | elapsed 5m 15s | eta 44s | process workers | seats 6 | tracked 15 | cur 1 hist 0 boot 1 teach 3 base 0 heur 1 | avg reward -0.000    
PPO linea    [########################----]  87.7% 35091/40000 |  111.3/s | elapsed 5m 15s | eta 44s | process workers | seats 10 | tracked 15 | cur 1 hist 0 boot 2 teach 4 base 3 heur 0 | avg reward -0.000   
PPO linea    [########################----]  87.8% 35113/40000 |  111.3/s | elapsed 5m 15s | eta 44s | process workers | seats 10 | tracked 15 | cur 1 hist 2 boot 3 teach 4 base 0 heur 0 | avg reward -0.000   
PPO linea    [########################----]  87.8% 35135/40000 |  111.3/s | elapsed 5m 16s | eta 44s | process workers | seats 6 | tracked 15 | cur 1 hist 1 boot 2 teach 0 base 1 heur 1 | avg reward -0.000    
PPO linea    [########################----]  87.9% 35157/40000 |  111.3/s | elapsed 5m 16s | eta 43s | process workers | seats 6 | tracked 15 | cur 1 hist 1 boot 0 teach 2 base 2 heur 0 | avg reward -0.000    
PPO linea    [########################----]  87.9% 35179/40000 |  111.3/s | elapsed 5m 16s | eta 43s | process workers | seats 2 | tracked 15 | cur 1 hist 1 boot 0 teach 0 base 0 heur 0 | avg reward -0.000    
PPO linea    [########################----]  88.0% 35201/40000 |  111.3/s | elapsed 5m 16s | eta 43s | process workers | seats 10 | tracked 15 | cur 1 hist 1 boot 2 teach 5 base 1 heur 0 | avg reward -0.000   
PPO linea    [########################----]  88.1% 35223/40000 |  111.3/s | elapsed 5m 16s | eta 43s | process workers | seats 10 | tracked 30 | cur 2 hist 3 boot 1 teach 1 base 3 heur 0 | avg reward -0.000   
PPO linea    [########################----]  88.1% 35245/40000 |  111.3/s | elapsed 5m 17s | eta 43s | process workers | seats 6 | tracked 15 | cur 1 hist 0 boot 1 teach 2 base 2 heur 0 | avg reward -0.000    
PPO linea    [########################----]  88.2% 35267/40000 |  111.3/s | elapsed 5m 17s | eta 43s | process workers | seats 8 | tracked 30 | cur 2 hist 1 boot 1 teach 4 base 0 heur 0 | avg reward -0.000    
PPO linea    [########################----]  88.2% 35289/40000 |  111.3/s | elapsed 5m 17s | eta 42s | process workers | seats 2 | tracked 15 | cur 1 hist 0 boot 0 teach 1 base 0 heur 0 | avg reward -0.000    
PPO linea    [########################----]  88.3% 35311/40000 |  111.3/s | elapsed 5m 17s | eta 42s | process workers | seats 2 | tracked 15 | cur 1 hist 0 boot 1 teach 0 base 0 heur 0 | avg reward -0.000    
PPO linea    [########################----]  88.3% 35333/40000 |  111.3/s | elapsed 5m 17s | eta 42s | process workers | seats 8 | tracked 15 | cur 1 hist 3 boot 1 teach 3 base 0 heur 0 | avg reward -0.000    
PPO linea    [########################----]  88.4% 35355/40000 |  111.3/s | elapsed 5m 18s | eta 42s | process workers | seats 4 | tracked 15 | cur 1 hist 1 boot 0 teach 2 base 0 heur 0 | avg reward -0.000    
PPO linea    [########################----]  88.4% 35377/40000 |  111.3/s | elapsed 5m 18s | eta 42s | process workers | seats 10 | tracked 30 | cur 2 hist 3 boot 0 teach 3 base 1 heur 1 | avg reward -0.000   
PPO linea    [########################----]  88.5% 35399/40000 |  111.3/s | elapsed 5m 18s | eta 41s | process workers | seats 10 | tracked 15 | cur 1 hist 2 boot 2 teach 3 base 2 heur 0 | avg reward -0.000   
PPO linea    [########################----]  88.6% 35421/40000 |  111.3/s | elapsed 5m 18s | eta 41s | process workers | seats 8 | tracked 15 | cur 1 hist 1 boot 2 teach 4 base 0 heur 0 | avg reward -0.000    
PPO linea    [########################----]  88.6% 35443/40000 |  111.4/s | elapsed 5m 18s | eta 41s | process workers | seats 2 | tracked 15 | cur 1 hist 0 boot 0 teach 0 base 1 heur 0 | avg reward -0.000    
PPO linea    [########################----]  88.7% 35465/40000 |  111.4/s | elapsed 5m 18s | eta 41s | process workers | seats 10 | tracked 30 | cur 2 hist 4 boot 2 teach 1 base 0 heur 1 | avg reward -0.000   
PPO linea    [########################----]  88.7% 35487/40000 |  111.4/s | elapsed 5m 19s | eta 41s | process workers | seats 8 | tracked 15 | cur 1 hist 1 boot 0 teach 6 base 0 heur 0 | avg reward -0.000    
PPO linea    [########################----]  88.8% 35509/40000 |  111.3/s | elapsed 5m 19s | eta 40s | process workers | seats 10 | tracked 30 | cur 2 hist 3 boot 2 teach 2 base 1 heur 0 | avg reward -0.000   
PPO linea    [########################----]  88.8% 35531/40000 |  111.4/s | elapsed 5m 19s | eta 40s | process workers | seats 6 | tracked 15 | cur 1 hist 1 boot 2 teach 2 base 0 heur 0 | avg reward -0.000    
PPO linea    [########################----]  88.9% 35553/40000 |  111.4/s | elapsed 5m 19s | eta 40s | process workers | seats 10 | tracked 15 | cur 1 hist 2 boot 2 teach 4 base 1 heur 0 | avg reward -0.000   
PPO linea    [########################----]  88.9% 35575/40000 |  111.4/s | elapsed 5m 19s | eta 40s | process workers | seats 4 | tracked 15 | cur 1 hist 2 boot 0 teach 1 base 0 heur 0 | avg reward -0.000    
PPO linea    [########################----]  89.0% 35597/40000 |  111.4/s | elapsed 5m 20s | eta 40s | process workers | seats 4 | tracked 15 | cur 1 hist 0 boot 1 teach 1 base 1 heur 0 | avg reward -0.000    
PPO linea    [########################----]  89.0% 35619/40000 |  111.4/s | elapsed 5m 20s | eta 39s | process workers | seats 8 | tracked 15 | cur 1 hist 2 boot 2 teach 2 base 0 heur 1 | avg reward -0.000    
PPO linea    [########################----]  89.1% 35641/40000 |  111.4/s | elapsed 5m 20s | eta 39s | process workers | seats 4 | tracked 15 | cur 1 hist 0 boot 0 teach 3 base 0 heur 0 | avg reward -0.000    
PPO linea    [########################----]  89.2% 35663/40000 |  111.4/s | elapsed 5m 20s | eta 39s | process workers | seats 8 | tracked 15 | cur 1 hist 1 boot 0 teach 4 base 1 heur 1 | avg reward -0.000    
PPO linea    [########################----]  89.2% 35685/40000 |  111.4/s | elapsed 5m 20s | eta 39s | process workers | seats 2 | tracked 15 | cur 1 hist 1 boot 0 teach 0 base 0 heur 0 | avg reward -0.000    
PPO linea    [########################----]  89.3% 35707/40000 |  111.4/s | elapsed 5m 21s | eta 39s | process workers | seats 8 | tracked 15 | cur 1 hist 4 boot 0 teach 3 base 0 heur 0 | avg reward -0.000    
PPO linea    [#########################---]  89.3% 35729/40000 |  111.4/s | elapsed 5m 21s | eta 38s | process workers | seats 6 | tracked 15 | cur 1 hist 0 boot 1 teach 2 base 2 heur 0 | avg reward -0.000    
PPO linea    [#########################---]  89.4% 35751/40000 |  111.4/s | elapsed 5m 21s | eta 38s | process workers | seats 4 | tracked 15 | cur 1 hist 1 boot 0 teach 0 base 2 heur 0 | avg reward -0.000    
PPO linea    [#########################---]  89.4% 35773/40000 |  111.4/s | elapsed 5m 21s | eta 38s | process workers | seats 8 | tracked 30 | cur 2 hist 1 boot 2 teach 2 base 1 heur 0 | avg reward -0.000    
PPO linea    [#########################---]  89.5% 35795/40000 |  111.4/s | elapsed 5m 21s | eta 38s | process workers | seats 8 | tracked 15 | cur 1 hist 3 boot 4 teach 0 base 0 heur 0 | avg reward -0.000    
PPO linea    [#########################---]  89.5% 35817/40000 |  111.4/s | elapsed 5m 22s | eta 38s | process workers | seats 10 | tracked 30 | cur 2 hist 0 boot 5 teach 3 base 0 heur 0 | avg reward -0.000   
PPO linea    [#########################---]  89.6% 35839/40000 |  111.4/s | elapsed 5m 22s | eta 37s | process workers | seats 8 | tracked 15 | cur 1 hist 4 boot 0 teach 2 base 1 heur 0 | avg reward -0.000    
PPO linea    [#########################---]  89.7% 35861/40000 |  111.4/s | elapsed 5m 22s | eta 37s | process workers | seats 4 | tracked 15 | cur 1 hist 0 boot 0 teach 2 base 1 heur 0 | avg reward -0.000    
PPO linea    [#########################---]  89.7% 35883/40000 |  111.4/s | elapsed 5m 22s | eta 37s | process workers | seats 4 | tracked 15 | cur 1 hist 0 boot 1 teach 1 base 1 heur 0 | avg reward -0.000    
PPO linea    [#########################---]  89.8% 35905/40000 |  111.4/s | elapsed 5m 22s | eta 37s | process workers | seats 8 | tracked 15 | cur 1 hist 0 boot 1 teach 3 base 3 heur 0 | avg reward -0.000    
PPO linea    [#########################---]  89.8% 35927/40000 |  111.4/s | elapsed 5m 23s | eta 37s | process workers | seats 8 | tracked 15 | cur 1 hist 2 boot 1 teach 2 base 1 heur 1 | avg reward -0.000    
PPO linea    [#########################---]  89.9% 35949/40000 |  111.4/s | elapsed 5m 23s | eta 36s | process workers | seats 4 | tracked 15 | cur 1 hist 1 boot 1 teach 0 base 1 heur 0 | avg reward -0.000    
PPO linea    [#########################---]  89.9% 35971/40000 |  111.4/s | elapsed 5m 23s | eta 36s | process workers | seats 4 | tracked 15 | cur 1 hist 1 boot 2 teach 0 base 0 heur 0 | avg reward -0.000    
PPO linea    [#########################---]  90.0% 35993/40000 |  111.4/s | elapsed 5m 23s | eta 36s | process workers | seats 10 | tracked 30 | cur 2 hist 1 boot 2 teach 4 base 0 heur 1 | avg reward -0.000   
PPO linea    [#########################---]  90.0% 36015/40000 |  111.4/s | elapsed 5m 23s | eta 36s | process workers | seats 10 | tracked 15 | cur 1 hist 3 boot 1 teach 2 base 1 heur 2 | avg reward -0.000   
PPO linea    [#########################---]  90.1% 36037/40000 |  111.4/s | elapsed 5m 24s | eta 36s | process workers | seats 6 | tracked 15 | cur 1 hist 0 boot 1 teach 3 base 1 heur 0 | avg reward -0.000    
PPO linea    [#########################---]  90.1% 36059/40000 |  111.4/s | elapsed 5m 24s | eta 35s | process workers | seats 10 | tracked 30 | cur 2 hist 2 boot 1 teach 3 base 2 heur 0 | avg reward -0.000   
PPO linea    [#########################---]  90.2% 36081/40000 |  111.4/s | elapsed 5m 24s | eta 35s | process workers | seats 10 | tracked 30 | cur 2 hist 3 boot 1 teach 3 base 1 heur 0 | avg reward -0.000   
PPO linea    [#########################---]  90.3% 36103/40000 |  111.4/s | elapsed 5m 24s | eta 35s | process workers | seats 8 | tracked 15 | cur 1 hist 2 boot 1 teach 3 base 0 heur 1 | avg reward -0.000    
PPO linea    [#########################---]  90.3% 36125/40000 |  111.4/s | elapsed 5m 24s | eta 35s | process workers | seats 8 | tracked 15 | cur 1 hist 2 boot 2 teach 2 base 1 heur 0 | avg reward -0.000    
PPO linea    [#########################---]  90.4% 36147/40000 |  111.4/s | elapsed 5m 25s | eta 35s | process workers | seats 2 | tracked 15 | cur 1 hist 0 boot 1 teach 0 base 0 heur 0 | avg reward -0.000    
PPO linea    [#########################---]  90.4% 36169/40000 |  111.4/s | elapsed 5m 25s | eta 34s | process workers | seats 6 | tracked 15 | cur 1 hist 3 boot 1 teach 1 base 0 heur 0 | avg reward -0.000    
PPO linea    [#########################---]  90.5% 36191/40000 |  111.4/s | elapsed 5m 25s | eta 34s | process workers | seats 10 | tracked 15 | cur 1 hist 1 boot 2 teach 3 base 3 heur 0 | avg reward -0.000   
PPO linea    [#########################---]  90.5% 36213/40000 |  111.4/s | elapsed 5m 25s | eta 34s | process workers | seats 8 | tracked 15 | cur 1 hist 1 boot 0 teach 4 base 2 heur 0 | avg reward -0.000    
PPO linea    [#########################---]  90.6% 36235/40000 |  111.4/s | elapsed 5m 25s | eta 34s | process workers | seats 4 | tracked 15 | cur 1 hist 2 boot 0 teach 1 base 0 heur 0 | avg reward -0.000    
PPO linea    [#########################---]  90.6% 36257/40000 |  111.4/s | elapsed 5m 26s | eta 34s | process workers | seats 6 | tracked 15 | cur 1 hist 0 boot 1 teach 3 base 0 heur 1 | avg reward -0.000    
PPO linea    [#########################---]  90.7% 36279/40000 |  111.4/s | elapsed 5m 26s | eta 33s | process workers | seats 2 | tracked 15 | cur 1 hist 1 boot 0 teach 0 base 0 heur 0 | avg reward 0.000     
PPO linea    [#########################---]  90.8% 36301/40000 |  111.4/s | elapsed 5m 26s | eta 33s | process workers | seats 6 | tracked 15 | cur 1 hist 2 boot 1 teach 2 base 0 heur 0 | avg reward -0.000    
PPO linea    [#########################---]  90.8% 36323/40000 |  111.4/s | elapsed 5m 26s | eta 33s | process workers | seats 10 | tracked 30 | cur 2 hist 2 boot 0 teach 4 base 1 heur 1 | avg reward -0.000   
PPO linea    [#########################---]  90.9% 36345/40000 |  111.4/s | elapsed 5m 26s | eta 33s | process workers | seats 2 | tracked 15 | cur 1 hist 0 boot 0 teach 1 base 0 heur 0 | avg reward -0.000    
PPO linea    [#########################---]  90.9% 36367/40000 |  111.4/s | elapsed 5m 27s | eta 33s | process workers | seats 4 | tracked 15 | cur 1 hist 0 boot 0 teach 3 base 0 heur 0 | avg reward 0.000     
PPO linea    [#########################---]  91.0% 36389/40000 |  111.4/s | elapsed 5m 27s | eta 32s | process workers | seats 10 | tracked 15 | cur 1 hist 1 boot 1 teach 5 base 2 heur 0 | avg reward 0.000    
PPO linea    [#########################---]  91.0% 36411/40000 |  111.4/s | elapsed 5m 27s | eta 32s | process workers | seats 8 | tracked 30 | cur 2 hist 2 boot 2 teach 2 base 0 heur 0 | avg reward 0.000     
PPO linea    [#########################---]  91.1% 36433/40000 |  111.4/s | elapsed 5m 27s | eta 32s | process workers | seats 4 | tracked 15 | cur 1 hist 0 boot 0 teach 3 base 0 heur 0 | avg reward 0.000     
PPO linea    [#########################---]  91.1% 36455/40000 |  111.4/s | elapsed 5m 27s | eta 32s | process workers | seats 8 | tracked 15 | cur 1 hist 1 boot 0 teach 3 base 3 heur 0 | avg reward 0.000     
PPO linea    [#########################---]  91.2% 36477/40000 |  111.4/s | elapsed 5m 28s | eta 32s | process workers | seats 4 | tracked 15 | cur 1 hist 1 boot 1 teach 1 base 0 heur 0 | avg reward 0.000     
PPO linea    [#########################---]  91.2% 36499/40000 |  111.3/s | elapsed 5m 28s | eta 31s | process workers | seats 10 | tracked 15 | cur 1 hist 1 boot 2 teach 2 base 3 heur 1 | avg reward 0.000    
PPO linea    [#########################---]  91.3% 36521/40000 |  111.4/s | elapsed 5m 28s | eta 31s | process workers | seats 4 | tracked 15 | cur 1 hist 0 boot 0 teach 2 base 1 heur 0 | avg reward 0.000     
PPO linea    [#########################---]  91.4% 36543/40000 |  111.3/s | elapsed 5m 28s | eta 31s | process workers | seats 8 | tracked 15 | cur 1 hist 1 boot 1 teach 5 base 0 heur 0 | avg reward 0.000     
PPO linea    [#########################---]  91.4% 36565/40000 |  111.3/s | elapsed 5m 28s | eta 31s | process workers | seats 8 | tracked 15 | cur 1 hist 1 boot 0 teach 6 base 0 heur 0 | avg reward 0.000     
PPO linea    [#########################---]  91.5% 36587/40000 |  111.4/s | elapsed 5m 29s | eta 31s | process workers | seats 10 | tracked 15 | cur 1 hist 3 boot 1 teach 4 base 1 heur 0 | avg reward 0.000    
PPO linea    [#########################---]  91.5% 36609/40000 |  111.4/s | elapsed 5m 29s | eta 30s | process workers | seats 4 | tracked 15 | cur 1 hist 0 boot 0 teach 3 base 0 heur 0 | avg reward -0.000    
PPO linea    [#########################---]  91.6% 36631/40000 |  111.4/s | elapsed 5m 29s | eta 30s | process workers | seats 10 | tracked 15 | cur 1 hist 2 boot 2 teach 1 base 3 heur 1 | avg reward 0.000    
PPO linea    [#########################---]  91.6% 36653/40000 |  111.4/s | elapsed 5m 29s | eta 30s | process workers | seats 8 | tracked 30 | cur 2 hist 1 boot 2 teach 2 base 0 heur 1 | avg reward 0.000     
PPO linea    [#########################---]  91.7% 36675/40000 |  111.4/s | elapsed 5m 29s | eta 30s | process workers | seats 2 | tracked 15 | cur 1 hist 0 boot 1 teach 0 base 0 heur 0 | avg reward 0.000     
PPO linea    [#########################---]  91.7% 36697/40000 |  111.4/s | elapsed 5m 30s | eta 30s | process workers | seats 6 | tracked 15 | cur 1 hist 1 boot 0 teach 4 base 0 heur 0 | avg reward 0.000     
PPO linea    [#########################---]  91.8% 36719/40000 |  111.4/s | elapsed 5m 30s | eta 29s | process workers | seats 8 | tracked 15 | cur 1 hist 2 boot 1 teach 2 base 1 heur 1 | avg reward 0.000     
PPO linea    [#########################---]  91.9% 36741/40000 |  111.4/s | elapsed 5m 30s | eta 29s | process workers | seats 8 | tracked 15 | cur 1 hist 2 boot 0 teach 5 base 0 heur 0 | avg reward 0.000     
PPO linea    [#########################---]  91.9% 36763/40000 |  111.4/s | elapsed 5m 30s | eta 29s | process workers | seats 6 | tracked 15 | cur 1 hist 1 boot 1 teach 2 base 1 heur 0 | avg reward 0.000     
PPO linea    [#########################---]  92.0% 36785/40000 |  111.4/s | elapsed 5m 30s | eta 29s | process workers | seats 8 | tracked 15 | cur 1 hist 2 boot 1 teach 2 base 1 heur 1 | avg reward 0.000     
PPO linea    [#########################---]  92.0% 36807/40000 |  111.4/s | elapsed 5m 30s | eta 29s | process workers | seats 10 | tracked 15 | cur 1 hist 0 boot 1 teach 6 base 2 heur 0 | avg reward 0.000    
PPO linea    [#########################---]  92.1% 36829/40000 |  111.4/s | elapsed 5m 31s | eta 28s | process workers | seats 8 | tracked 15 | cur 1 hist 1 boot 0 teach 3 base 2 heur 1 | avg reward 0.000     
PPO linea    [#########################---]  92.1% 36851/40000 |  111.4/s | elapsed 5m 31s | eta 28s | process workers | seats 6 | tracked 15 | cur 1 hist 1 boot 4 teach 0 base 0 heur 0 | avg reward 0.000     
PPO linea    [#########################---]  92.2% 36873/40000 |  111.4/s | elapsed 5m 31s | eta 28s | process workers | seats 8 | tracked 15 | cur 1 hist 1 boot 2 teach 3 base 0 heur 1 | avg reward 0.000     
PPO linea    [#########################---]  92.2% 36895/40000 |  111.4/s | elapsed 5m 31s | eta 28s | process workers | seats 10 | tracked 15 | cur 1 hist 2 boot 3 teach 3 base 1 heur 0 | avg reward 0.000    
PPO linea    [#########################---]  92.3% 36917/40000 |  111.4/s | elapsed 5m 31s | eta 28s | process workers | seats 10 | tracked 15 | cur 1 hist 2 boot 1 teach 5 base 1 heur 0 | avg reward 0.000    
PPO linea    [#########################---]  92.3% 36939/40000 |  111.4/s | elapsed 5m 32s | eta 27s | process workers | seats 4 | tracked 15 | cur 1 hist 0 boot 1 teach 1 base 1 heur 0 | avg reward 0.000     
PPO linea    [#########################---]  92.4% 36961/40000 |  111.4/s | elapsed 5m 32s | eta 27s | process workers | seats 4 | tracked 15 | cur 1 hist 0 boot 0 teach 2 base 1 heur 0 | avg reward 0.000     
PPO linea    [#########################---]  92.5% 36983/40000 |  111.4/s | elapsed 5m 32s | eta 27s | process workers | seats 10 | tracked 15 | cur 1 hist 4 boot 1 teach 3 base 1 heur 0 | avg reward 0.000    
PPO linea    [#########################---]  92.5% 37005/40000 |  111.4/s | elapsed 5m 32s | eta 27s | process workers | seats 6 | tracked 15 | cur 1 hist 1 boot 0 teach 4 base 0 heur 0 | avg reward 0.000     
PPO linea    [#########################---]  92.6% 37027/40000 |  111.4/s | elapsed 5m 32s | eta 27s | process workers | seats 8 | tracked 15 | cur 1 hist 0 boot 2 teach 2 base 3 heur 0 | avg reward 0.000     
PPO linea    [#########################---]  92.6% 37049/40000 |  111.4/s | elapsed 5m 33s | eta 26s | process workers | seats 6 | tracked 15 | cur 1 hist 2 boot 1 teach 2 base 0 heur 0 | avg reward 0.000     
PPO linea    [#########################---]  92.7% 37071/40000 |  111.4/s | elapsed 5m 33s | eta 26s | process workers | seats 10 | tracked 30 | cur 2 hist 2 boot 2 teach 4 base 0 heur 0 | avg reward 0.000    
PPO linea    [#########################---]  92.7% 37093/40000 |  111.4/s | elapsed 5m 33s | eta 26s | process workers | seats 10 | tracked 15 | cur 1 hist 1 boot 0 teach 5 base 3 heur 0 | avg reward 0.000    
PPO linea    [#########################---]  92.8% 37115/40000 |  111.4/s | elapsed 5m 33s | eta 26s | process workers | seats 4 | tracked 15 | cur 1 hist 3 boot 0 teach 0 base 0 heur 0 | avg reward 0.000     
PPO linea    [#########################---]  92.8% 37137/40000 |  111.4/s | elapsed 5m 33s | eta 26s | process workers | seats 4 | tracked 15 | cur 1 hist 0 boot 1 teach 2 base 0 heur 0 | avg reward 0.000     
PPO linea    [##########################--]  92.9% 37159/40000 |  111.4/s | elapsed 5m 34s | eta 26s | process workers | seats 10 | tracked 15 | cur 1 hist 2 boot 1 teach 5 base 1 heur 0 | avg reward 0.000    
PPO linea    [##########################--]  93.0% 37181/40000 |  111.4/s | elapsed 5m 34s | eta 25s | process workers | seats 10 | tracked 15 | cur 1 hist 3 boot 1 teach 4 base 1 heur 0 | avg reward 0.000    
PPO linea    [##########################--]  93.0% 37203/40000 |  111.4/s | elapsed 5m 34s | eta 25s | process workers | seats 8 | tracked 30 | cur 2 hist 2 boot 0 teach 1 base 3 heur 0 | avg reward 0.000     
PPO linea    [##########################--]  93.1% 37225/40000 |  111.4/s | elapsed 5m 34s | eta 25s | process workers | seats 4 | tracked 15 | cur 1 hist 0 boot 0 teach 1 base 2 heur 0 | avg reward 0.000     
PPO linea    [##########################--]  93.1% 37247/40000 |  111.4/s | elapsed 5m 34s | eta 25s | process workers | seats 8 | tracked 30 | cur 2 hist 1 boot 1 teach 4 base 0 heur 0 | avg reward 0.000     
PPO linea    [##########################--]  93.2% 37269/40000 |  111.4/s | elapsed 5m 35s | eta 25s | process workers | seats 8 | tracked 15 | cur 1 hist 1 boot 2 teach 3 base 1 heur 0 | avg reward 0.000     
PPO linea    [##########################--]  93.2% 37291/40000 |  111.4/s | elapsed 5m 35s | eta 24s | process workers | seats 10 | tracked 30 | cur 2 hist 4 boot 3 teach 1 base 0 heur 0 | avg reward 0.000    
PPO linea    [##########################--]  93.3% 37313/40000 |  111.4/s | elapsed 5m 35s | eta 24s | process workers | seats 6 | tracked 15 | cur 1 hist 0 boot 2 teach 3 base 0 heur 0 | avg reward 0.000     
PPO linea    [##########################--]  93.3% 37335/40000 |  111.4/s | elapsed 5m 35s | eta 24s | process workers | seats 10 | tracked 15 | cur 1 hist 0 boot 5 teach 1 base 3 heur 0 | avg reward 0.000    
PPO linea    [##########################--]  93.4% 37357/40000 |  111.4/s | elapsed 5m 35s | eta 24s | process workers | seats 4 | tracked 15 | cur 1 hist 0 boot 0 teach 3 base 0 heur 0 | avg reward 0.000     
PPO linea    [##########################--]  93.4% 37379/40000 |  111.4/s | elapsed 5m 36s | eta 24s | process workers | seats 10 | tracked 15 | cur 1 hist 2 boot 0 teach 5 base 1 heur 1 | avg reward 0.000    
PPO linea    [##########################--]  93.5% 37401/40000 |  111.4/s | elapsed 5m 36s | eta 23s | process workers | seats 10 | tracked 30 | cur 2 hist 3 boot 1 teach 3 base 0 heur 1 | avg reward 0.000    
PPO linea    [##########################--]  93.6% 37423/40000 |  111.4/s | elapsed 5m 36s | eta 23s | process workers | seats 8 | tracked 15 | cur 1 hist 5 boot 1 teach 1 base 0 heur 0 | avg reward 0.000     
PPO linea    [##########################--]  93.6% 37445/40000 |  111.4/s | elapsed 5m 36s | eta 23s | process workers | seats 2 | tracked 15 | cur 1 hist 0 boot 0 teach 0 base 1 heur 0 | avg reward 0.000     
PPO linea    [##########################--]  93.7% 37467/40000 |  111.4/s | elapsed 5m 36s | eta 23s | process workers | seats 10 | tracked 15 | cur 1 hist 2 boot 2 teach 2 base 3 heur 0 | avg reward 0.000    
PPO linea    [##########################--]  93.7% 37489/40000 |  111.4/s | elapsed 5m 37s | eta 23s | process workers | seats 8 | tracked 30 | cur 2 hist 1 boot 2 teach 2 base 1 heur 0 | avg reward 0.000     
PPO linea    [##########################--]  93.8% 37511/40000 |  111.4/s | elapsed 5m 37s | eta 22s | process workers | seats 8 | tracked 30 | cur 2 hist 1 boot 2 teach 2 base 1 heur 0 | avg reward 0.000     
PPO linea    [##########################--]  93.8% 37533/40000 |  111.4/s | elapsed 5m 37s | eta 22s | process workers | seats 10 | tracked 15 | cur 1 hist 1 boot 1 teach 4 base 2 heur 1 | avg reward 0.000    
PPO linea    [##########################--]  93.9% 37555/40000 |  111.4/s | elapsed 5m 37s | eta 22s | process workers | seats 8 | tracked 15 | cur 1 hist 3 boot 2 teach 2 base 0 heur 0 | avg reward 0.000     
PPO linea    [##########################--]  93.9% 37577/40000 |  111.4/s | elapsed 5m 37s | eta 22s | process workers | seats 6 | tracked 15 | cur 1 hist 0 boot 1 teach 1 base 2 heur 1 | avg reward 0.000     
PPO linea    [##########################--]  94.0% 37599/40000 |  111.4/s | elapsed 5m 38s | eta 22s | process workers | seats 2 | tracked 15 | cur 1 hist 0 boot 0 teach 1 base 0 heur 0 | avg reward 0.000     
PPO linea    [##########################--]  94.1% 37621/40000 |  111.4/s | elapsed 5m 38s | eta 21s | process workers | seats 6 | tracked 15 | cur 1 hist 1 boot 2 teach 1 base 1 heur 0 | avg reward 0.000     
PPO linea    [##########################--]  94.1% 37643/40000 |  111.4/s | elapsed 5m 38s | eta 21s | process workers | seats 2 | tracked 15 | cur 1 hist 0 boot 0 teach 0 base 0 heur 1 | avg reward 0.000     
PPO linea    [##########################--]  94.2% 37665/40000 |  111.4/s | elapsed 5m 38s | eta 21s | process workers | seats 6 | tracked 15 | cur 1 hist 1 boot 3 teach 1 base 0 heur 0 | avg reward 0.000     
PPO linea    [##########################--]  94.2% 37687/40000 |  111.4/s | elapsed 5m 38s | eta 21s | process workers | seats 10 | tracked 15 | cur 1 hist 4 boot 1 teach 4 base 0 heur 0 | avg reward 0.000    
PPO linea    [##########################--]  94.3% 37709/40000 |  111.4/s | elapsed 5m 39s | eta 21s | process workers | seats 8 | tracked 15 | cur 1 hist 2 boot 2 teach 3 base 0 heur 0 | avg reward 0.000     
PPO linea    [##########################--]  94.3% 37731/40000 |  111.4/s | elapsed 5m 39s | eta 20s | process workers | seats 6 | tracked 15 | cur 1 hist 0 boot 0 teach 3 base 2 heur 0 | avg reward 0.000     
PPO linea    [##########################--]  94.4% 37753/40000 |  111.4/s | elapsed 5m 39s | eta 20s | process workers | seats 2 | tracked 15 | cur 1 hist 0 boot 1 teach 0 base 0 heur 0 | avg reward 0.000     
PPO linea    [##########################--]  94.4% 37775/40000 |  111.4/s | elapsed 5m 39s | eta 20s | process workers | seats 8 | tracked 15 | cur 1 hist 1 boot 1 teach 4 base 1 heur 0 | avg reward 0.000     
PPO linea    [##########################--]  94.5% 37797/40000 |  111.4/s | elapsed 5m 39s | eta 20s | process workers | seats 10 | tracked 15 | cur 1 hist 3 boot 1 teach 4 base 1 heur 0 | avg reward 0.000    
PPO linea    [##########################--]  94.5% 37819/40000 |  111.4/s | elapsed 5m 40s | eta 20s | process workers | seats 6 | tracked 15 | cur 1 hist 2 boot 1 teach 1 base 1 heur 0 | avg reward 0.000     
PPO linea    [##########################--]  94.6% 37841/40000 |  111.4/s | elapsed 5m 40s | eta 19s | process workers | seats 10 | tracked 30 | cur 2 hist 2 boot 1 teach 4 base 1 heur 0 | avg reward 0.000    
PPO linea    [##########################--]  94.7% 37863/40000 |  111.4/s | elapsed 5m 40s | eta 19s | process workers | seats 6 | tracked 15 | cur 1 hist 0 boot 3 teach 2 base 0 heur 0 | avg reward 0.000     
PPO linea    [##########################--]  94.7% 37885/40000 |  111.4/s | elapsed 5m 40s | eta 19s | process workers | seats 10 | tracked 30 | cur 2 hist 2 boot 2 teach 3 base 1 heur 0 | avg reward 0.000    
PPO linea    [##########################--]  94.8% 37907/40000 |  111.4/s | elapsed 5m 40s | eta 19s | process workers | seats 10 | tracked 30 | cur 2 hist 0 boot 2 teach 5 base 1 heur 0 | avg reward 0.000    
PPO linea    [##########################--]  94.8% 37929/40000 |  111.4/s | elapsed 5m 41s | eta 19s | process workers | seats 8 | tracked 15 | cur 1 hist 1 boot 1 teach 3 base 0 heur 2 | avg reward 0.000     
PPO linea    [##########################--]  94.9% 37951/40000 |  111.4/s | elapsed 5m 41s | eta 18s | process workers | seats 10 | tracked 15 | cur 1 hist 3 boot 1 teach 2 base 2 heur 1 | avg reward 0.000    
PPO linea    [##########################--]  94.9% 37973/40000 |  111.4/s | elapsed 5m 41s | eta 18s | process workers | seats 8 | tracked 15 | cur 1 hist 0 boot 2 teach 4 base 1 heur 0 | avg reward 0.000     
PPO linea    [##########################--]  95.0% 37995/40000 |  111.4/s | elapsed 5m 41s | eta 18s | process workers | seats 10 | tracked 30 | cur 2 hist 2 boot 0 teach 5 base 1 heur 0 | avg reward 0.000    
PPO linea    [##########################--]  95.0% 38017/40000 |  111.4/s | elapsed 5m 41s | eta 18s | process workers | seats 4 | tracked 15 | cur 1 hist 1 boot 0 teach 0 base 2 heur 0 | avg reward 0.000     
PPO linea    [##########################--]  95.1% 38039/40000 |  111.4/s | elapsed 5m 41s | eta 18s | process workers | seats 10 | tracked 15 | cur 1 hist 1 boot 1 teach 5 base 2 heur 0 | avg reward 0.000    
PPO linea    [##########################--]  95.2% 38061/40000 |  111.4/s | elapsed 5m 42s | eta 17s | process workers | seats 2 | tracked 15 | cur 1 hist 1 boot 0 teach 0 base 0 heur 0 | avg reward 0.000     
PPO linea    [##########################--]  95.2% 38083/40000 |  111.4/s | elapsed 5m 42s | eta 17s | process workers | seats 10 | tracked 30 | cur 2 hist 3 boot 1 teach 3 base 0 heur 1 | avg reward 0.000    
PPO linea    [##########################--]  95.3% 38105/40000 |  111.4/s | elapsed 5m 42s | eta 17s | process workers | seats 4 | tracked 15 | cur 1 hist 1 boot 0 teach 2 base 0 heur 0 | avg reward 0.000     
PPO linea    [##########################--]  95.3% 38127/40000 |  111.4/s | elapsed 5m 42s | eta 17s | process workers | seats 6 | tracked 15 | cur 1 hist 1 boot 2 teach 2 base 0 heur 0 | avg reward 0.000     
PPO linea    [##########################--]  95.4% 38149/40000 |  111.4/s | elapsed 5m 43s | eta 17s | process workers | seats 8 | tracked 15 | cur 1 hist 0 boot 4 teach 1 base 1 heur 1 | avg reward 0.000     
PPO linea    [##########################--]  95.4% 38171/40000 |  111.4/s | elapsed 5m 43s | eta 16s | process workers | seats 6 | tracked 15 | cur 1 hist 2 boot 1 teach 1 base 1 heur 0 | avg reward 0.000     
PPO linea    [##########################--]  95.5% 38193/40000 |  111.4/s | elapsed 5m 43s | eta 16s | process workers | seats 4 | tracked 15 | cur 1 hist 0 boot 1 teach 2 base 0 heur 0 | avg reward 0.000     
PPO linea    [##########################--]  95.5% 38215/40000 |  111.4/s | elapsed 5m 43s | eta 16s | process workers | seats 4 | tracked 15 | cur 1 hist 1 boot 0 teach 1 base 1 heur 0 | avg reward 0.000     
PPO linea    [##########################--]  95.6% 38237/40000 |  111.4/s | elapsed 5m 43s | eta 16s | process workers | seats 8 | tracked 15 | cur 1 hist 3 boot 0 teach 2 base 2 heur 0 | avg reward 0.000     
PPO linea    [##########################--]  95.6% 38259/40000 |  111.4/s | elapsed 5m 44s | eta 16s | process workers | seats 10 | tracked 15 | cur 1 hist 1 boot 1 teach 4 base 1 heur 2 | avg reward 0.000    
PPO linea    [##########################--]  95.7% 38281/40000 |  111.4/s | elapsed 5m 44s | eta 15s | process workers | seats 2 | tracked 15 | cur 1 hist 0 boot 0 teach 1 base 0 heur 0 | avg reward 0.000     
PPO linea    [##########################--]  95.8% 38303/40000 |  111.4/s | elapsed 5m 44s | eta 15s | process workers | seats 10 | tracked 15 | cur 1 hist 2 boot 0 teach 4 base 2 heur 1 | avg reward 0.000    
PPO linea    [##########################--]  95.8% 38325/40000 |  111.4/s | elapsed 5m 44s | eta 15s | process workers | seats 8 | tracked 30 | cur 2 hist 1 boot 0 teach 4 base 0 heur 1 | avg reward 0.000     
PPO linea    [##########################--]  95.9% 38347/40000 |  111.4/s | elapsed 5m 44s | eta 15s | process workers | seats 8 | tracked 15 | cur 1 hist 1 boot 1 teach 3 base 1 heur 1 | avg reward 0.000     
PPO linea    [##########################--]  95.9% 38369/40000 |  111.4/s | elapsed 5m 45s | eta 15s | process workers | seats 8 | tracked 15 | cur 1 hist 1 boot 2 teach 2 base 2 heur 0 | avg reward 0.000     
PPO linea    [##########################--]  96.0% 38391/40000 |  111.4/s | elapsed 5m 45s | eta 14s | process workers | seats 4 | tracked 15 | cur 1 hist 0 boot 0 teach 2 base 1 heur 0 | avg reward 0.000     
PPO linea    [##########################--]  96.0% 38413/40000 |  111.4/s | elapsed 5m 45s | eta 14s | process workers | seats 4 | tracked 15 | cur 1 hist 1 boot 0 teach 2 base 0 heur 0 | avg reward 0.000     
PPO linea    [##########################--]  96.1% 38435/40000 |  111.4/s | elapsed 5m 45s | eta 14s | process workers | seats 10 | tracked 30 | cur 2 hist 2 boot 2 teach 0 base 2 heur 2 | avg reward 0.000    
PPO linea    [##########################--]  96.1% 38457/40000 |  111.4/s | elapsed 5m 45s | eta 14s | process workers | seats 10 | tracked 15 | cur 1 hist 1 boot 3 teach 5 base 0 heur 0 | avg reward 0.000    
PPO linea    [##########################--]  96.2% 38479/40000 |  111.4/s | elapsed 5m 46s | eta 14s | process workers | seats 10 | tracked 15 | cur 1 hist 2 boot 2 teach 4 base 1 heur 0 | avg reward 0.000    
PPO linea    [##########################--]  96.3% 38501/40000 |  111.4/s | elapsed 5m 46s | eta 13s | process workers | seats 10 | tracked 15 | cur 1 hist 2 boot 0 teach 4 base 2 heur 1 | avg reward 0.000    
PPO linea    [##########################--]  96.3% 38523/40000 |  111.3/s | elapsed 5m 46s | eta 13s | process workers | seats 6 | tracked 15 | cur 1 hist 1 boot 1 teach 3 base 0 heur 0 | avg reward 0.000     
PPO linea    [##########################--]  96.4% 38545/40000 |  111.3/s | elapsed 5m 46s | eta 13s | process workers | seats 8 | tracked 15 | cur 1 hist 0 boot 0 teach 5 base 2 heur 0 | avg reward 0.000     
PPO linea    [##########################--]  96.4% 38567/40000 |  111.3/s | elapsed 5m 46s | eta 13s | process workers | seats 8 | tracked 30 | cur 2 hist 2 boot 1 teach 3 base 0 heur 0 | avg reward 0.000     
PPO linea    [###########################-]  96.5% 38589/40000 |  111.3/s | elapsed 5m 47s | eta 13s | process workers | seats 4 | tracked 15 | cur 1 hist 0 boot 2 teach 1 base 0 heur 0 | avg reward 0.000     
PPO linea    [###########################-]  96.5% 38611/40000 |  111.3/s | elapsed 5m 47s | eta 12s | process workers | seats 2 | tracked 15 | cur 1 hist 0 boot 0 teach 0 base 1 heur 0 | avg reward 0.000     
PPO linea    [###########################-]  96.6% 38633/40000 |  111.4/s | elapsed 5m 47s | eta 12s | process workers | seats 4 | tracked 15 | cur 1 hist 0 boot 1 teach 1 base 0 heur 1 | avg reward 0.000     
PPO linea    [###########################-]  96.6% 38655/40000 |  111.4/s | elapsed 5m 47s | eta 12s | process workers | seats 10 | tracked 15 | cur 1 hist 4 boot 0 teach 4 base 1 heur 0 | avg reward 0.000    
PPO linea    [###########################-]  96.7% 38677/40000 |  111.3/s | elapsed 5m 47s | eta 12s | process workers | seats 8 | tracked 15 | cur 1 hist 1 boot 2 teach 1 base 3 heur 0 | avg reward 0.000     
PPO linea    [###########################-]  96.7% 38699/40000 |  111.3/s | elapsed 5m 48s | eta 12s | process workers | seats 4 | tracked 15 | cur 1 hist 1 boot 1 teach 0 base 1 heur 0 | avg reward 0.000     
PPO linea    [###########################-]  96.8% 38721/40000 |  111.3/s | elapsed 5m 48s | eta 11s | process workers | seats 10 | tracked 15 | cur 1 hist 2 boot 3 teach 2 base 2 heur 0 | avg reward 0.000    
PPO linea    [###########################-]  96.9% 38743/40000 |  111.3/s | elapsed 5m 48s | eta 11s | process workers | seats 6 | tracked 15 | cur 1 hist 0 boot 2 teach 3 base 0 heur 0 | avg reward 0.000     
PPO linea    [###########################-]  96.9% 38765/40000 |  111.3/s | elapsed 5m 48s | eta 11s | process workers | seats 8 | tracked 15 | cur 1 hist 2 boot 1 teach 3 base 1 heur 0 | avg reward 0.000     
PPO linea    [###########################-]  97.0% 38787/40000 |  111.3/s | elapsed 5m 48s | eta 11s | process workers | seats 10 | tracked 15 | cur 1 hist 2 boot 2 teach 3 base 1 heur 1 | avg reward 0.000    
PPO linea    [###########################-]  97.0% 38809/40000 |  111.4/s | elapsed 5m 49s | eta 11s | process workers | seats 6 | tracked 15 | cur 1 hist 2 boot 2 teach 1 base 0 heur 0 | avg reward 0.000     
PPO linea    [###########################-]  97.1% 38831/40000 |  111.4/s | elapsed 5m 49s | eta 10s | process workers | seats 8 | tracked 15 | cur 1 hist 2 boot 1 teach 2 base 2 heur 0 | avg reward 0.000     
PPO linea    [###########################-]  97.1% 38853/40000 |  111.3/s | elapsed 5m 49s | eta 10s | process workers | seats 6 | tracked 15 | cur 1 hist 0 boot 2 teach 3 base 0 heur 0 | avg reward 0.000     
PPO linea    [###########################-]  97.2% 38875/40000 |  111.3/s | elapsed 5m 49s | eta 10s | process workers | seats 4 | tracked 15 | cur 1 hist 0 boot 1 teach 2 base 0 heur 0 | avg reward 0.000     
PPO linea    [###########################-]  97.2% 38897/40000 |  111.3/s | elapsed 5m 49s | eta 10s | process workers | seats 6 | tracked 15 | cur 1 hist 1 boot 3 teach 1 base 0 heur 0 | avg reward 0.000     
PPO linea    [###########################-]  97.3% 38919/40000 |  111.3/s | elapsed 5m 50s | eta 10s | process workers | seats 8 | tracked 15 | cur 1 hist 2 boot 1 teach 4 base 0 heur 0 | avg reward 0.000     
PPO linea    [###########################-]  97.4% 38941/40000 |  111.3/s | elapsed 5m 50s | eta 10s | process workers | seats 6 | tracked 15 | cur 1 hist 1 boot 1 teach 3 base 0 heur 0 | avg reward 0.000     
PPO linea    [###########################-]  97.4% 38963/40000 |  111.4/s | elapsed 5m 50s | eta 9s | process workers | seats 2 | tracked 15 | cur 1 hist 0 boot 0 teach 1 base 0 heur 0 | avg reward 0.000      
PPO linea    [###########################-]  97.5% 38985/40000 |  111.3/s | elapsed 5m 50s | eta 9s | process workers | seats 10 | tracked 30 | cur 2 hist 2 boot 0 teach 6 base 0 heur 0 | avg reward 0.000     
PPO linea    [###########################-]  97.5% 39007/40000 |  111.3/s | elapsed 5m 50s | eta 9s | process workers | seats 4 | tracked 15 | cur 1 hist 1 boot 0 teach 1 base 1 heur 0 | avg reward 0.000      
PPO linea    [###########################-]  97.6% 39029/40000 |  111.3/s | elapsed 5m 51s | eta 9s | process workers | seats 10 | tracked 15 | cur 1 hist 4 boot 2 teach 2 base 0 heur 1 | avg reward 0.000     
PPO linea    [###########################-]  97.6% 39051/40000 |  111.4/s | elapsed 5m 51s | eta 9s | process workers | seats 8 | tracked 30 | cur 2 hist 1 boot 0 teach 5 base 0 heur 0 | avg reward 0.000      
PPO linea    [###########################-]  97.7% 39073/40000 |  111.4/s | elapsed 5m 51s | eta 8s | process workers | seats 4 | tracked 15 | cur 1 hist 1 boot 0 teach 1 base 1 heur 0 | avg reward 0.000      
PPO linea    [###########################-]  97.7% 39095/40000 |  111.4/s | elapsed 5m 51s | eta 8s | process workers | seats 4 | tracked 15 | cur 1 hist 1 boot 2 teach 0 base 0 heur 0 | avg reward 0.000      
PPO linea    [###########################-]  97.8% 39117/40000 |  111.4/s | elapsed 5m 51s | eta 8s | process workers | seats 10 | tracked 30 | cur 2 hist 0 boot 1 teach 5 base 0 heur 2 | avg reward 0.000     
PPO linea    [###########################-]  97.8% 39139/40000 |  111.4/s | elapsed 5m 51s | eta 8s | process workers | seats 8 | tracked 15 | cur 1 hist 2 boot 1 teach 3 base 0 heur 1 | avg reward -0.000     
PPO linea    [###########################-]  97.9% 39161/40000 |  111.4/s | elapsed 5m 52s | eta 8s | process workers | seats 6 | tracked 15 | cur 1 hist 1 boot 2 teach 2 base 0 heur 0 | avg reward -0.000     
PPO linea    [###########################-]  98.0% 39183/40000 |  111.3/s | elapsed 5m 52s | eta 7s | process workers | seats 8 | tracked 15 | cur 1 hist 1 boot 1 teach 3 base 1 heur 1 | avg reward 0.000      
PPO linea    [###########################-]  98.0% 39205/40000 |  111.3/s | elapsed 5m 52s | eta 7s | process workers | seats 8 | tracked 15 | cur 1 hist 2 boot 1 teach 3 base 0 heur 1 | avg reward 0.000      
PPO linea    [###########################-]  98.1% 39227/40000 |  111.3/s | elapsed 5m 52s | eta 7s | process workers | seats 8 | tracked 15 | cur 1 hist 2 boot 2 teach 1 base 1 heur 1 | avg reward 0.000      
PPO linea    [###########################-]  98.1% 39249/40000 |  111.3/s | elapsed 5m 52s | eta 7s | process workers | seats 6 | tracked 15 | cur 1 hist 1 boot 0 teach 4 base 0 heur 0 | avg reward 0.000      
PPO linea    [###########################-]  98.2% 39271/40000 |  111.4/s | elapsed 5m 53s | eta 7s | process workers | seats 4 | tracked 15 | cur 1 hist 1 boot 0 teach 1 base 1 heur 0 | avg reward 0.000      
PPO linea    [###########################-]  98.2% 39293/40000 |  111.4/s | elapsed 5m 53s | eta 6s | process workers | seats 10 | tracked 30 | cur 2 hist 0 boot 2 teach 4 base 2 heur 0 | avg reward 0.000     
PPO linea    [###########################-]  98.3% 39315/40000 |  111.4/s | elapsed 5m 53s | eta 6s | process workers | seats 10 | tracked 30 | cur 2 hist 0 boot 1 teach 3 base 3 heur 1 | avg reward 0.000     
PPO linea    [###########################-]  98.3% 39337/40000 |  111.4/s | elapsed 5m 53s | eta 6s | process workers | seats 8 | tracked 15 | cur 1 hist 1 boot 1 teach 5 base 0 heur 0 | avg reward 0.000      
PPO linea    [###########################-]  98.4% 39359/40000 |  111.4/s | elapsed 5m 53s | eta 6s | process workers | seats 8 | tracked 30 | cur 2 hist 0 boot 1 teach 2 base 2 heur 1 | avg reward 0.000      
PPO linea    [###########################-]  98.5% 39381/40000 |  111.3/s | elapsed 5m 54s | eta 6s | process workers | seats 10 | tracked 15 | cur 1 hist 4 boot 0 teach 2 base 3 heur 0 | avg reward 0.000     
PPO linea    [###########################-]  98.5% 39403/40000 |  111.3/s | elapsed 5m 54s | eta 5s | process workers | seats 10 | tracked 15 | cur 1 hist 4 boot 1 teach 3 base 1 heur 0 | avg reward -0.000    
PPO linea    [###########################-]  98.6% 39425/40000 |  111.3/s | elapsed 5m 54s | eta 5s | process workers | seats 10 | tracked 30 | cur 2 hist 1 boot 0 teach 4 base 2 heur 1 | avg reward -0.000    
PPO linea    [###########################-]  98.6% 39447/40000 |  111.3/s | elapsed 5m 54s | eta 5s | process workers | seats 2 | tracked 15 | cur 1 hist 0 boot 0 teach 1 base 0 heur 0 | avg reward -0.000     
PPO linea    [###########################-]  98.7% 39469/40000 |  111.3/s | elapsed 5m 55s | eta 5s | process workers | seats 4 | tracked 15 | cur 1 hist 0 boot 0 teach 1 base 2 heur 0 | avg reward -0.000     
PPO linea    [###########################-]  98.7% 39491/40000 |  111.3/s | elapsed 5m 55s | eta 5s | process workers | seats 4 | tracked 15 | cur 1 hist 1 boot 0 teach 2 base 0 heur 0 | avg reward -0.000     
PPO linea    [###########################-]  98.8% 39513/40000 |  111.3/s | elapsed 5m 55s | eta 4s | process workers | seats 6 | tracked 15 | cur 1 hist 2 boot 1 teach 1 base 1 heur 0 | avg reward 0.000      
PPO linea    [###########################-]  98.8% 39535/40000 |  111.3/s | elapsed 5m 55s | eta 4s | process workers | seats 10 | tracked 15 | cur 1 hist 2 boot 1 teach 3 base 2 heur 1 | avg reward 0.000     
PPO linea    [###########################-]  98.9% 39557/40000 |  111.3/s | elapsed 5m 55s | eta 4s | process workers | seats 6 | tracked 15 | cur 1 hist 0 boot 1 teach 3 base 1 heur 0 | avg reward 0.000      
PPO linea    [###########################-]  98.9% 39579/40000 |  111.3/s | elapsed 5m 55s | eta 4s | process workers | seats 8 | tracked 15 | cur 1 hist 1 boot 2 teach 2 base 2 heur 0 | avg reward 0.000      
PPO linea    [###########################-]  99.0% 39601/40000 |  111.3/s | elapsed 5m 56s | eta 4s | process workers | seats 10 | tracked 30 | cur 2 hist 3 boot 1 teach 4 base 0 heur 0 | avg reward 0.000     
PPO linea    [###########################-]  99.1% 39623/40000 |  111.3/s | elapsed 5m 56s | eta 3s | process workers | seats 10 | tracked 15 | cur 1 hist 2 boot 0 teach 4 base 3 heur 0 | avg reward 0.000     
PPO linea    [###########################-]  99.1% 39645/40000 |  111.3/s | elapsed 5m 56s | eta 3s | process workers | seats 6 | tracked 15 | cur 1 hist 2 boot 1 teach 1 base 1 heur 0 | avg reward 0.000      
PPO linea    [###########################-]  99.2% 39667/40000 |  111.3/s | elapsed 5m 56s | eta 3s | process workers | seats 4 | tracked 15 | cur 1 hist 1 boot 1 teach 1 base 0 heur 0 | avg reward 0.000      
PPO linea    [###########################-]  99.2% 39689/40000 |  111.3/s | elapsed 5m 56s | eta 3s | process workers | seats 10 | tracked 15 | cur 1 hist 2 boot 3 teach 3 base 1 heur 0 | avg reward 0.000     
PPO linea    [###########################-]  99.3% 39711/40000 |  111.3/s | elapsed 5m 57s | eta 3s | process workers | seats 6 | tracked 15 | cur 1 hist 2 boot 2 teach 1 base 0 heur 0 | avg reward 0.000      
PPO linea    [###########################-]  99.3% 39733/40000 |  111.3/s | elapsed 5m 57s | eta 2s | process workers | seats 4 | tracked 15 | cur 1 hist 0 boot 1 teach 2 base 0 heur 0 | avg reward 0.000      
PPO linea    [###########################-]  99.4% 39755/40000 |  111.3/s | elapsed 5m 57s | eta 2s | process workers | seats 10 | tracked 15 | cur 1 hist 1 boot 0 teach 4 base 2 heur 2 | avg reward 0.000     
PPO linea    [###########################-]  99.4% 39777/40000 |  111.4/s | elapsed 5m 57s | eta 2s | process workers | seats 8 | tracked 15 | cur 1 hist 1 boot 3 teach 2 base 1 heur 0 | avg reward 0.000      
PPO linea    [###########################-]  99.5% 39799/40000 |  111.4/s | elapsed 5m 57s | eta 2s | process workers | seats 8 | tracked 15 | cur 1 hist 1 boot 3 teach 2 base 1 heur 0 | avg reward 0.000      
PPO linea    [###########################-]  99.6% 39821/40000 |  111.3/s | elapsed 5m 58s | eta 2s | process workers | seats 10 | tracked 30 | cur 2 hist 2 boot 2 teach 2 base 1 heur 1 | avg reward 0.000     
PPO linea    [###########################-]  99.6% 39843/40000 |  111.3/s | elapsed 5m 58s | eta 1s | process workers | seats 10 | tracked 15 | cur 1 hist 4 boot 1 teach 2 base 2 heur 0 | avg reward 0.000     
PPO linea    [###########################-]  99.7% 39865/40000 |  111.3/s | elapsed 5m 58s | eta 1s | process workers | seats 10 | tracked 15 | cur 1 hist 2 boot 2 teach 3 base 1 heur 1 | avg reward 0.000     
PPO linea    [###########################-]  99.7% 39887/40000 |  111.3/s | elapsed 5m 58s | eta 1s | process workers | seats 2 | tracked 15 | cur 1 hist 0 boot 0 teach 0 base 1 heur 0 | avg reward 0.000      
PPO linea    [###########################-]  99.8% 39909/40000 |  111.3/s | elapsed 5m 58s | eta 1s | process workers | seats 6 | tracked 15 | cur 1 hist 1 boot 0 teach 2 base 2 heur 0 | avg reward 0.000      
PPO linea    [###########################-]  99.8% 39931/40000 |  111.4/s | elapsed 5m 59s | eta 1s | process workers | seats 6 | tracked 15 | cur 1 hist 1 boot 3 teach 1 base 0 heur 0 | avg reward 0.000      
PPO linea    [###########################-]  99.9% 39953/40000 |  111.4/s | elapsed 5m 59s | eta 0s | process workers | seats 4 | tracked 15 | cur 1 hist 0 boot 0 teach 3 base 0 heur 0 | avg reward 0.000      
PPO linea    [###########################-]  99.9% 39975/40000 |  111.4/s | elapsed 5m 59s | eta 0s | process workers | seats 10 | tracked 15 | cur 1 hist 3 boot 0 teach 5 base 1 heur 0 | avg reward 0.000     
PPO linea    [############################] 100.0% 40000/40000 |  111.4/s | elapsed 5m 59s | process workers | seats 6 | tracked 15 | cur 1 hist 0 boot 2 teach 1 base 2 heur 0 | avg reward 0.000               
PPO linea    [############################] 100.0% 40000/40000 |  111.4/s | elapsed 5m 59s | avg reward 0.000                                                                                                    
Skipping neural training; exporting bootstrap neural policy for comparison only.
Export gate | linear live False (vs heur +1.876) | neural live False (vs heur -12.801)
Wrote card policy registry to /var/folders/50/v8fcvn9n4mdc8cxqdywkmk880000gn/T/tmpzigjt6rh/candidate-1.js
