Seed 17 | objective hybrid-as | selector pareto-live-gate | linear bc 40000 | linear ppo 50000 | neural off | neural bc 40000 | neural ppo 50000 | workers 11

BC linear    [----------------------------]   0.2% 64/40000 |    4.3/s | elapsed 15s | eta 2h 35m 4s | process workers | examples 5931 | q 2677 t 461 r 388
BC linear    [----------------------------]   0.3% 128/40000 |    8.5/s | elapsed 15s | eta 1h 18m 13s | process workers | examples 12248 | q 5359 t 1485 r 750
BC linear    [----------------------------]   0.5% 192/40000 |   12.6/s | elapsed 15s | eta 52m 27s | process workers | examples 18370 | q 8124 t 2047 r 1164  
BC linear    [----------------------------]   1.0% 384/40000 |   25.1/s | elapsed 15s | eta 26m 20s | process workers | examples 36840 | q 16374 t 4366 r 2265 
BC linear    [----------------------------]   1.1% 448/40000 |   28.8/s | elapsed 16s | eta 22m 55s | process workers | examples 43314 | q 19291 t 5255 r 2610 
BC linear    [----------------------------]   1.4% 576/40000 |   36.7/s | elapsed 16s | eta 17m 55s | process workers | examples 56042 | q 24896 t 6742 r 3366 
BC linear    [----------------------------]   1.6% 640/40000 |   40.3/s | elapsed 16s | eta 16m 16s | process workers | examples 62354 | q 27795 t 7578 r 3716 
BC linear    [----------------------------]   1.8% 704/40000 |   43.8/s | elapsed 16s | eta 14m 57s | process workers | examples 68970 | q 30726 t 8381 r 4108 
BC linear    [----------------------------]   1.9% 768/40000 |   25.6/s | elapsed 30s | eta 25m 30s | process workers | examples 74961 | q 33331 t 9140 r 4485 
BC linear    [----------------------------]   2.1% 832/40000 |   27.6/s | elapsed 30s | eta 23m 41s | process workers | examples 81021 | q 35966 t 9784 r 4885 
BC linear    [----------------------------]   2.2% 896/40000 |   29.4/s | elapsed 30s | eta 22m 8s | process workers | examples 86973 | q 38591 t 10354 r 5284 
BC linear    [----------------------------]   2.4% 960/40000 |   31.4/s | elapsed 31s | eta 20m 45s | process workers | examples 93100 | q 41179 t 11173 r 5669
BC linear    [----------------------------]   2.9% 1152/40000 |   37.5/s | elapsed 31s | eta 17m 16s | process workers | examples 112203 | q 49559 t 13329 r 6908
BC linear    [----------------------------]   3.0% 1216/40000 |   39.1/s | elapsed 31s | eta 16m 31s | process workers | examples 118890 | q 52558 t 13951 r 7351
BC linear    [----------------------------]   3.2% 1280/40000 |   41.1/s | elapsed 31s | eta 15m 43s | process workers | examples 125573 | q 55494 t 14947 r 7709
BC linear    [----------------------------]   3.5% 1408/40000 |   43.7/s | elapsed 32s | eta 14m 42s | process workers | examples 139095 | q 61435 t 16811 r 8475
BC linear    [#---------------------------]   3.7% 1472/40000 |   31.6/s | elapsed 47s | eta 20m 19s | process workers | examples 144913 | q 64007 t 17352 r 8820
BC linear    [#---------------------------]   3.8% 1536/40000 |   32.7/s | elapsed 47s | eta 19m 38s | process workers | examples 150776 | q 66819 t 17862 r 9149
BC linear    [#---------------------------]   4.0% 1600/40000 |   33.7/s | elapsed 48s | eta 19m 1s | process workers | examples 157021 | q 69720 t 18548 r 9527 
BC linear    [#---------------------------]   4.2% 1664/40000 |   34.8/s | elapsed 48s | eta 18m 21s | process workers | examples 163219 | q 72556 t 19089 r 9919
BC linear    [#---------------------------]   4.6% 1856/40000 |   38.6/s | elapsed 48s | eta 16m 28s | process workers | examples 182055 | q 81409 t 20672 r 11064
BC linear    [#---------------------------]   4.8% 1920/40000 |   39.6/s | elapsed 48s | eta 16m 1s | process workers | examples 188442 | q 84302 t 21297 r 11490 
BC linear    [#---------------------------]   5.1% 2048/40000 |   41.9/s | elapsed 49s | eta 15m 6s | process workers | examples 201569 | q 90397 t 22614 r 12297 
BC linear    [#---------------------------]   5.3% 2112/40000 |   42.9/s | elapsed 49s | eta 14m 44s | process workers | examples 208299 | q 93521 t 23126 r 12745
BC linear    [#---------------------------]   5.4% 2176/40000 |   35.1/s | elapsed 1m 2s | eta 17m 59s | process workers | examples 214447 | q 96169 t 23722 r 13150
BC linear    [#---------------------------]   5.6% 2240/40000 |   35.5/s | elapsed 1m 3s | eta 17m 43s | process workers | examples 220655 | q 98860 t 24618 r 13526
BC linear    [#---------------------------]   5.8% 2304/40000 |   36.4/s | elapsed 1m 3s | eta 17m 16s | process workers | examples 226781 | q 101623 t 25270 r 13908
BC linear    [#---------------------------]   6.1% 2432/40000 |   38.3/s | elapsed 1m 3s | eta 16m 20s | process workers | examples 238980 | q 107233 t 26653 r 14670
BC linear    [#---------------------------]   6.2% 2496/40000 |   39.2/s | elapsed 1m 4s | eta 15m 58s | process workers | examples 246043 | q 110385 t 27894 r 15000
BC linear    [#---------------------------]   6.4% 2560/40000 |   40.1/s | elapsed 1m 4s | eta 15m 35s | process workers | examples 252532 | q 113337 t 28691 r 15376
BC linear    [#---------------------------]   6.6% 2624/40000 |   41.0/s | elapsed 1m 4s | eta 15m 12s | process workers | examples 258653 | q 116151 t 29075 r 15765
BC linear    [#---------------------------]   6.7% 2688/40000 |   41.8/s | elapsed 1m 4s | eta 14m 52s | process workers | examples 264828 | q 118822 t 29801 r 16153
BC linear    [#---------------------------]   6.9% 2752/40000 |   42.8/s | elapsed 1m 4s | eta 14m 31s | process workers | examples 271494 | q 121765 t 30425 r 16563
BC linear    [#---------------------------]   7.0% 2816/40000 |   43.6/s | elapsed 1m 5s | eta 14m 13s | process workers | examples 278478 | q 124954 t 31352 r 16945
BC linear    [##--------------------------]   7.2% 2880/40000 |   36.1/s | elapsed 1m 20s | eta 17m 7s | process workers | examples 284644 | q 127690 t 32189 r 17299
BC linear    [##--------------------------]   7.4% 2944/40000 |   36.8/s | elapsed 1m 20s | eta 16m 47s | process workers | examples 290640 | q 130258 t 32731 r 17701
BC linear    [##--------------------------]   7.5% 3008/40000 |   37.6/s | elapsed 1m 20s | eta 16m 25s | process workers | examples 297072 | q 133021 t 33780 r 18037
BC linear    [##--------------------------]   7.7% 3072/40000 |   38.3/s | elapsed 1m 20s | eta 16m 4s | process workers | examples 303287 | q 135758 t 34387 r 18439 
BC linear    [##--------------------------]   8.0% 3200/40000 |   39.8/s | elapsed 1m 20s | eta 15m 25s | process workers | examples 316040 | q 141487 t 36062 r 19182
BC linear    [##--------------------------]   8.2% 3264/40000 |   40.5/s | elapsed 1m 21s | eta 15m 7s | process workers | examples 322375 | q 144306 t 36829 r 19566 
BC linear    [##--------------------------]   8.3% 3328/40000 |   41.1/s | elapsed 1m 21s | eta 14m 52s | process workers | examples 329088 | q 147255 t 37766 r 19958
BC linear    [##--------------------------]   8.5% 3392/40000 |   41.8/s | elapsed 1m 21s | eta 14m 35s | process workers | examples 335693 | q 150076 t 38755 r 20360
BC linear    [##--------------------------]   8.6% 3456/40000 |   42.4/s | elapsed 1m 21s | eta 14m 21s | process workers | examples 342290 | q 153091 t 39567 r 20752
BC linear    [##--------------------------]   9.0% 3584/40000 |   37.6/s | elapsed 1m 35s | eta 16m 9s | process workers | examples 355069 | q 158826 t 40829 r 21589 
BC linear    [##--------------------------]   9.1% 3648/40000 |   38.1/s | elapsed 1m 36s | eta 15m 53s | process workers | examples 361067 | q 161475 t 41440 r 21967
BC linear    [##--------------------------]   9.3% 3712/40000 |   38.6/s | elapsed 1m 36s | eta 15m 39s | process workers | examples 367467 | q 164238 t 42398 r 22321
BC linear    [##--------------------------]   9.4% 3776/40000 |   39.3/s | elapsed 1m 36s | eta 15m 22s | process workers | examples 373709 | q 166965 t 43082 r 22702
BC linear    [##--------------------------]   9.6% 3840/40000 |   39.8/s | elapsed 1m 36s | eta 15m 8s | process workers | examples 380153 | q 169913 t 43634 r 23120 
BC linear    [##--------------------------]   9.8% 3904/40000 |   40.4/s | elapsed 1m 37s | eta 14m 53s | process workers | examples 386291 | q 172681 t 44440 r 23475
BC linear    [##--------------------------]  10.1% 4032/40000 |   41.6/s | elapsed 1m 37s | eta 14m 24s | process workers | examples 399008 | q 178268 t 45995 r 24247
BC linear    [##--------------------------]  10.2% 4096/40000 |   42.2/s | elapsed 1m 37s | eta 14m 11s | process workers | examples 405356 | q 181150 t 46867 r 24610
BC linear    [##--------------------------]  10.4% 4160/40000 |   42.8/s | elapsed 1m 37s | eta 13m 58s | process workers | examples 412203 | q 184359 t 47481 r 25019
BC linear    [##--------------------------]  10.6% 4224/40000 |   43.1/s | elapsed 1m 38s | eta 13m 49s | process workers | examples 419332 | q 187610 t 48437 r 25421
BC linear    [###-------------------------]  10.7% 4288/40000 |   38.1/s | elapsed 1m 53s | eta 15m 38s | process workers | examples 425061 | q 190247 t 48939 r 25790
BC linear    [###-------------------------]  11.0% 4416/40000 |   39.0/s | elapsed 1m 53s | eta 15m 12s | process workers | examples 436898 | q 195488 t 50257 r 26554
BC linear    [###-------------------------]  11.2% 4480/40000 |   39.4/s | elapsed 1m 54s | eta 15m 1s | process workers | examples 443205 | q 198231 t 51135 r 26939 
BC linear    [###-------------------------]  11.4% 4544/40000 |   39.9/s | elapsed 1m 54s | eta 14m 49s | process workers | examples 449463 | q 201173 t 51826 r 27298
BC linear    [###-------------------------]  11.5% 4608/40000 |   40.3/s | elapsed 1m 54s | eta 14m 38s | process workers | examples 455816 | q 204111 t 52253 r 27717
BC linear    [###-------------------------]  11.7% 4672/40000 |   40.8/s | elapsed 1m 54s | eta 14m 26s | process workers | examples 462133 | q 207151 t 52799 r 28080
BC linear    [###-------------------------]  11.8% 4736/40000 |   41.3/s | elapsed 1m 55s | eta 14m 14s | process workers | examples 468490 | q 210069 t 53314 r 28510
BC linear    [###-------------------------]  12.2% 4864/40000 |   42.3/s | elapsed 1m 55s | eta 13m 51s | process workers | examples 481753 | q 216024 t 54873 r 29303
BC linear    [###-------------------------]  12.3% 4928/40000 |   42.7/s | elapsed 1m 56s | eta 13m 42s | process workers | examples 488596 | q 219072 t 55540 r 29746
BC linear    [###-------------------------]  12.5% 4992/40000 |   39.0/s | elapsed 2m 8s | eta 14m 57s | process workers | examples 494814 | q 221815 t 56467 r 30106 
BC linear    [###-------------------------]  12.6% 5056/40000 |   39.3/s | elapsed 2m 9s | eta 14m 50s | process workers | examples 500748 | q 224216 t 57345 r 30489 
BC linear    [###-------------------------]  12.8% 5120/40000 |   39.6/s | elapsed 2m 9s | eta 14m 40s | process workers | examples 506885 | q 226912 t 58016 r 30886 
BC linear    [###-------------------------]  13.0% 5184/40000 |   40.0/s | elapsed 2m 10s | eta 14m 30s | process workers | examples 513531 | q 229724 t 59189 r 31277
BC linear    [###-------------------------]  13.1% 5248/40000 |   40.4/s | elapsed 2m 10s | eta 14m 20s | process workers | examples 519693 | q 232430 t 60041 r 31623
BC linear    [###-------------------------]  13.3% 5312/40000 |   40.8/s | elapsed 2m 10s | eta 14m 10s | process workers | examples 526398 | q 235364 t 60910 r 32014
BC linear    [###-------------------------]  13.4% 5376/40000 |   41.1/s | elapsed 2m 11s | eta 14m 2s | process workers | examples 533110 | q 238184 t 61835 r 32434 
BC linear    [###-------------------------]  13.9% 5568/40000 |   42.4/s | elapsed 2m 11s | eta 13m 31s | process workers | examples 553028 | q 247222 t 64053 r 33655
BC linear    [###-------------------------]  14.1% 5632/40000 |   42.9/s | elapsed 2m 11s | eta 13m 21s | process workers | examples 559473 | q 250193 t 64684 r 34066
BC linear    [###-------------------------]  14.2% 5696/40000 |   38.8/s | elapsed 2m 27s | eta 14m 43s | process workers | examples 565563 | q 252767 t 65431 r 34463
BC linear    [####------------------------]  14.6% 5824/40000 |   39.7/s | elapsed 2m 27s | eta 14m 22s | process workers | examples 577873 | q 258298 t 66915 r 35201
BC linear    [####------------------------]  14.7% 5888/40000 |   39.9/s | elapsed 2m 27s | eta 14m 14s | process workers | examples 583991 | q 260961 t 67520 r 35608
BC linear    [####------------------------]  14.9% 5952/40000 |   40.3/s | elapsed 2m 28s | eta 14m 5s | process workers | examples 590359 | q 263812 t 68019 r 36012 
BC linear    [####------------------------]  15.0% 6016/40000 |   40.7/s | elapsed 2m 28s | eta 13m 55s | process workers | examples 596944 | q 266667 t 68932 r 36406
BC linear    [####------------------------]  15.2% 6080/40000 |   41.1/s | elapsed 2m 28s | eta 13m 46s | process workers | examples 603420 | q 269712 t 69680 r 36757
BC linear    [####------------------------]  15.4% 6144/40000 |   41.5/s | elapsed 2m 28s | eta 13m 37s | process workers | examples 609956 | q 272750 t 70411 r 37134
BC linear    [####------------------------]  15.5% 6208/40000 |   41.8/s | elapsed 2m 28s | eta 13m 28s | process workers | examples 616740 | q 275702 t 71413 r 37521
BC linear    [####------------------------]  15.7% 6272/40000 |   42.2/s | elapsed 2m 29s | eta 13m 19s | process workers | examples 623431 | q 278690 t 72124 r 37942
BC linear    [####------------------------]  15.8% 6336/40000 |   42.6/s | elapsed 2m 29s | eta 13m 11s | process workers | examples 630098 | q 281604 t 72976 r 38309
BC linear    [####------------------------]  16.0% 6400/40000 |   39.4/s | elapsed 2m 43s | eta 14m 14s | process workers | examples 636314 | q 284332 t 73686 r 38678
BC linear    [####------------------------]  16.2% 6464/40000 |   39.7/s | elapsed 2m 43s | eta 14m 5s | process workers | examples 642525 | q 287094 t 74466 r 39084 
BC linear    [####------------------------]  16.6% 6656/40000 |   40.7/s | elapsed 2m 44s | eta 13m 39s | process workers | examples 660452 | q 295167 t 76542 r 40153
BC linear    [####------------------------]  17.0% 6784/40000 |   41.5/s | elapsed 2m 44s | eta 13m 21s | process workers | examples 672262 | q 300488 t 77749 r 40886
BC linear    [####------------------------]  17.3% 6912/40000 |   42.2/s | elapsed 2m 44s | eta 13m 4s | process workers | examples 684938 | q 305947 t 79743 r 41581 
BC linear    [####------------------------]  17.4% 6976/40000 |   42.6/s | elapsed 2m 44s | eta 12m 56s | process workers | examples 691841 | q 308999 t 80702 r 41999
BC linear    [####------------------------]  17.6% 7040/40000 |   42.9/s | elapsed 2m 44s | eta 12m 47s | process workers | examples 697863 | q 311595 t 81607 r 42345
BC linear    [####------------------------]  17.8% 7104/40000 |   39.6/s | elapsed 3m 0s | eta 13m 51s | process workers | examples 703988 | q 314350 t 82414 r 42725 
BC linear    [#####-----------------------]  17.9% 7168/40000 |   39.9/s | elapsed 3m 0s | eta 13m 43s | process workers | examples 710238 | q 316988 t 83346 r 43084 
BC linear    [#####-----------------------]  18.1% 7232/40000 |   40.2/s | elapsed 3m 0s | eta 13m 36s | process workers | examples 716653 | q 319811 t 84410 r 43434 
BC linear    [#####-----------------------]  18.2% 7296/40000 |   40.5/s | elapsed 3m 0s | eta 13m 28s | process workers | examples 723055 | q 322627 t 85062 r 43854 
BC linear    [#####-----------------------]  18.4% 7360/40000 |   40.7/s | elapsed 3m 1s | eta 13m 22s | process workers | examples 729601 | q 325676 t 85453 r 44285 
BC linear    [#####-----------------------]  18.9% 7552/40000 |   41.7/s | elapsed 3m 1s | eta 12m 58s | process workers | examples 749585 | q 334423 t 88115 r 45439 
BC linear    [#####-----------------------]  19.2% 7680/40000 |   42.4/s | elapsed 3m 1s | eta 12m 43s | process workers | examples 763071 | q 340682 t 89691 r 46241 
BC linear    [#####-----------------------]  19.5% 7808/40000 |   39.9/s | elapsed 3m 16s | eta 13m 26s | process workers | examples 775685 | q 346548 t 90655 r 47034
BC linear    [#####-----------------------]  19.7% 7872/40000 |   40.2/s | elapsed 3m 16s | eta 13m 19s | process workers | examples 781819 | q 349360 t 91358 r 47408
BC linear    [#####-----------------------]  19.8% 7936/40000 |   40.5/s | elapsed 3m 16s | eta 13m 12s | process workers | examples 788011 | q 351883 t 92337 r 47774
BC linear    [#####-----------------------]  20.0% 8000/40000 |   40.7/s | elapsed 3m 16s | eta 13m 6s | process workers | examples 793995 | q 354643 t 92919 r 48143 
BC linear    [#####-----------------------]  20.2% 8064/40000 |   41.0/s | elapsed 3m 17s | eta 13m 0s | process workers | examples 800331 | q 357412 t 93686 r 48538 
BC linear    [#####-----------------------]  20.3% 8128/40000 |   41.2/s | elapsed 3m 17s | eta 12m 53s | process workers | examples 807466 | q 360447 t 94799 r 48941
BC linear    [#####-----------------------]  20.5% 8192/40000 |   41.5/s | elapsed 3m 17s | eta 12m 46s | process workers | examples 813719 | q 363117 t 95704 r 49310
BC linear    [#####-----------------------]  20.6% 8256/40000 |   41.8/s | elapsed 3m 17s | eta 12m 39s | process workers | examples 820424 | q 365961 t 96457 r 49732
BC linear    [#####-----------------------]  20.8% 8320/40000 |   42.1/s | elapsed 3m 17s | eta 12m 32s | process workers | examples 827063 | q 368976 t 97161 r 50101
BC linear    [#####-----------------------]  21.0% 8384/40000 |   42.3/s | elapsed 3m 18s | eta 12m 27s | process workers | examples 833819 | q 371951 t 97893 r 50516
BC linear    [#####-----------------------]  21.1% 8448/40000 |   42.6/s | elapsed 3m 18s | eta 12m 20s | process workers | examples 840821 | q 375038 t 98356 r 50981
BC linear    [#####-----------------------]  21.3% 8512/40000 |   39.8/s | elapsed 3m 34s | eta 13m 10s | process workers | examples 846829 | q 377703 t 99097 r 51347
BC linear    [######----------------------]  21.4% 8576/40000 |   40.1/s | elapsed 3m 34s | eta 13m 4s | process workers | examples 852718 | q 380424 t 99771 r 51695 
BC linear    [######----------------------]  21.8% 8704/40000 |   40.6/s | elapsed 3m 34s | eta 12m 50s | process workers | examples 864789 | q 385916 t 100615 r 52493
BC linear    [######----------------------]  22.1% 8832/40000 |   41.2/s | elapsed 3m 35s | eta 12m 37s | process workers | examples 877179 | q 391351 t 102005 r 53330
BC linear    [######----------------------]  22.4% 8960/40000 |   41.6/s | elapsed 3m 35s | eta 12m 25s | process workers | examples 889845 | q 396932 t 103391 r 54100
BC linear    [######----------------------]  22.6% 9024/40000 |   41.9/s | elapsed 3m 35s | eta 12m 20s | process workers | examples 896565 | q 399895 t 104140 r 54506
BC linear    [######----------------------]  22.7% 9088/40000 |   42.1/s | elapsed 3m 36s | eta 12m 14s | process workers | examples 903347 | q 403024 t 104845 r 54908
BC linear    [######----------------------]  22.9% 9152/40000 |   42.1/s | elapsed 3m 37s | eta 12m 13s | process workers | examples 910731 | q 406285 t 105853 r 55336
BC linear    [######----------------------]  23.0% 9216/40000 |   40.0/s | elapsed 3m 50s | eta 12m 49s | process workers | examples 916939 | q 409243 t 106383 r 55691
BC linear    [######----------------------]  23.2% 9280/40000 |   40.3/s | elapsed 3m 51s | eta 12m 43s | process workers | examples 922495 | q 411820 t 106836 r 56043
BC linear    [######----------------------]  23.4% 9344/40000 |   40.5/s | elapsed 3m 51s | eta 12m 37s | process workers | examples 929030 | q 414637 t 107628 r 56435
BC linear    [######----------------------]  23.5% 9408/40000 |   40.7/s | elapsed 3m 51s | eta 12m 31s | process workers | examples 935498 | q 417517 t 108373 r 56820
BC linear    [######----------------------]  23.8% 9536/40000 |   41.1/s | elapsed 3m 52s | eta 12m 21s | process workers | examples 948499 | q 423529 t 109887 r 57576
BC linear    [######----------------------]  24.2% 9664/40000 |   41.6/s | elapsed 3m 52s | eta 12m 9s | process workers | examples 961899 | q 429764 t 111318 r 58356 
BC linear    [######----------------------]  24.3% 9728/40000 |   41.9/s | elapsed 3m 52s | eta 12m 3s | process workers | examples 968751 | q 432840 t 112071 r 58758 
BC linear    [######----------------------]  24.5% 9792/40000 |   42.1/s | elapsed 3m 52s | eta 11m 57s | process workers | examples 975245 | q 435779 t 112712 r 59161
BC linear    [######----------------------]  24.6% 9856/40000 |   42.3/s | elapsed 3m 53s | eta 11m 53s | process workers | examples 981787 | q 438683 t 113357 r 59570
BC linear    [######----------------------]  24.8% 9920/40000 |   40.0/s | elapsed 4m 8s | eta 12m 33s | process workers | examples 987560 | q 441298 t 113842 r 59946 
BC linear    [######----------------------]  25.0% 9984/40000 |   40.2/s | elapsed 4m 9s | eta 12m 28s | process workers | examples 993560 | q 443995 t 114667 r 60288 
BC linear    [#######---------------------]  25.1% 10048/40000 |   40.4/s | elapsed 4m 9s | eta 12m 22s | process workers | examples 999779 | q 446706 t 115540 r 60653
BC linear    [#######---------------------]  25.3% 10112/40000 |   40.6/s | elapsed 4m 9s | eta 12m 16s | process workers | examples 1006011 | q 449360 t 116478 r 61017
BC linear    [#######---------------------]  25.4% 10176/40000 |   40.8/s | elapsed 4m 9s | eta 12m 10s | process workers | examples 1012100 | q 452057 t 117039 r 61406
BC linear    [#######---------------------]  25.8% 10304/40000 |   41.3/s | elapsed 4m 10s | eta 11m 59s | process workers | examples 1024722 | q 457248 t 118746 r 62204
BC linear    [#######---------------------]  25.9% 10368/40000 |   41.5/s | elapsed 4m 10s | eta 11m 54s | process workers | examples 1031241 | q 459996 t 119741 r 62592
BC linear    [#######---------------------]  26.1% 10432/40000 |   41.7/s | elapsed 4m 10s | eta 11m 49s | process workers | examples 1037792 | q 462941 t 120602 r 62950
BC linear    [#######---------------------]  26.2% 10496/40000 |   41.9/s | elapsed 4m 10s | eta 11m 44s | process workers | examples 1044512 | q 465931 t 121332 r 63367
BC linear    [#######---------------------]  26.6% 10624/40000 |   40.1/s | elapsed 4m 25s | eta 12m 13s | process workers | examples 1057675 | q 471581 t 123312 r 64129
BC linear    [#######---------------------]  26.7% 10688/40000 |   40.3/s | elapsed 4m 25s | eta 12m 8s | process workers | examples 1063955 | q 474590 t 123870 r 64481 
BC linear    [#######---------------------]  26.9% 10752/40000 |   40.5/s | elapsed 4m 26s | eta 12m 3s | process workers | examples 1070430 | q 477490 t 124793 r 64849 
BC linear    [#######---------------------]  27.2% 10880/40000 |   40.9/s | elapsed 4m 26s | eta 11m 51s | process workers | examples 1083219 | q 483213 t 126146 r 65642
BC linear    [#######---------------------]  27.4% 10944/40000 |   41.1/s | elapsed 4m 26s | eta 11m 46s | process workers | examples 1089600 | q 486015 t 127007 r 66029
BC linear    [#######---------------------]  27.5% 11008/40000 |   41.3/s | elapsed 4m 26s | eta 11m 42s | process workers | examples 1096526 | q 488967 t 128259 r 66415
BC linear    [#######---------------------]  27.7% 11072/40000 |   41.5/s | elapsed 4m 27s | eta 11m 37s | process workers | examples 1102937 | q 491853 t 129148 r 66804
BC linear    [#######---------------------]  27.8% 11136/40000 |   41.7/s | elapsed 4m 27s | eta 11m 32s | process workers | examples 1109746 | q 494979 t 129912 r 67188
BC linear    [#######---------------------]  28.2% 11264/40000 |   42.1/s | elapsed 4m 28s | eta 11m 23s | process workers | examples 1123418 | q 501008 t 131778 r 67991
BC linear    [#######---------------------]  28.3% 11328/40000 |   39.9/s | elapsed 4m 44s | eta 11m 58s | process workers | examples 1129423 | q 503594 t 132643 r 68367
BC linear    [########--------------------]  28.6% 11456/40000 |   40.3/s | elapsed 4m 44s | eta 11m 48s | process workers | examples 1141588 | q 509106 t 133901 r 69111
BC linear    [########--------------------]  28.8% 11520/40000 |   40.5/s | elapsed 4m 45s | eta 11m 44s | process workers | examples 1148019 | q 511858 t 134714 r 69494
BC linear    [########--------------------]  29.0% 11584/40000 |   40.6/s | elapsed 4m 45s | eta 11m 39s | process workers | examples 1154434 | q 514651 t 135495 r 69896
BC linear    [########--------------------]  29.3% 11712/40000 |   41.1/s | elapsed 4m 45s | eta 11m 29s | process workers | examples 1167453 | q 520455 t 137006 r 70690
BC linear    [########--------------------]  29.4% 11776/40000 |   41.2/s | elapsed 4m 46s | eta 11m 25s | process workers | examples 1174099 | q 523436 t 137813 r 71075
BC linear    [########--------------------]  30.1% 12032/40000 |   40.1/s | elapsed 5m 0s | eta 11m 38s | process workers | examples 1200015 | q 534873 t 140462 r 72689 
BC linear    [########--------------------]  30.2% 12096/40000 |   40.2/s | elapsed 5m 1s | eta 11m 34s | process workers | examples 1206034 | q 537641 t 140971 r 73058 
BC linear    [########--------------------]  30.6% 12224/40000 |   40.6/s | elapsed 5m 1s | eta 11m 24s | process workers | examples 1218746 | q 543450 t 142233 r 73833 
BC linear    [########--------------------]  30.7% 12288/40000 |   40.7/s | elapsed 5m 2s | eta 11m 21s | process workers | examples 1225270 | q 546191 t 143230 r 74214 
BC linear    [########--------------------]  31.2% 12480/40000 |   41.3/s | elapsed 5m 2s | eta 11m 6s | process workers | examples 1244786 | q 554937 t 145529 r 75370  
BC linear    [########--------------------]  31.4% 12544/40000 |   41.5/s | elapsed 5m 2s | eta 11m 2s | process workers | examples 1251202 | q 557884 t 146181 r 75800  
BC linear    [########--------------------]  31.5% 12608/40000 |   41.6/s | elapsed 5m 3s | eta 10m 58s | process workers | examples 1258046 | q 560931 t 146909 r 76225 
BC linear    [########--------------------]  31.7% 12672/40000 |   41.8/s | elapsed 5m 3s | eta 10m 54s | process workers | examples 1265031 | q 564010 t 147659 r 76677 
BC linear    [########--------------------]  31.8% 12736/40000 |   40.1/s | elapsed 5m 18s | eta 11m 20s | process workers | examples 1270516 | q 566665 t 148151 r 77002
BC linear    [########--------------------]  32.0% 12800/40000 |   40.1/s | elapsed 5m 19s | eta 11m 18s | process workers | examples 1276893 | q 569299 t 149042 r 77406
BC linear    [#########-------------------]  32.2% 12864/40000 |   40.3/s | elapsed 5m 19s | eta 11m 14s | process workers | examples 1283064 | q 572090 t 149726 r 77763
BC linear    [#########-------------------]  32.3% 12928/40000 |   40.4/s | elapsed 5m 20s | eta 11m 9s | process workers | examples 1289444 | q 574809 t 150508 r 78157 
BC linear    [#########-------------------]  32.5% 12992/40000 |   40.6/s | elapsed 5m 20s | eta 11m 5s | process workers | examples 1295791 | q 577707 t 150984 r 78571 
BC linear    [#########-------------------]  32.6% 13056/40000 |   40.8/s | elapsed 5m 20s | eta 11m 0s | process workers | examples 1302252 | q 580617 t 151656 r 78958 
BC linear    [#########-------------------]  33.0% 13184/40000 |   41.2/s | elapsed 5m 20s | eta 10m 51s | process workers | examples 1315282 | q 586250 t 153474 r 79730
BC linear    [#########-------------------]  33.1% 13248/40000 |   41.4/s | elapsed 5m 20s | eta 10m 47s | process workers | examples 1321833 | q 589189 t 154049 r 80153
BC linear    [#########-------------------]  33.3% 13312/40000 |   41.5/s | elapsed 5m 21s | eta 10m 43s | process workers | examples 1328586 | q 592140 t 154632 r 80579
BC linear    [#########-------------------]  33.4% 13376/40000 |   41.6/s | elapsed 5m 22s | eta 10m 40s | process workers | examples 1335691 | q 595204 t 155667 r 81001
BC linear    [#########-------------------]  33.6% 13440/40000 |   40.4/s | elapsed 5m 32s | eta 10m 57s | process workers | examples 1341382 | q 597741 t 156381 r 81346
BC linear    [#########-------------------]  33.8% 13504/40000 |   40.3/s | elapsed 5m 35s | eta 10m 57s | process workers | examples 1347273 | q 600326 t 157127 r 81673
BC linear    [#########-------------------]  33.9% 13568/40000 |   40.5/s | elapsed 5m 35s | eta 10m 53s | process workers | examples 1353624 | q 603177 t 157807 r 82040
BC linear    [#########-------------------]  34.1% 13632/40000 |   40.7/s | elapsed 5m 35s | eta 10m 48s | process workers | examples 1359772 | q 605820 t 158392 r 82465
BC linear    [#########-------------------]  34.2% 13696/40000 |   40.8/s | elapsed 5m 35s | eta 10m 44s | process workers | examples 1365923 | q 608507 t 158842 r 82890
BC linear    [#########-------------------]  34.4% 13760/40000 |   41.0/s | elapsed 5m 36s | eta 10m 40s | process workers | examples 1372316 | q 611345 t 159494 r 83288
BC linear    [#########-------------------]  34.6% 13824/40000 |   41.1/s | elapsed 5m 36s | eta 10m 36s | process workers | examples 1378392 | q 614166 t 159971 r 83681
BC linear    [#########-------------------]  35.0% 14016/40000 |   41.7/s | elapsed 5m 36s | eta 10m 24s | process workers | examples 1397338 | q 622379 t 162528 r 84836
BC linear    [#########-------------------]  35.2% 14080/40000 |   41.8/s | elapsed 5m 37s | eta 10m 20s | process workers | examples 1404028 | q 625551 t 163289 r 85243
BC linear    [#########-------------------]  35.4% 14144/40000 |   40.2/s | elapsed 5m 52s | eta 10m 44s | process workers | examples 1409848 | q 628111 t 163771 r 85638
BC linear    [#########-------------------]  35.5% 14208/40000 |   40.3/s | elapsed 5m 53s | eta 10m 41s | process workers | examples 1416061 | q 630944 t 164500 r 86008
BC linear    [#########-------------------]  35.7% 14272/40000 |   40.4/s | elapsed 5m 53s | eta 10m 36s | process workers | examples 1422310 | q 633694 t 165090 r 86397
BC linear    [##########------------------]  35.8% 14336/40000 |   40.6/s | elapsed 5m 53s | eta 10m 32s | process workers | examples 1428636 | q 636440 t 166083 r 86777
BC linear    [##########------------------]  36.0% 14400/40000 |   40.8/s | elapsed 5m 53s | eta 10m 28s | process workers | examples 1435099 | q 639286 t 167015 r 87142
BC linear    [##########------------------]  36.2% 14464/40000 |   40.9/s | elapsed 5m 54s | eta 10m 24s | process workers | examples 1441688 | q 642285 t 167940 r 87503
BC linear    [##########------------------]  36.3% 14528/40000 |   41.1/s | elapsed 5m 54s | eta 10m 20s | process workers | examples 1448267 | q 645275 t 168544 r 87911
BC linear    [##########------------------]  36.6% 14656/40000 |   41.4/s | elapsed 5m 54s | eta 10m 13s | process workers | examples 1461420 | q 651254 t 169972 r 88679
BC linear    [##########------------------]  36.8% 14720/40000 |   41.5/s | elapsed 5m 54s | eta 10m 9s | process workers | examples 1468165 | q 654191 t 170833 r 89069 
BC linear    [##########------------------]  37.1% 14848/40000 |   40.3/s | elapsed 6m 9s | eta 10m 25s | process workers | examples 1480719 | q 659902 t 172134 r 89868 
BC linear    [##########------------------]  37.4% 14976/40000 |   40.5/s | elapsed 6m 9s | eta 10m 17s | process workers | examples 1492720 | q 665119 t 173355 r 90651 
BC linear    [##########------------------]  37.8% 15104/40000 |   40.8/s | elapsed 6m 10s | eta 10m 10s | process workers | examples 1505912 | q 671030 t 175266 r 91368
BC linear    [##########------------------]  37.9% 15168/40000 |   41.0/s | elapsed 6m 10s | eta 10m 6s | process workers | examples 1511704 | q 673548 t 175806 r 91760 
BC linear    [##########------------------]  38.1% 15232/40000 |   41.2/s | elapsed 6m 10s | eta 10m 2s | process workers | examples 1517880 | q 676146 t 176401 r 92161 
BC linear    [##########------------------]  38.2% 15296/40000 |   41.3/s | elapsed 6m 10s | eta 9m 58s | process workers | examples 1523919 | q 678880 t 176729 r 92589 
BC linear    [##########------------------]  38.4% 15360/40000 |   41.4/s | elapsed 6m 11s | eta 9m 55s | process workers | examples 1530220 | q 681829 t 177284 r 92989 
BC linear    [##########------------------]  38.6% 15424/40000 |   41.6/s | elapsed 6m 11s | eta 9m 51s | process workers | examples 1536581 | q 684694 t 177965 r 93376 
BC linear    [##########------------------]  38.9% 15552/40000 |   40.2/s | elapsed 6m 27s | eta 10m 8s | process workers | examples 1549549 | q 690399 t 179861 r 94114 
BC linear    [##########------------------]  39.0% 15616/40000 |   40.3/s | elapsed 6m 27s | eta 10m 5s | process workers | examples 1555868 | q 693254 t 180568 r 94513 
BC linear    [###########-----------------]  39.4% 15744/40000 |   40.6/s | elapsed 6m 28s | eta 9m 57s | process workers | examples 1568315 | q 698906 t 181897 r 95244 
BC linear    [###########-----------------]  39.8% 15936/40000 |   41.1/s | elapsed 6m 28s | eta 9m 46s | process workers | examples 1587504 | q 707457 t 183942 r 96420 
BC linear    [###########-----------------]  40.0% 16000/40000 |   41.2/s | elapsed 6m 28s | eta 9m 42s | process workers | examples 1593926 | q 710394 t 184487 r 96823 
BC linear    [###########-----------------]  40.3% 16128/40000 |   41.5/s | elapsed 6m 29s | eta 9m 36s | process workers | examples 1607131 | q 716679 t 185747 r 97601 
BC linear    [###########-----------------]  40.5% 16192/40000 |   41.5/s | elapsed 6m 30s | eta 9m 33s | process workers | examples 1614341 | q 719935 t 186760 r 97995 
BC linear    [###########-----------------]  40.6% 16256/40000 |   40.3/s | elapsed 6m 43s | eta 9m 49s | process workers | examples 1620288 | q 722491 t 187544 r 98368 
BC linear    [###########-----------------]  40.8% 16320/40000 |   40.5/s | elapsed 6m 43s | eta 9m 45s | process workers | examples 1626204 | q 725195 t 188039 r 98755 
BC linear    [###########-----------------]  41.0% 16384/40000 |   40.6/s | elapsed 6m 44s | eta 9m 42s | process workers | examples 1632674 | q 727986 t 188875 r 99138 
BC linear    [###########-----------------]  41.1% 16448/40000 |   40.7/s | elapsed 6m 44s | eta 9m 38s | process workers | examples 1639007 | q 730855 t 189574 r 99492 
BC linear    [###########-----------------]  41.3% 16512/40000 |   40.9/s | elapsed 6m 44s | eta 9m 35s | process workers | examples 1645410 | q 733813 t 190177 r 99868 
BC linear    [###########-----------------]  41.4% 16576/40000 |   41.0/s | elapsed 6m 44s | eta 9m 31s | process workers | examples 1651547 | q 736714 t 190698 r 100236
BC linear    [###########-----------------]  41.6% 16640/40000 |   41.1/s | elapsed 6m 45s | eta 9m 28s | process workers | examples 1658115 | q 739693 t 191426 r 100635
BC linear    [###########-----------------]  41.9% 16768/40000 |   41.4/s | elapsed 6m 45s | eta 9m 21s | process workers | examples 1670830 | q 745435 t 192841 r 101413
BC linear    [###########-----------------]  42.1% 16832/40000 |   41.5/s | elapsed 6m 45s | eta 9m 18s | process workers | examples 1677681 | q 748565 t 193654 r 101829
BC linear    [###########-----------------]  42.2% 16896/40000 |   41.7/s | elapsed 6m 46s | eta 9m 15s | process workers | examples 1684009 | q 751409 t 194193 r 102241
BC linear    [###########-----------------]  42.4% 16960/40000 |   40.3/s | elapsed 7m 1s | eta 9m 31s | process workers | examples 1689679 | q 753958 t 194555 r 102610 
BC linear    [###########-----------------]  42.6% 17024/40000 |   40.4/s | elapsed 7m 1s | eta 9m 28s | process workers | examples 1695684 | q 756553 t 194970 r 103045 
BC linear    [###########-----------------]  42.7% 17088/40000 |   40.6/s | elapsed 7m 1s | eta 9m 25s | process workers | examples 1701776 | q 759239 t 195592 r 103424 
BC linear    [############----------------]  42.9% 17152/40000 |   40.7/s | elapsed 7m 1s | eta 9m 21s | process workers | examples 1707895 | q 761906 t 196341 r 103794 
BC linear    [############----------------]  43.0% 17216/40000 |   40.8/s | elapsed 7m 2s | eta 9m 18s | process workers | examples 1714120 | q 764751 t 196967 r 104193 
BC linear    [############----------------]  43.2% 17280/40000 |   40.9/s | elapsed 7m 2s | eta 9m 15s | process workers | examples 1720467 | q 767665 t 197576 r 104582 
BC linear    [############----------------]  43.4% 17344/40000 |   41.1/s | elapsed 7m 2s | eta 9m 11s | process workers | examples 1726843 | q 770486 t 198359 r 104934 
BC linear    [############----------------]  43.5% 17408/40000 |   41.2/s | elapsed 7m 2s | eta 9m 8s | process workers | examples 1733463 | q 773276 t 199178 r 105345  
BC linear    [############----------------]  43.8% 17536/40000 |   41.5/s | elapsed 7m 3s | eta 9m 1s | process workers | examples 1746613 | q 779174 t 201060 r 106101  
BC linear    [############----------------]  44.0% 17600/40000 |   41.6/s | elapsed 7m 3s | eta 8m 58s | process workers | examples 1753132 | q 782135 t 201571 r 106520 
BC linear    [############----------------]  44.2% 17664/40000 |   40.5/s | elapsed 7m 17s | eta 9m 12s | process workers | examples 1759091 | q 784908 t 201929 r 106906
BC linear    [############----------------]  44.3% 17728/40000 |   40.5/s | elapsed 7m 18s | eta 9m 10s | process workers | examples 1765325 | q 787653 t 202970 r 107239
BC linear    [############----------------]  44.5% 17792/40000 |   40.7/s | elapsed 7m 18s | eta 9m 6s | process workers | examples 1771776 | q 790434 t 203694 r 107633 
BC linear    [############----------------]  44.6% 17856/40000 |   40.8/s | elapsed 7m 18s | eta 9m 3s | process workers | examples 1778211 | q 793176 t 204581 r 108010 
BC linear    [############----------------]  44.8% 17920/40000 |   40.9/s | elapsed 7m 18s | eta 9m 0s | process workers | examples 1784751 | q 795877 t 205604 r 108404 
BC linear    [############----------------]  45.1% 18048/40000 |   41.2/s | elapsed 7m 18s | eta 8m 53s | process workers | examples 1797389 | q 801542 t 206918 r 109194
BC linear    [############----------------]  45.3% 18112/40000 |   41.3/s | elapsed 7m 19s | eta 8m 50s | process workers | examples 1804109 | q 804700 t 207406 r 109595
BC linear    [############----------------]  45.4% 18176/40000 |   41.4/s | elapsed 7m 19s | eta 8m 47s | process workers | examples 1810500 | q 807596 t 208212 r 109971
BC linear    [############----------------]  45.6% 18240/40000 |   41.5/s | elapsed 7m 19s | eta 8m 44s | process workers | examples 1817141 | q 810651 t 208727 r 110400
BC linear    [############----------------]  45.8% 18304/40000 |   41.7/s | elapsed 7m 19s | eta 8m 41s | process workers | examples 1824136 | q 813717 t 209645 r 110794
BC linear    [############----------------]  45.9% 18368/40000 |   40.4/s | elapsed 7m 35s | eta 8m 56s | process workers | examples 1830257 | q 816341 t 210435 r 111167
BC linear    [############----------------]  46.2% 18496/40000 |   40.6/s | elapsed 7m 35s | eta 8m 49s | process workers | examples 1842599 | q 821849 t 212088 r 111909
BC linear    [#############---------------]  46.9% 18752/40000 |   41.2/s | elapsed 7m 36s | eta 8m 36s | process workers | examples 1867484 | q 833137 t 215135 r 113401
BC linear    [#############---------------]  47.0% 18816/40000 |   41.3/s | elapsed 7m 36s | eta 8m 33s | process workers | examples 1873854 | q 836116 t 215844 r 113765
BC linear    [#############---------------]  47.2% 18880/40000 |   41.4/s | elapsed 7m 36s | eta 8m 30s | process workers | examples 1880211 | q 838929 t 216416 r 114176
BC linear    [#############---------------]  47.4% 18944/40000 |   41.5/s | elapsed 7m 37s | eta 8m 28s | process workers | examples 1886826 | q 841841 t 217252 r 114581
BC linear    [#############---------------]  47.5% 19008/40000 |   41.6/s | elapsed 7m 37s | eta 8m 25s | process workers | examples 1893673 | q 844848 t 217998 r 115017
BC linear    [#############---------------]  47.7% 19072/40000 |   40.5/s | elapsed 7m 51s | eta 8m 36s | process workers | examples 1899452 | q 847507 t 218506 r 115393
BC linear    [#############---------------]  47.8% 19136/40000 |   40.6/s | elapsed 7m 51s | eta 8m 33s | process workers | examples 1905792 | q 850388 t 219145 r 115780
BC linear    [#############---------------]  48.2% 19264/40000 |   40.9/s | elapsed 7m 51s | eta 8m 27s | process workers | examples 1917818 | q 855881 t 220370 r 116512
BC linear    [#############---------------]  48.5% 19392/40000 |   41.1/s | elapsed 7m 52s | eta 8m 21s | process workers | examples 1930005 | q 861283 t 221963 r 117248
BC linear    [#############---------------]  48.6% 19456/40000 |   41.2/s | elapsed 7m 52s | eta 8m 18s | process workers | examples 1936118 | q 864108 t 222465 r 117640
BC linear    [#############---------------]  48.8% 19520/40000 |   41.4/s | elapsed 7m 52s | eta 8m 15s | process workers | examples 1942751 | q 867118 t 223170 r 118046
BC linear    [#############---------------]  49.0% 19584/40000 |   41.5/s | elapsed 7m 52s | eta 8m 12s | process workers | examples 1949052 | q 869973 t 223770 r 118431
BC linear    [#############---------------]  49.3% 19712/40000 |   41.7/s | elapsed 7m 53s | eta 8m 7s | process workers | examples 1962474 | q 876102 t 225263 r 119242 
BC linear    [#############---------------]  49.4% 19776/40000 |   40.5/s | elapsed 8m 8s | eta 8m 19s | process workers | examples 1968611 | q 878715 t 226115 r 119605 
BC linear    [#############---------------]  49.6% 19840/40000 |   40.6/s | elapsed 8m 8s | eta 8m 16s | process workers | examples 1974852 | q 881509 t 227028 r 119946 
BC linear    [#############---------------]  49.8% 19904/40000 |   40.7/s | elapsed 8m 9s | eta 8m 13s | process workers | examples 1981144 | q 884238 t 227945 r 120295 
BC linear    [##############--------------]  50.1% 20032/40000 |   41.0/s | elapsed 8m 9s | eta 8m 8s | process workers | examples 1993589 | q 889647 t 229556 r 121095  
BC linear    [##############--------------]  50.2% 20096/40000 |   41.1/s | elapsed 8m 10s | eta 8m 5s | process workers | examples 1999979 | q 892487 t 230207 r 121495 
BC linear    [##############--------------]  50.4% 20160/40000 |   41.2/s | elapsed 8m 10s | eta 8m 2s | process workers | examples 2006626 | q 895404 t 231092 r 121897 
BC linear    [##############--------------]  50.7% 20288/40000 |   41.4/s | elapsed 8m 11s | eta 7m 57s | process workers | examples 2019806 | q 901367 t 232434 r 122704
BC linear    [##############--------------]  50.9% 20352/40000 |   41.5/s | elapsed 8m 11s | eta 7m 54s | process workers | examples 2026657 | q 904426 t 233147 r 123114
BC linear    [##############--------------]  51.2% 20480/40000 |   40.6/s | elapsed 8m 25s | eta 8m 1s | process workers | examples 2040193 | q 910435 t 234928 r 123895 
BC linear    [##############--------------]  51.4% 20544/40000 |   40.7/s | elapsed 8m 25s | eta 7m 58s | process workers | examples 2046747 | q 913318 t 235660 r 124279
BC linear    [##############--------------]  51.5% 20608/40000 |   40.8/s | elapsed 8m 25s | eta 7m 56s | process workers | examples 2052911 | q 916270 t 235953 r 124681
BC linear    [##############--------------]  51.7% 20672/40000 |   40.9/s | elapsed 8m 26s | eta 7m 53s | process workers | examples 2059117 | q 919037 t 236627 r 125060
BC linear    [##############--------------]  51.8% 20736/40000 |   41.0/s | elapsed 8m 26s | eta 7m 50s | process workers | examples 2065297 | q 921893 t 237158 r 125473
BC linear    [##############--------------]  52.0% 20800/40000 |   41.1/s | elapsed 8m 26s | eta 7m 47s | process workers | examples 2072065 | q 924981 t 237731 r 125906
BC linear    [##############--------------]  52.3% 20928/40000 |   41.3/s | elapsed 8m 26s | eta 7m 41s | process workers | examples 2085330 | q 930970 t 239559 r 126659
BC linear    [##############--------------]  52.6% 21056/40000 |   41.6/s | elapsed 8m 27s | eta 7m 36s | process workers | examples 2098296 | q 936659 t 241194 r 127435
BC linear    [##############--------------]  52.8% 21120/40000 |   41.7/s | elapsed 8m 27s | eta 7m 33s | process workers | examples 2104934 | q 939578 t 241898 r 127829
BC linear    [##############--------------]  53.0% 21184/40000 |   40.6/s | elapsed 8m 42s | eta 7m 44s | process workers | examples 2110795 | q 942086 t 242663 r 128185
BC linear    [##############--------------]  53.1% 21248/40000 |   40.7/s | elapsed 8m 42s | eta 7m 41s | process workers | examples 2116526 | q 944755 t 243136 r 128557
BC linear    [##############--------------]  53.3% 21312/40000 |   40.8/s | elapsed 8m 43s | eta 7m 38s | process workers | examples 2122574 | q 947511 t 243641 r 128939
BC linear    [##############--------------]  53.4% 21376/40000 |   40.9/s | elapsed 8m 43s | eta 7m 36s | process workers | examples 2128532 | q 950265 t 244162 r 129301
BC linear    [###############-------------]  53.6% 21440/40000 |   41.0/s | elapsed 8m 43s | eta 7m 33s | process workers | examples 2134690 | q 953066 t 244890 r 129688
BC linear    [###############-------------]  53.8% 21504/40000 |   41.1/s | elapsed 8m 44s | eta 7m 30s | process workers | examples 2140998 | q 955860 t 245632 r 130060
BC linear    [###############-------------]  54.1% 21632/40000 |   41.3/s | elapsed 8m 44s | eta 7m 25s | process workers | examples 2153616 | q 961647 t 246874 r 130823
BC linear    [###############-------------]  54.4% 21760/40000 |   41.5/s | elapsed 8m 44s | eta 7m 19s | process workers | examples 2166509 | q 967331 t 248408 r 131611
BC linear    [###############-------------]  54.6% 21824/40000 |   41.6/s | elapsed 8m 44s | eta 7m 17s | process workers | examples 2173027 | q 970198 t 249355 r 131999
BC linear    [###############-------------]  54.7% 21888/40000 |   40.7/s | elapsed 8m 58s | eta 7m 25s | process workers | examples 2179135 | q 972919 t 249881 r 132424
BC linear    [###############-------------]  54.9% 21952/40000 |   40.8/s | elapsed 8m 58s | eta 7m 23s | process workers | examples 2185185 | q 975623 t 250593 r 132762
BC linear    [###############-------------]  55.2% 22080/40000 |   41.0/s | elapsed 8m 59s | eta 7m 18s | process workers | examples 2197488 | q 981239 t 251956 r 133490
BC linear    [###############-------------]  55.4% 22144/40000 |   41.1/s | elapsed 8m 59s | eta 7m 15s | process workers | examples 2203642 | q 984005 t 252720 r 133874
BC linear    [###############-------------]  55.5% 22208/40000 |   41.2/s | elapsed 8m 59s | eta 7m 12s | process workers | examples 2209951 | q 986734 t 253724 r 134227
BC linear    [###############-------------]  55.7% 22272/40000 |   41.3/s | elapsed 9m 0s | eta 7m 10s | process workers | examples 2216327 | q 989462 t 254457 r 134640 
BC linear    [###############-------------]  56.0% 22400/40000 |   41.4/s | elapsed 9m 0s | eta 7m 5s | process workers | examples 2229522 | q 995541 t 255820 r 135396  
BC linear    [###############-------------]  56.3% 22528/40000 |   41.7/s | elapsed 9m 1s | eta 6m 59s | process workers | examples 2243123 | q 1001893 t 256973 r 136184
BC linear    [###############-------------]  56.5% 22592/40000 |   40.6/s | elapsed 9m 16s | eta 7m 9s | process workers | examples 2249097 | q 1004635 t 257569 r 136558
BC linear    [###############-------------]  56.6% 22656/40000 |   40.7/s | elapsed 9m 17s | eta 7m 6s | process workers | examples 2255027 | q 1007401 t 257941 r 136945
BC linear    [###############-------------]  56.8% 22720/40000 |   40.8/s | elapsed 9m 17s | eta 7m 3s | process workers | examples 2261063 | q 1010033 t 258466 r 137373
BC linear    [###############-------------]  57.0% 22784/40000 |   40.9/s | elapsed 9m 17s | eta 7m 1s | process workers | examples 2267062 | q 1012873 t 258971 r 137739
BC linear    [################------------]  57.3% 22912/40000 |   41.1/s | elapsed 9m 17s | eta 6m 56s | process workers | examples 2279510 | q 1018404 t 260327 r 138520
BC linear    [################------------]  57.4% 22976/40000 |   41.2/s | elapsed 9m 18s | eta 6m 53s | process workers | examples 2286018 | q 1021272 t 261323 r 138878
BC linear    [################------------]  57.6% 23040/40000 |   41.3/s | elapsed 9m 18s | eta 6m 51s | process workers | examples 2292495 | q 1024180 t 261981 r 139274
BC linear    [################------------]  57.8% 23104/40000 |   41.4/s | elapsed 9m 18s | eta 6m 48s | process workers | examples 2299209 | q 1027297 t 262923 r 139628
BC linear    [################------------]  57.9% 23168/40000 |   41.5/s | elapsed 9m 18s | eta 6m 45s | process workers | examples 2305937 | q 1030225 t 264055 r 140008
BC linear    [################------------]  58.1% 23232/40000 |   41.6/s | elapsed 9m 19s | eta 6m 43s | process workers | examples 2312656 | q 1033390 t 264467 r 140429
BC linear    [################------------]  58.2% 23296/40000 |   40.7/s | elapsed 9m 32s | eta 6m 50s | process workers | examples 2318621 | q 1036008 t 265042 r 140823
BC linear    [################------------]  58.4% 23360/40000 |   40.8/s | elapsed 9m 33s | eta 6m 48s | process workers | examples 2325009 | q 1038912 t 265720 r 141213
BC linear    [################------------]  58.6% 23424/40000 |   40.9/s | elapsed 9m 33s | eta 6m 46s | process workers | examples 2331298 | q 1041753 t 266241 r 141634
BC linear    [################------------]  58.9% 23552/40000 |   41.1/s | elapsed 9m 33s | eta 6m 40s | process workers | examples 2343481 | q 1047166 t 267419 r 142413
BC linear    [################------------]  59.2% 23680/40000 |   41.3/s | elapsed 9m 34s | eta 6m 35s | process workers | examples 2356645 | q 1053097 t 268807 r 143219
BC linear    [################------------]  59.5% 23808/40000 |   41.5/s | elapsed 9m 34s | eta 6m 30s | process workers | examples 2369215 | q 1058744 t 270425 r 143973
BC linear    [################------------]  59.7% 23872/40000 |   41.6/s | elapsed 9m 35s | eta 6m 28s | process workers | examples 2376356 | q 1061871 t 271717 r 144349
BC linear    [################------------]  59.8% 23936/40000 |   41.6/s | elapsed 9m 35s | eta 6m 26s | process workers | examples 2383188 | q 1064942 t 272669 r 144733
BC linear    [################------------]  60.0% 24000/40000 |   40.7/s | elapsed 9m 50s | eta 6m 33s | process workers | examples 2388703 | q 1067400 t 273260 r 145093
BC linear    [################------------]  60.2% 24064/40000 |   40.8/s | elapsed 9m 50s | eta 6m 31s | process workers | examples 2394522 | q 1069885 t 274149 r 145464
BC linear    [################------------]  60.3% 24128/40000 |   40.9/s | elapsed 9m 50s | eta 6m 28s | process workers | examples 2400467 | q 1072635 t 274880 r 145821
BC linear    [################------------]  60.5% 24192/40000 |   41.0/s | elapsed 9m 51s | eta 6m 26s | process workers | examples 2406471 | q 1075552 t 275460 r 146150
BC linear    [################------------]  60.6% 24256/40000 |   41.0/s | elapsed 9m 51s | eta 6m 24s | process workers | examples 2412615 | q 1078317 t 275823 r 146585
BC linear    [#################-----------]  60.8% 24320/40000 |   41.1/s | elapsed 9m 51s | eta 6m 21s | process workers | examples 2418970 | q 1081262 t 276324 r 146961
BC linear    [#################-----------]  61.0% 24384/40000 |   41.2/s | elapsed 9m 52s | eta 6m 19s | process workers | examples 2425346 | q 1084065 t 276968 r 147362
BC linear    [#################-----------]  61.1% 24448/40000 |   41.3/s | elapsed 9m 52s | eta 6m 16s | process workers | examples 2431966 | q 1087064 t 277976 r 147725
BC linear    [#################-----------]  61.3% 24512/40000 |   41.4/s | elapsed 9m 52s | eta 6m 14s | process workers | examples 2438591 | q 1090098 t 278814 r 148125
BC linear    [#################-----------]  61.4% 24576/40000 |   41.5/s | elapsed 9m 53s | eta 6m 12s | process workers | examples 2445500 | q 1093173 t 279424 r 148539
BC linear    [#################-----------]  61.6% 24640/40000 |   41.6/s | elapsed 9m 53s | eta 6m 10s | process workers | examples 2452433 | q 1096298 t 279953 r 148962
BC linear    [#################-----------]  61.8% 24704/40000 |   40.8/s | elapsed 10m 5s | eta 6m 15s | process workers | examples 2458397 | q 1099073 t 280623 r 149312
BC linear    [#################-----------]  61.9% 24768/40000 |   40.8/s | elapsed 10m 7s | eta 6m 13s | process workers | examples 2464620 | q 1101876 t 281323 r 149704
BC linear    [#################-----------]  62.1% 24832/40000 |   40.9/s | elapsed 10m 7s | eta 6m 11s | process workers | examples 2471008 | q 1104768 t 281818 r 150093
BC linear    [#################-----------]  62.4% 24960/40000 |   41.1/s | elapsed 10m 7s | eta 6m 6s | process workers | examples 2483572 | q 1110117 t 283466 r 150891 
BC linear    [#################-----------]  62.6% 25024/40000 |   41.2/s | elapsed 10m 8s | eta 6m 4s | process workers | examples 2489927 | q 1112987 t 283984 r 151287 
BC linear    [#################-----------]  62.7% 25088/40000 |   41.3/s | elapsed 10m 8s | eta 6m 1s | process workers | examples 2496564 | q 1115893 t 284808 r 151725 
BC linear    [#################-----------]  63.0% 25216/40000 |   41.5/s | elapsed 10m 8s | eta 5m 57s | process workers | examples 2509915 | q 1121842 t 286285 r 152534
BC linear    [#################-----------]  63.4% 25344/40000 |   41.6/s | elapsed 10m 9s | eta 5m 52s | process workers | examples 2522779 | q 1127536 t 287719 r 153332
BC linear    [#################-----------]  63.5% 25408/40000 |   40.7/s | elapsed 10m 25s | eta 5m 59s | process workers | examples 2528939 | q 1130367 t 288242 r 153724
BC linear    [#################-----------]  63.7% 25472/40000 |   40.8/s | elapsed 10m 25s | eta 5m 56s | process workers | examples 2535081 | q 1133297 t 288791 r 154076
BC linear    [#################-----------]  63.8% 25536/40000 |   40.8/s | elapsed 10m 25s | eta 5m 54s | process workers | examples 2541315 | q 1136249 t 289257 r 154456
BC linear    [#################-----------]  64.0% 25600/40000 |   40.9/s | elapsed 10m 25s | eta 5m 52s | process workers | examples 2547716 | q 1139024 t 289874 r 154860
BC linear    [##################----------]  64.3% 25728/40000 |   41.1/s | elapsed 10m 25s | eta 5m 47s | process workers | examples 2560581 | q 1144652 t 291249 r 155644
BC linear    [##################----------]  64.6% 25856/40000 |   41.3/s | elapsed 10m 26s | eta 5m 42s | process workers | examples 2573581 | q 1150465 t 292645 r 156441
BC linear    [##################----------]  64.8% 25920/40000 |   41.4/s | elapsed 10m 26s | eta 5m 40s | process workers | examples 2580240 | q 1153521 t 293393 r 156834
BC linear    [##################----------]  65.0% 25984/40000 |   41.5/s | elapsed 10m 27s | eta 5m 38s | process workers | examples 2587308 | q 1156614 t 294537 r 157205
BC linear    [##################----------]  65.1% 26048/40000 |   41.6/s | elapsed 10m 27s | eta 5m 36s | process workers | examples 2594248 | q 1159683 t 295575 r 157600
BC linear    [##################----------]  65.3% 26112/40000 |   40.7/s | elapsed 10m 41s | eta 5m 41s | process workers | examples 2600434 | q 1162531 t 296223 r 157989
BC linear    [##################----------]  65.6% 26240/40000 |   40.9/s | elapsed 10m 41s | eta 5m 36s | process workers | examples 2612549 | q 1168038 t 297453 r 158717
BC linear    [##################----------]  65.8% 26304/40000 |   41.0/s | elapsed 10m 41s | eta 5m 34s | process workers | examples 2618873 | q 1170747 t 297860 r 159140
BC linear    [##################----------]  65.9% 26368/40000 |   41.1/s | elapsed 10m 42s | eta 5m 32s | process workers | examples 2625385 | q 1173521 t 298670 r 159553
BC linear    [##################----------]  66.1% 26432/40000 |   41.2/s | elapsed 10m 42s | eta 5m 30s | process workers | examples 2631843 | q 1176444 t 299247 r 159952
BC linear    [##################----------]  66.2% 26496/40000 |   41.3/s | elapsed 10m 42s | eta 5m 27s | process workers | examples 2638365 | q 1179223 t 299916 r 160381
BC linear    [##################----------]  66.6% 26624/40000 |   41.4/s | elapsed 10m 43s | eta 5m 23s | process workers | examples 2651481 | q 1185052 t 301485 r 161164
BC linear    [##################----------]  66.7% 26688/40000 |   41.5/s | elapsed 10m 43s | eta 5m 21s | process workers | examples 2657805 | q 1187983 t 301947 r 161554
BC linear    [##################----------]  66.9% 26752/40000 |   41.6/s | elapsed 10m 43s | eta 5m 18s | process workers | examples 2664503 | q 1190917 t 302566 r 161978
BC linear    [##################----------]  67.0% 26816/40000 |   40.7/s | elapsed 10m 58s | eta 5m 24s | process workers | examples 2670479 | q 1193550 t 303327 r 162323
BC linear    [##################----------]  67.2% 26880/40000 |   40.8/s | elapsed 10m 58s | eta 5m 21s | process workers | examples 2676689 | q 1196295 t 303945 r 162721
BC linear    [##################----------]  67.4% 26944/40000 |   40.9/s | elapsed 10m 59s | eta 5m 19s | process workers | examples 2682819 | q 1199027 t 304762 r 163099
BC linear    [##################----------]  67.5% 27008/40000 |   41.0/s | elapsed 10m 59s | eta 5m 17s | process workers | examples 2688876 | q 1201820 t 304990 r 163532
BC linear    [##################----------]  67.7% 27072/40000 |   41.1/s | elapsed 10m 59s | eta 5m 15s | process workers | examples 2695293 | q 1204631 t 305857 r 163933
BC linear    [##################----------]  67.8% 27136/40000 |   41.1/s | elapsed 11m 0s | eta 5m 13s | process workers | examples 2701434 | q 1207586 t 306218 r 164331 
BC linear    [###################---------]  68.2% 27264/40000 |   41.3/s | elapsed 11m 0s | eta 5m 8s | process workers | examples 2714307 | q 1213457 t 307635 r 165115  
BC linear    [###################---------]  68.5% 27392/40000 |   41.5/s | elapsed 11m 1s | eta 5m 4s | process workers | examples 2727852 | q 1219528 t 309633 r 165841  
BC linear    [###################---------]  68.6% 27456/40000 |   41.5/s | elapsed 11m 1s | eta 5m 2s | process workers | examples 2735125 | q 1222614 t 310736 r 166244  
BC linear    [###################---------]  68.8% 27520/40000 |   40.9/s | elapsed 11m 14s | eta 5m 5s | process workers | examples 2741038 | q 1225142 t 311514 r 166600 
BC linear    [###################---------]  69.0% 27584/40000 |   40.9/s | elapsed 11m 14s | eta 5m 3s | process workers | examples 2746626 | q 1227509 t 312255 r 166964 
BC linear    [###################---------]  69.1% 27648/40000 |   41.0/s | elapsed 11m 14s | eta 5m 1s | process workers | examples 2752612 | q 1230116 t 313165 r 167303 
BC linear    [###################---------]  69.3% 27712/40000 |   41.1/s | elapsed 11m 14s | eta 4m 59s | process workers | examples 2758519 | q 1232532 t 313877 r 167696
BC linear    [###################---------]  69.6% 27840/40000 |   41.3/s | elapsed 11m 15s | eta 4m 55s | process workers | examples 2770951 | q 1238189 t 315123 r 168456
BC linear    [###################---------]  69.8% 27904/40000 |   41.3/s | elapsed 11m 15s | eta 4m 53s | process workers | examples 2777358 | q 1240895 t 316173 r 168816
BC linear    [###################---------]  69.9% 27968/40000 |   41.4/s | elapsed 11m 16s | eta 4m 51s | process workers | examples 2783722 | q 1243648 t 316940 r 169205
BC linear    [###################---------]  70.1% 28032/40000 |   41.5/s | elapsed 11m 16s | eta 4m 49s | process workers | examples 2789658 | q 1246404 t 317373 r 169593
BC linear    [###################---------]  70.2% 28096/40000 |   41.5/s | elapsed 11m 16s | eta 4m 47s | process workers | examples 2796534 | q 1249222 t 318305 r 170051
BC linear    [###################---------]  70.6% 28224/40000 |   40.8/s | elapsed 11m 31s | eta 4m 48s | process workers | examples 2809100 | q 1254738 t 319680 r 170830
BC linear    [###################---------]  70.7% 28288/40000 |   40.9/s | elapsed 11m 32s | eta 4m 47s | process workers | examples 2815087 | q 1257262 t 320506 r 171216
BC linear    [###################---------]  70.9% 28352/40000 |   41.0/s | elapsed 11m 32s | eta 4m 44s | process workers | examples 2821301 | q 1260033 t 321260 r 171598
BC linear    [###################---------]  71.0% 28416/40000 |   41.0/s | elapsed 11m 32s | eta 4m 42s | process workers | examples 2827537 | q 1262738 t 321808 r 172019
BC linear    [###################---------]  71.4% 28544/40000 |   41.2/s | elapsed 11m 32s | eta 4m 38s | process workers | examples 2840019 | q 1268197 t 323465 r 172777
BC linear    [####################--------]  71.7% 28672/40000 |   41.4/s | elapsed 11m 33s | eta 4m 34s | process workers | examples 2852513 | q 1273832 t 324501 r 173524
BC linear    [####################--------]  71.8% 28736/40000 |   41.4/s | elapsed 11m 34s | eta 4m 32s | process workers | examples 2859338 | q 1276951 t 325243 r 173926
BC linear    [####################--------]  72.0% 28800/40000 |   41.5/s | elapsed 11m 34s | eta 4m 30s | process workers | examples 2866219 | q 1280272 t 325915 r 174295
BC linear    [####################--------]  72.2% 28864/40000 |   41.5/s | elapsed 11m 35s | eta 4m 28s | process workers | examples 2873579 | q 1283487 t 327004 r 174719
BC linear    [####################--------]  72.3% 28928/40000 |   40.9/s | elapsed 11m 47s | eta 4m 31s | process workers | examples 2879415 | q 1285932 t 327893 r 175081
BC linear    [####################--------]  72.5% 28992/40000 |   41.0/s | elapsed 11m 48s | eta 4m 29s | process workers | examples 2885847 | q 1288820 t 328492 r 175501
BC linear    [####################--------]  72.6% 29056/40000 |   41.0/s | elapsed 11m 49s | eta 4m 27s | process workers | examples 2892279 | q 1291776 t 329389 r 175841
BC linear    [####################--------]  72.8% 29120/40000 |   41.1/s | elapsed 11m 49s | eta 4m 25s | process workers | examples 2898589 | q 1294730 t 329858 r 176238
BC linear    [####################--------]  73.1% 29248/40000 |   41.2/s | elapsed 11m 49s | eta 4m 21s | process workers | examples 2911113 | q 1300378 t 331057 r 177005
BC linear    [####################--------]  73.3% 29312/40000 |   41.3/s | elapsed 11m 49s | eta 4m 19s | process workers | examples 2917831 | q 1303397 t 331746 r 177412
BC linear    [####################--------]  73.4% 29376/40000 |   41.4/s | elapsed 11m 50s | eta 4m 17s | process workers | examples 2924671 | q 1306669 t 332376 r 177817
BC linear    [####################--------]  73.6% 29440/40000 |   41.5/s | elapsed 11m 50s | eta 4m 15s | process workers | examples 2931055 | q 1309450 t 332950 r 178240
BC linear    [####################--------]  73.8% 29504/40000 |   41.5/s | elapsed 11m 50s | eta 4m 13s | process workers | examples 2937521 | q 1312322 t 333848 r 178616
BC linear    [####################--------]  73.9% 29568/40000 |   41.6/s | elapsed 11m 51s | eta 4m 11s | process workers | examples 2944195 | q 1315318 t 334633 r 179008
BC linear    [####################--------]  74.1% 29632/40000 |   40.8/s | elapsed 12m 6s | eta 4m 14s | process workers | examples 2949769 | q 1317905 t 335192 r 179367 
BC linear    [####################--------]  74.2% 29696/40000 |   40.8/s | elapsed 12m 7s | eta 4m 12s | process workers | examples 2956131 | q 1320666 t 335980 r 179732 
BC linear    [####################--------]  74.4% 29760/40000 |   40.9/s | elapsed 12m 8s | eta 4m 10s | process workers | examples 2962641 | q 1323716 t 336923 r 180079 
BC linear    [####################--------]  74.6% 29824/40000 |   41.0/s | elapsed 12m 8s | eta 4m 8s | process workers | examples 2969190 | q 1326639 t 337978 r 180435  
BC linear    [####################--------]  74.7% 29888/40000 |   41.0/s | elapsed 12m 8s | eta 4m 6s | process workers | examples 2975661 | q 1329523 t 338679 r 180826  
BC linear    [####################--------]  74.9% 29952/40000 |   41.1/s | elapsed 12m 8s | eta 4m 4s | process workers | examples 2982392 | q 1332399 t 339869 r 181204  
BC linear    [#####################-------]  75.5% 30208/40000 |   41.5/s | elapsed 12m 8s | eta 3m 56s | process workers | examples 3008703 | q 1344534 t 342002 r 182797 
BC linear    [#####################-------]  75.8% 30336/40000 |   40.9/s | elapsed 12m 22s | eta 3m 56s | process workers | examples 3021489 | q 1350123 t 343421 r 183574
BC linear    [#####################-------]  76.0% 30400/40000 |   40.9/s | elapsed 12m 24s | eta 3m 55s | process workers | examples 3027382 | q 1352681 t 344165 r 183955
BC linear    [#####################-------]  76.2% 30464/40000 |   40.9/s | elapsed 12m 24s | eta 3m 53s | process workers | examples 3033367 | q 1355437 t 344628 r 184344
BC linear    [#####################-------]  76.3% 30528/40000 |   41.0/s | elapsed 12m 25s | eta 3m 51s | process workers | examples 3039698 | q 1358495 t 345215 r 184705
BC linear    [#####################-------]  76.5% 30592/40000 |   41.1/s | elapsed 12m 25s | eta 3m 49s | process workers | examples 3045765 | q 1361336 t 345485 r 185145
BC linear    [#####################-------]  76.6% 30656/40000 |   41.1/s | elapsed 12m 25s | eta 3m 47s | process workers | examples 3052064 | q 1364166 t 346366 r 185517
BC linear    [#####################-------]  76.8% 30720/40000 |   41.2/s | elapsed 12m 25s | eta 3m 45s | process workers | examples 3058333 | q 1366981 t 347095 r 185861
BC linear    [#####################-------]  77.1% 30848/40000 |   41.4/s | elapsed 12m 26s | eta 3m 41s | process workers | examples 3071183 | q 1372927 t 348553 r 186555
BC linear    [#####################-------]  77.4% 30976/40000 |   41.5/s | elapsed 12m 26s | eta 3m 37s | process workers | examples 3084799 | q 1379009 t 350506 r 187315
BC linear    [#####################-------]  77.6% 31040/40000 |   40.8/s | elapsed 12m 41s | eta 3m 40s | process workers | examples 3090749 | q 1381676 t 351463 r 187661
BC linear    [#####################-------]  77.8% 31104/40000 |   40.9/s | elapsed 12m 41s | eta 3m 38s | process workers | examples 3096545 | q 1384080 t 352017 r 188078
BC linear    [#####################-------]  77.9% 31168/40000 |   40.9/s | elapsed 12m 41s | eta 3m 36s | process workers | examples 3102490 | q 1386816 t 352718 r 188422
BC linear    [#####################-------]  78.1% 31232/40000 |   41.0/s | elapsed 12m 42s | eta 3m 34s | process workers | examples 3108468 | q 1389443 t 353172 r 188825
BC linear    [#####################-------]  78.2% 31296/40000 |   41.1/s | elapsed 12m 42s | eta 3m 32s | process workers | examples 3114857 | q 1392318 t 354053 r 189190
BC linear    [#####################-------]  78.4% 31360/40000 |   41.1/s | elapsed 12m 42s | eta 3m 30s | process workers | examples 3121496 | q 1395151 t 355049 r 189572
BC linear    [#####################-------]  78.6% 31424/40000 |   41.2/s | elapsed 12m 43s | eta 3m 28s | process workers | examples 3128026 | q 1398213 t 355715 r 189951
BC linear    [######################------]  78.9% 31552/40000 |   41.4/s | elapsed 12m 43s | eta 3m 24s | process workers | examples 3141385 | q 1404080 t 357651 r 190700
BC linear    [######################------]  79.2% 31680/40000 |   41.5/s | elapsed 12m 43s | eta 3m 20s | process workers | examples 3154660 | q 1410081 t 358855 r 191540
BC linear    [######################------]  79.4% 31744/40000 |   40.8/s | elapsed 12m 57s | eta 3m 22s | process workers | examples 3160438 | q 1412664 t 359594 r 191894
BC linear    [######################------]  79.5% 31808/40000 |   40.9/s | elapsed 12m 58s | eta 3m 20s | process workers | examples 3166807 | q 1415501 t 360449 r 192266
BC linear    [######################------]  79.7% 31872/40000 |   41.0/s | elapsed 12m 58s | eta 3m 18s | process workers | examples 3172461 | q 1417975 t 361190 r 192605
BC linear    [######################------]  79.8% 31936/40000 |   41.0/s | elapsed 12m 59s | eta 3m 17s | process workers | examples 3178739 | q 1420718 t 362040 r 192973
BC linear    [######################------]  80.2% 32064/40000 |   41.1/s | elapsed 12m 59s | eta 3m 13s | process workers | examples 3191044 | q 1426012 t 363451 r 193750
BC linear    [######################------]  80.3% 32128/40000 |   41.2/s | elapsed 12m 59s | eta 3m 11s | process workers | examples 3197685 | q 1428858 t 364366 r 194129
BC linear    [######################------]  80.5% 32192/40000 |   41.3/s | elapsed 12m 59s | eta 3m 9s | process workers | examples 3204320 | q 1431734 t 365427 r 194487 
BC linear    [######################------]  80.6% 32256/40000 |   41.4/s | elapsed 13m 0s | eta 3m 7s | process workers | examples 3211143 | q 1434678 t 366237 r 194901  
BC linear    [######################------]  80.8% 32320/40000 |   41.4/s | elapsed 13m 0s | eta 3m 5s | process workers | examples 3217647 | q 1437488 t 366943 r 195316  
BC linear    [######################------]  81.0% 32384/40000 |   41.5/s | elapsed 13m 1s | eta 3m 4s | process workers | examples 3225145 | q 1440881 t 368029 r 195708  
BC linear    [######################------]  81.1% 32448/40000 |   40.7/s | elapsed 13m 16s | eta 3m 5s | process workers | examples 3231033 | q 1443517 t 368574 r 196078 
BC linear    [######################------]  81.3% 32512/40000 |   40.8/s | elapsed 13m 17s | eta 3m 3s | process workers | examples 3236848 | q 1446264 t 369099 r 196444 
BC linear    [######################------]  81.4% 32576/40000 |   40.9/s | elapsed 13m 17s | eta 3m 2s | process workers | examples 3242860 | q 1448987 t 369573 r 196821 
BC linear    [######################------]  81.6% 32640/40000 |   41.0/s | elapsed 13m 17s | eta 3m 0s | process workers | examples 3249050 | q 1451651 t 370364 r 197197 
BC linear    [######################------]  81.8% 32704/40000 |   41.0/s | elapsed 13m 17s | eta 2m 58s | process workers | examples 3255171 | q 1454296 t 371191 r 197585
BC linear    [######################------]  82.1% 32832/40000 |   41.2/s | elapsed 13m 18s | eta 2m 54s | process workers | examples 3267841 | q 1459976 t 372498 r 198384
BC linear    [#######################-----]  82.2% 32896/40000 |   41.2/s | elapsed 13m 18s | eta 2m 52s | process workers | examples 3274317 | q 1462902 t 373150 r 198774
BC linear    [#######################-----]  82.4% 32960/40000 |   41.3/s | elapsed 13m 18s | eta 2m 51s | process workers | examples 3280644 | q 1465967 t 373528 r 199183
BC linear    [#######################-----]  82.6% 33024/40000 |   41.3/s | elapsed 13m 19s | eta 2m 49s | process workers | examples 3287680 | q 1468823 t 374775 r 199596
BC linear    [#######################-----]  82.9% 33152/40000 |   40.8/s | elapsed 13m 33s | eta 2m 48s | process workers | examples 3300419 | q 1474579 t 376125 r 200401
BC linear    [#######################-----]  83.2% 33280/40000 |   40.9/s | elapsed 13m 33s | eta 2m 44s | process workers | examples 3312636 | q 1479943 t 377500 r 201172
BC linear    [#######################-----]  83.4% 33344/40000 |   41.0/s | elapsed 13m 34s | eta 2m 42s | process workers | examples 3319026 | q 1482810 t 378225 r 201544
BC linear    [#######################-----]  83.5% 33408/40000 |   41.1/s | elapsed 13m 34s | eta 2m 41s | process workers | examples 3325698 | q 1485814 t 379216 r 201878
BC linear    [#######################-----]  83.7% 33472/40000 |   41.1/s | elapsed 13m 34s | eta 2m 39s | process workers | examples 3331838 | q 1488509 t 380293 r 202205
BC linear    [#######################-----]  83.8% 33536/40000 |   41.2/s | elapsed 13m 34s | eta 2m 37s | process workers | examples 3338326 | q 1491372 t 381076 r 202601
BC linear    [#######################-----]  84.0% 33600/40000 |   41.3/s | elapsed 13m 34s | eta 2m 35s | process workers | examples 3344474 | q 1494162 t 381870 r 202966
BC linear    [#######################-----]  84.2% 33664/40000 |   41.3/s | elapsed 13m 35s | eta 2m 33s | process workers | examples 3351064 | q 1497049 t 382584 r 203384
BC linear    [#######################-----]  84.3% 33728/40000 |   41.4/s | elapsed 13m 35s | eta 2m 32s | process workers | examples 3357838 | q 1499982 t 383485 r 203802
BC linear    [#######################-----]  84.5% 33792/40000 |   41.4/s | elapsed 13m 35s | eta 2m 30s | process workers | examples 3364607 | q 1502890 t 384380 r 204208
BC linear    [#######################-----]  84.6% 33856/40000 |   40.7/s | elapsed 13m 51s | eta 2m 31s | process workers | examples 3370608 | q 1505686 t 384734 r 204597
BC linear    [#######################-----]  84.8% 33920/40000 |   40.8/s | elapsed 13m 51s | eta 2m 29s | process workers | examples 3376493 | q 1508472 t 385168 r 204937
BC linear    [#######################-----]  85.0% 33984/40000 |   40.9/s | elapsed 13m 51s | eta 2m 27s | process workers | examples 3382941 | q 1511154 t 386172 r 205311
BC linear    [#######################-----]  85.1% 34048/40000 |   40.9/s | elapsed 13m 52s | eta 2m 25s | process workers | examples 3389041 | q 1514031 t 386688 r 205697
BC linear    [#######################-----]  85.3% 34112/40000 |   41.0/s | elapsed 13m 52s | eta 2m 24s | process workers | examples 3395191 | q 1516782 t 387292 r 206086
BC linear    [#######################-----]  85.4% 34176/40000 |   41.1/s | elapsed 13m 52s | eta 2m 22s | process workers | examples 3401501 | q 1519596 t 388101 r 206476
BC linear    [#######################-----]  85.6% 34240/40000 |   41.1/s | elapsed 13m 52s | eta 2m 20s | process workers | examples 3408088 | q 1522542 t 388948 r 206876
BC linear    [########################----]  85.8% 34304/40000 |   41.2/s | elapsed 13m 53s | eta 2m 18s | process workers | examples 3414791 | q 1525474 t 389659 r 207288
BC linear    [########################----]  85.9% 34368/40000 |   41.3/s | elapsed 13m 53s | eta 2m 17s | process workers | examples 3421367 | q 1528465 t 390347 r 207698
BC linear    [########################----]  86.2% 34496/40000 |   41.4/s | elapsed 13m 53s | eta 2m 13s | process workers | examples 3435132 | q 1534541 t 392102 r 208461
BC linear    [########################----]  86.4% 34560/40000 |   40.8/s | elapsed 14m 7s | eta 2m 13s | process workers | examples 3441402 | q 1537277 t 393185 r 208820 
BC linear    [########################----]  86.6% 34624/40000 |   40.9/s | elapsed 14m 7s | eta 2m 12s | process workers | examples 3447562 | q 1539921 t 394155 r 209139 
BC linear    [########################----]  86.7% 34688/40000 |   40.9/s | elapsed 14m 8s | eta 2m 10s | process workers | examples 3453178 | q 1542362 t 394673 r 209532 
BC linear    [########################----]  86.9% 34752/40000 |   41.0/s | elapsed 14m 8s | eta 2m 8s | process workers | examples 3459673 | q 1545158 t 395668 r 209913  
BC linear    [########################----]  87.0% 34816/40000 |   41.0/s | elapsed 14m 8s | eta 2m 6s | process workers | examples 3466077 | q 1548102 t 396038 r 210322  
BC linear    [########################----]  87.2% 34880/40000 |   41.1/s | elapsed 14m 9s | eta 2m 5s | process workers | examples 3472339 | q 1550915 t 396618 r 210730  
BC linear    [########################----]  87.4% 34944/40000 |   41.1/s | elapsed 14m 9s | eta 2m 3s | process workers | examples 3479150 | q 1554061 t 397425 r 211121  
BC linear    [########################----]  87.5% 35008/40000 |   41.2/s | elapsed 14m 9s | eta 2m 1s | process workers | examples 3486072 | q 1557232 t 397884 r 211568  
BC linear    [########################----]  88.0% 35200/40000 |   41.4/s | elapsed 14m 10s | eta 1m 56s | process workers | examples 3506062 | q 1566317 t 399669 r 212790
BC linear    [########################----]  88.2% 35264/40000 |   40.8/s | elapsed 14m 25s | eta 1m 56s | process workers | examples 3512107 | q 1569132 t 400338 r 213142
BC linear    [########################----]  88.3% 35328/40000 |   40.8/s | elapsed 14m 25s | eta 1m 54s | process workers | examples 3518235 | q 1571807 t 400897 r 213529
BC linear    [########################----]  88.6% 35456/40000 |   40.9/s | elapsed 14m 26s | eta 1m 51s | process workers | examples 3530619 | q 1577243 t 402175 r 214325
BC linear    [########################----]  89.0% 35584/40000 |   41.1/s | elapsed 14m 26s | eta 1m 48s | process workers | examples 3543314 | q 1582728 t 403776 r 215116
BC linear    [########################----]  89.1% 35648/40000 |   41.1/s | elapsed 14m 26s | eta 1m 46s | process workers | examples 3549825 | q 1585662 t 404379 r 215522
BC linear    [#########################---]  89.4% 35776/40000 |   41.3/s | elapsed 14m 27s | eta 1m 42s | process workers | examples 3563153 | q 1591696 t 406089 r 216271
BC linear    [#########################---]  89.6% 35840/40000 |   41.3/s | elapsed 14m 27s | eta 1m 41s | process workers | examples 3569741 | q 1594913 t 406473 r 216646
BC linear    [#########################---]  89.9% 35968/40000 |   40.8/s | elapsed 14m 41s | eta 1m 39s | process workers | examples 3582637 | q 1600740 t 407843 r 217450
BC linear    [#########################---]  90.1% 36032/40000 |   40.9/s | elapsed 14m 42s | eta 1m 37s | process workers | examples 3588925 | q 1603493 t 408577 r 217851
BC linear    [#########################---]  90.2% 36096/40000 |   40.9/s | elapsed 14m 42s | eta 1m 35s | process workers | examples 3594840 | q 1606247 t 409113 r 218216
BC linear    [#########################---]  90.6% 36224/40000 |   41.0/s | elapsed 14m 43s | eta 1m 32s | process workers | examples 3607130 | q 1611811 t 410263 r 218976
BC linear    [#########################---]  90.9% 36352/40000 |   41.2/s | elapsed 14m 43s | eta 1m 29s | process workers | examples 3619932 | q 1617861 t 411131 r 219805
BC linear    [#########################---]  91.0% 36416/40000 |   41.2/s | elapsed 14m 43s | eta 1m 27s | process workers | examples 3627210 | q 1621127 t 412142 r 220209
BC linear    [#########################---]  91.2% 36480/40000 |   41.3/s | elapsed 14m 43s | eta 1m 25s | process workers | examples 3633982 | q 1624112 t 412848 r 220627
BC linear    [#########################---]  91.4% 36544/40000 |   41.4/s | elapsed 14m 44s | eta 1m 24s | process workers | examples 3640493 | q 1627135 t 413220 r 221043
BC linear    [#########################---]  91.5% 36608/40000 |   41.4/s | elapsed 14m 44s | eta 1m 22s | process workers | examples 3647565 | q 1630220 t 414013 r 221489
BC linear    [#########################---]  91.7% 36672/40000 |   40.8/s | elapsed 14m 59s | eta 1m 22s | process workers | examples 3652815 | q 1632501 t 414427 r 221845
BC linear    [#########################---]  91.8% 36736/40000 |   40.8/s | elapsed 15m 1s | eta 1m 20s | process workers | examples 3658856 | q 1635382 t 414873 r 222211 
BC linear    [#########################---]  92.0% 36800/40000 |   40.9/s | elapsed 15m 1s | eta 1m 18s | process workers | examples 3665197 | q 1638105 t 415709 r 222581 
BC linear    [#########################---]  92.2% 36864/40000 |   40.9/s | elapsed 15m 1s | eta 1m 17s | process workers | examples 3671611 | q 1640980 t 416628 r 222936 
BC linear    [#########################---]  92.3% 36928/40000 |   41.0/s | elapsed 15m 1s | eta 1m 15s | process workers | examples 3677993 | q 1643851 t 417255 r 223333 
BC linear    [#########################---]  92.5% 36992/40000 |   41.0/s | elapsed 15m 2s | eta 1m 13s | process workers | examples 3684476 | q 1646875 t 417669 r 223742 
BC linear    [#########################---]  92.6% 37056/40000 |   41.1/s | elapsed 15m 2s | eta 1m 12s | process workers | examples 3690949 | q 1649731 t 418260 r 224144 
BC linear    [#########################---]  92.8% 37120/40000 |   41.2/s | elapsed 15m 2s | eta 1m 10s | process workers | examples 3697639 | q 1652581 t 419250 r 224546 
BC linear    [##########################--]  93.0% 37184/40000 |   41.2/s | elapsed 15m 2s | eta 1m 8s | process workers | examples 3704357 | q 1655575 t 419970 r 224959  
BC linear    [##########################--]  93.1% 37248/40000 |   41.3/s | elapsed 15m 3s | eta 1m 7s | process workers | examples 3711393 | q 1658621 t 421185 r 225337  
BC linear    [##########################--]  93.3% 37312/40000 |   41.3/s | elapsed 15m 3s | eta 1m 5s | process workers | examples 3718559 | q 1661662 t 422632 r 225727  
BC linear    [##########################--]  93.4% 37376/40000 |   40.8/s | elapsed 15m 16s | eta 1m 4s | process workers | examples 3725252 | q 1664663 t 423507 r 226103 
BC linear    [##########################--]  93.6% 37440/40000 |   40.8/s | elapsed 15m 17s | eta 1m 3s | process workers | examples 3731328 | q 1667332 t 424148 r 226479 
BC linear    [##########################--]  93.8% 37504/40000 |   40.9/s | elapsed 15m 17s | eta 1m 1s | process workers | examples 3737405 | q 1669964 t 424622 r 226903 
BC linear    [##########################--]  93.9% 37568/40000 |   40.9/s | elapsed 15m 18s | eta 59s | process workers | examples 3743511 | q 1672624 t 425378 r 227263   
BC linear    [##########################--]  94.2% 37696/40000 |   41.1/s | elapsed 15m 18s | eta 56s | process workers | examples 3756053 | q 1678173 t 426596 r 228054   
BC linear    [##########################--]  94.4% 37760/40000 |   41.1/s | elapsed 15m 18s | eta 54s | process workers | examples 3762235 | q 1680754 t 427612 r 228405   
BC linear    [##########################--]  94.6% 37824/40000 |   41.2/s | elapsed 15m 19s | eta 53s | process workers | examples 3768524 | q 1683623 t 428045 r 228838   
BC linear    [##########################--]  94.7% 37888/40000 |   41.2/s | elapsed 15m 19s | eta 51s | process workers | examples 3774914 | q 1686550 t 428799 r 229216   
BC linear    [##########################--]  94.9% 37952/40000 |   41.3/s | elapsed 15m 19s | eta 50s | process workers | examples 3781787 | q 1689865 t 429398 r 229616   
BC linear    [##########################--]  95.0% 38016/40000 |   41.3/s | elapsed 15m 20s | eta 48s | process workers | examples 3788800 | q 1693038 t 430183 r 230025   
BC linear    [##########################--]  95.2% 38080/40000 |   40.7/s | elapsed 15m 35s | eta 47s | process workers | examples 3794719 | q 1695546 t 430980 r 230405   
BC linear    [##########################--]  95.4% 38144/40000 |   40.8/s | elapsed 15m 36s | eta 46s | process workers | examples 3800791 | q 1698288 t 431662 r 230768   
BC linear    [##########################--]  95.5% 38208/40000 |   40.8/s | elapsed 15m 36s | eta 44s | process workers | examples 3807158 | q 1700911 t 432521 r 231157   
BC linear    [##########################--]  95.7% 38272/40000 |   40.9/s | elapsed 15m 36s | eta 42s | process workers | examples 3813209 | q 1703840 t 433010 r 231524   
BC linear    [##########################--]  95.8% 38336/40000 |   40.9/s | elapsed 15m 37s | eta 41s | process workers | examples 3819521 | q 1706718 t 433668 r 231904   
BC linear    [##########################--]  96.0% 38400/40000 |   41.0/s | elapsed 15m 37s | eta 39s | process workers | examples 3825822 | q 1709488 t 434485 r 232291   
BC linear    [##########################--]  96.2% 38464/40000 |   41.1/s | elapsed 15m 37s | eta 37s | process workers | examples 3832438 | q 1712333 t 435522 r 232663   
BC linear    [###########################-]  96.5% 38592/40000 |   41.2/s | elapsed 15m 37s | eta 34s | process workers | examples 3845761 | q 1718281 t 437230 r 233458   
BC linear    [###########################-]  96.6% 38656/40000 |   41.2/s | elapsed 15m 38s | eta 33s | process workers | examples 3852522 | q 1721322 t 438225 r 233818   
BC linear    [###########################-]  96.8% 38720/40000 |   41.3/s | elapsed 15m 38s | eta 31s | process workers | examples 3859195 | q 1724324 t 438848 r 234223   
BC linear    [###########################-]  97.0% 38784/40000 |   40.8/s | elapsed 15m 51s | eta 30s | process workers | examples 3865054 | q 1727072 t 439366 r 234576   
BC linear    [###########################-]  97.3% 38912/40000 |   40.9/s | elapsed 15m 52s | eta 27s | process workers | examples 3876590 | q 1732101 t 440726 r 235328   
BC linear    [###########################-]  97.6% 39040/40000 |   41.0/s | elapsed 15m 53s | eta 23s | process workers | examples 3888804 | q 1737743 t 441947 r 236080   
BC linear    [###########################-]  97.9% 39168/40000 |   41.1/s | elapsed 15m 53s | eta 20s | process workers | examples 3901267 | q 1743595 t 443290 r 236787   
BC linear    [###########################-]  98.2% 39296/40000 |   41.2/s | elapsed 15m 54s | eta 17s | process workers | examples 3913552 | q 1748962 t 444795 r 237551   
BC linear    [###########################-]  98.4% 39360/40000 |   41.3/s | elapsed 15m 54s | eta 16s | process workers | examples 3920369 | q 1751747 t 445959 r 237935   
BC linear    [###########################-]  98.6% 39424/40000 |   41.3/s | elapsed 15m 54s | eta 14s | process workers | examples 3927310 | q 1754892 t 446908 r 238316   
BC linear    [###########################-]  98.7% 39488/40000 |   40.8/s | elapsed 16m 8s | eta 13s | process workers | examples 3933258 | q 1757574 t 447608 r 238637    
BC linear    [###########################-]  98.9% 39552/40000 |   40.8/s | elapsed 16m 9s | eta 11s | process workers | examples 3939212 | q 1760351 t 448034 r 239027    
BC linear    [###########################-]  99.2% 39680/40000 |   41.0/s | elapsed 16m 9s | eta 8s | process workers | examples 3951241 | q 1765801 t 448980 r 239800     
BC linear    [###########################-]  99.4% 39744/40000 |   41.0/s | elapsed 16m 9s | eta 6s | process workers | examples 3957585 | q 1768674 t 449845 r 240165     
BC linear    [###########################-]  99.7% 39872/40000 |   41.2/s | elapsed 16m 9s | eta 3s | process workers | examples 3970574 | q 1774278 t 451649 r 240930     
BC linear    [############################] 100.0% 40000/40000 |   41.3/s | elapsed 16m 9s | process workers | examples 3983342 | q 1779932 t 453147 r 241691              
BC linear    [############################] 100.0% 40000/40000 |   41.3/s | elapsed 16m 9s | process workers | examples 3983342 | q 1779932 t 453147 r 241691              

PPO linea    [----------------------------]   0.0% 1/50000 |    3.5/s | elapsed 0s | eta 3h 55m 22s | process workers | seats 2 | tracked 15 | cur 1 hist 0 boot 0 teach 1 base 0 heur 0 | avg reward 0.000
PPO linea    [----------------------------]   0.0% 23/50000 |   46.8/s | elapsed 0s | eta 17m 48s | process workers | seats 4 | tracked 15 | cur 1 hist 0 boot 1 teach 1 base 1 heur 0 | avg reward 0.000  
PPO linea    [----------------------------]   0.1% 45/50000 |   65.7/s | elapsed 1s | eta 12m 40s | process workers | seats 10 | tracked 30 | cur 2 hist 1 boot 3 teach 2 base 1 heur 1 | avg reward 0.000 
PPO linea    [----------------------------]   0.1% 67/50000 |   77.5/s | elapsed 1s | eta 10m 44s | process workers | seats 10 | tracked 30 | cur 2 hist 1 boot 1 teach 4 base 0 heur 2 | avg reward 0.000 
PPO linea    [----------------------------]   0.2% 89/50000 |   83.1/s | elapsed 1s | eta 10m 1s | process workers | seats 6 | tracked 15 | cur 1 hist 1 boot 1 teach 1 base 2 heur 0 | avg reward 0.000   
PPO linea    [----------------------------]   0.2% 111/50000 |   87.1/s | elapsed 1s | eta 9m 33s | process workers | seats 2 | tracked 15 | cur 1 hist 0 boot 1 teach 0 base 0 heur 0 | avg reward 0.000  
PPO linea    [----------------------------]   0.3% 133/50000 |   89.8/s | elapsed 1s | eta 9m 15s | process workers | seats 6 | tracked 15 | cur 1 hist 0 boot 0 teach 3 base 2 heur 0 | avg reward -0.000 
PPO linea    [----------------------------]   0.3% 155/50000 |   93.6/s | elapsed 2s | eta 8m 52s | process workers | seats 4 | tracked 15 | cur 1 hist 2 boot 0 teach 1 base 0 heur 0 | avg reward 0.000  
PPO linea    [----------------------------]   0.4% 177/50000 |   95.1/s | elapsed 2s | eta 8m 44s | process workers | seats 10 | tracked 15 | cur 1 hist 0 boot 3 teach 6 base 0 heur 0 | avg reward -0.000
PPO linea    [----------------------------]   0.4% 199/50000 |   97.3/s | elapsed 2s | eta 8m 32s | process workers | seats 4 | tracked 15 | cur 1 hist 0 boot 0 teach 2 base 1 heur 0 | avg reward 0.000  
PPO linea    [----------------------------]   0.4% 221/50000 |   99.0/s | elapsed 2s | eta 8m 23s | process workers | seats 4 | tracked 15 | cur 1 hist 2 boot 0 teach 1 base 0 heur 0 | avg reward 0.000  
PPO linea    [----------------------------]   0.5% 243/50000 |   98.7/s | elapsed 2s | eta 8m 24s | process workers | seats 4 | tracked 15 | cur 1 hist 1 boot 0 teach 2 base 0 heur 0 | avg reward 0.000  
PPO linea    [----------------------------]   0.5% 265/50000 |  100.5/s | elapsed 3s | eta 8m 15s | process workers | seats 2 | tracked 15 | cur 1 hist 0 boot 0 teach 1 base 0 heur 0 | avg reward 0.000  
PPO linea    [----------------------------]   0.6% 287/50000 |  101.7/s | elapsed 3s | eta 8m 9s | process workers | seats 6 | tracked 15 | cur 1 hist 1 boot 0 teach 3 base 1 heur 0 | avg reward 0.000   
PPO linea    [----------------------------]   0.6% 309/50000 |  102.1/s | elapsed 3s | eta 8m 7s | process workers | seats 8 | tracked 15 | cur 1 hist 1 boot 2 teach 3 base 1 heur 0 | avg reward 0.000   
PPO linea    [----------------------------]   0.7% 331/50000 |  102.3/s | elapsed 3s | eta 8m 6s | process workers | seats 4 | tracked 15 | cur 1 hist 0 boot 1 teach 2 base 0 heur 0 | avg reward 0.000   
PPO linea    [----------------------------]   0.7% 353/50000 |  103.5/s | elapsed 3s | eta 8m 0s | process workers | seats 8 | tracked 15 | cur 1 hist 2 boot 3 teach 1 base 0 heur 1 | avg reward -0.000  
PPO linea    [----------------------------]   0.8% 375/50000 |  103.6/s | elapsed 4s | eta 7m 59s | process workers | seats 6 | tracked 15 | cur 1 hist 1 boot 2 teach 0 base 0 heur 2 | avg reward -0.000 
PPO linea    [----------------------------]   0.8% 397/50000 |  103.5/s | elapsed 4s | eta 7m 59s | process workers | seats 6 | tracked 15 | cur 1 hist 1 boot 0 teach 2 base 2 heur 0 | avg reward -0.000 
PPO linea    [----------------------------]   0.8% 419/50000 |  104.0/s | elapsed 4s | eta 7m 57s | process workers | seats 8 | tracked 15 | cur 1 hist 3 boot 1 teach 2 base 1 heur 0 | avg reward -0.000 
PPO linea    [----------------------------]   0.9% 441/50000 |  104.0/s | elapsed 4s | eta 7m 57s | process workers | seats 4 | tracked 15 | cur 1 hist 0 boot 0 teach 2 base 0 heur 1 | avg reward -0.000 
PPO linea    [----------------------------]   0.9% 463/50000 |  104.2/s | elapsed 4s | eta 7m 55s | process workers | seats 4 | tracked 15 | cur 1 hist 1 boot 1 teach 1 base 0 heur 0 | avg reward -0.000 
PPO linea    [----------------------------]   1.0% 485/50000 |  105.0/s | elapsed 5s | eta 7m 51s | process workers | seats 8 | tracked 15 | cur 1 hist 2 boot 1 teach 1 base 2 heur 1 | avg reward -0.000 
PPO linea    [----------------------------]   1.0% 507/50000 |  104.7/s | elapsed 5s | eta 7m 53s | process workers | seats 10 | tracked 15 | cur 1 hist 2 boot 1 teach 5 base 0 heur 1 | avg reward -0.000
PPO linea    [----------------------------]   1.1% 529/50000 |  104.9/s | elapsed 5s | eta 7m 51s | process workers | seats 10 | tracked 30 | cur 2 hist 3 boot 0 teach 5 base 0 heur 0 | avg reward -0.000
PPO linea    [----------------------------]   1.1% 551/50000 |  105.0/s | elapsed 5s | eta 7m 51s | process workers | seats 4 | tracked 15 | cur 1 hist 0 boot 0 teach 3 base 0 heur 0 | avg reward -0.000 
PPO linea    [----------------------------]   1.1% 573/50000 |  105.9/s | elapsed 5s | eta 7m 47s | process workers | seats 8 | tracked 30 | cur 2 hist 4 boot 1 teach 0 base 0 heur 1 | avg reward -0.000 
PPO linea    [----------------------------]   1.2% 595/50000 |  105.8/s | elapsed 6s | eta 7m 47s | process workers | seats 6 | tracked 15 | cur 1 hist 1 boot 0 teach 3 base 1 heur 0 | avg reward -0.000 
PPO linea    [----------------------------]   1.2% 617/50000 |  106.4/s | elapsed 6s | eta 7m 44s | process workers | seats 10 | tracked 30 | cur 2 hist 0 boot 1 teach 2 base 3 heur 2 | avg reward -0.000
PPO linea    [----------------------------]   1.3% 639/50000 |  107.2/s | elapsed 6s | eta 7m 40s | process workers | seats 4 | tracked 15 | cur 1 hist 0 boot 0 teach 1 base 2 heur 0 | avg reward -0.000 
PPO linea    [----------------------------]   1.3% 661/50000 |  107.0/s | elapsed 6s | eta 7m 41s | process workers | seats 2 | tracked 15 | cur 1 hist 0 boot 1 teach 0 base 0 heur 0 | avg reward -0.000 
PPO linea    [----------------------------]   1.4% 683/50000 |  107.7/s | elapsed 6s | eta 7m 38s | process workers | seats 6 | tracked 15 | cur 1 hist 1 boot 1 teach 3 base 0 heur 0 | avg reward -0.000 
PPO linea    [----------------------------]   1.4% 705/50000 |  107.9/s | elapsed 7s | eta 7m 37s | process workers | seats 8 | tracked 30 | cur 2 hist 1 boot 0 teach 2 base 1 heur 2 | avg reward -0.000 
PPO linea    [----------------------------]   1.5% 727/50000 |  108.2/s | elapsed 7s | eta 7m 35s | process workers | seats 8 | tracked 30 | cur 2 hist 0 boot 2 teach 1 base 2 heur 1 | avg reward -0.000 
PPO linea    [----------------------------]   1.5% 749/50000 |  107.8/s | elapsed 7s | eta 7m 37s | process workers | seats 8 | tracked 30 | cur 2 hist 2 boot 1 teach 1 base 2 heur 0 | avg reward -0.000 
PPO linea    [----------------------------]   1.5% 771/50000 |  108.2/s | elapsed 7s | eta 7m 35s | process workers | seats 6 | tracked 15 | cur 1 hist 0 boot 0 teach 4 base 1 heur 0 | avg reward -0.000 
PPO linea    [----------------------------]   1.6% 793/50000 |  108.6/s | elapsed 7s | eta 7m 33s | process workers | seats 10 | tracked 30 | cur 2 hist 0 boot 3 teach 5 base 0 heur 0 | avg reward -0.000
PPO linea    [----------------------------]   1.6% 815/50000 |  108.7/s | elapsed 7s | eta 7m 33s | process workers | seats 6 | tracked 15 | cur 1 hist 2 boot 0 teach 2 base 1 heur 0 | avg reward -0.000 
PPO linea    [----------------------------]   1.7% 837/50000 |  109.2/s | elapsed 8s | eta 7m 30s | process workers | seats 4 | tracked 15 | cur 1 hist 0 boot 1 teach 2 base 0 heur 0 | avg reward -0.000 
PPO linea    [----------------------------]   1.7% 859/50000 |  109.3/s | elapsed 8s | eta 7m 30s | process workers | seats 2 | tracked 15 | cur 1 hist 0 boot 0 teach 1 base 0 heur 0 | avg reward -0.000 
PPO linea    [----------------------------]   1.8% 881/50000 |  109.2/s | elapsed 8s | eta 7m 30s | process workers | seats 4 | tracked 15 | cur 1 hist 1 boot 1 teach 1 base 0 heur 0 | avg reward -0.000 
PPO linea    [----------------------------]   1.8% 903/50000 |  109.4/s | elapsed 8s | eta 7m 29s | process workers | seats 8 | tracked 15 | cur 1 hist 1 boot 1 teach 3 base 1 heur 1 | avg reward -0.000 
PPO linea    [----------------------------]   1.8% 925/50000 |  109.7/s | elapsed 8s | eta 7m 28s | process workers | seats 10 | tracked 15 | cur 1 hist 1 boot 2 teach 4 base 0 heur 2 | avg reward -0.000
PPO linea    [----------------------------]   1.9% 947/50000 |  109.6/s | elapsed 9s | eta 7m 28s | process workers | seats 10 | tracked 15 | cur 1 hist 3 boot 0 teach 6 base 0 heur 0 | avg reward -0.000
PPO linea    [----------------------------]   1.9% 969/50000 |  109.5/s | elapsed 9s | eta 7m 28s | process workers | seats 10 | tracked 15 | cur 1 hist 2 boot 1 teach 6 base 0 heur 0 | avg reward -0.000
PPO linea    [----------------------------]   2.0% 991/50000 |  109.9/s | elapsed 9s | eta 7m 26s | process workers | seats 4 | tracked 15 | cur 1 hist 0 boot 1 teach 1 base 1 heur 0 | avg reward -0.000 
PPO linea    [----------------------------]   2.0% 1013/50000 |  109.6/s | elapsed 9s | eta 7m 27s | process workers | seats 4 | tracked 15 | cur 1 hist 1 boot 0 teach 1 base 0 heur 1 | avg reward -0.000
PPO linea    [----------------------------]   2.1% 1035/50000 |  109.7/s | elapsed 9s | eta 7m 26s | process workers | seats 4 | tracked 15 | cur 1 hist 0 boot 1 teach 1 base 0 heur 1 | avg reward -0.000
PPO linea    [----------------------------]   2.1% 1057/50000 |  109.1/s | elapsed 10s | eta 7m 29s | process workers | seats 6 | tracked 15 | cur 1 hist 1 boot 1 teach 1 base 1 heur 1 | avg reward -0.000
PPO linea    [----------------------------]   2.2% 1079/50000 |  109.0/s | elapsed 10s | eta 7m 29s | process workers | seats 6 | tracked 15 | cur 1 hist 1 boot 1 teach 3 base 0 heur 0 | avg reward -0.000
PPO linea    [----------------------------]   2.2% 1101/50000 |  108.9/s | elapsed 10s | eta 7m 29s | process workers | seats 10 | tracked 30 | cur 2 hist 0 boot 3 teach 4 base 0 heur 1 | avg reward -0.000
PPO linea    [----------------------------]   2.2% 1123/50000 |  109.1/s | elapsed 10s | eta 7m 28s | process workers | seats 8 | tracked 30 | cur 2 hist 3 boot 0 teach 3 base 0 heur 0 | avg reward -0.000 
PPO linea    [----------------------------]   2.3% 1145/50000 |  108.8/s | elapsed 11s | eta 7m 29s | process workers | seats 8 | tracked 30 | cur 2 hist 1 boot 2 teach 2 base 0 heur 1 | avg reward -0.000 
PPO linea    [----------------------------]   2.3% 1167/50000 |  108.8/s | elapsed 11s | eta 7m 29s | process workers | seats 8 | tracked 30 | cur 2 hist 2 boot 1 teach 3 base 0 heur 0 | avg reward -0.000 
PPO linea    [----------------------------]   2.4% 1189/50000 |  109.1/s | elapsed 11s | eta 7m 27s | process workers | seats 10 | tracked 30 | cur 2 hist 4 boot 0 teach 3 base 0 heur 1 | avg reward -0.000
PPO linea    [----------------------------]   2.4% 1211/50000 |  108.9/s | elapsed 11s | eta 7m 28s | process workers | seats 10 | tracked 30 | cur 2 hist 2 boot 1 teach 2 base 0 heur 3 | avg reward -0.000
PPO linea    [----------------------------]   2.5% 1233/50000 |  109.3/s | elapsed 11s | eta 7m 26s | process workers | seats 8 | tracked 15 | cur 1 hist 1 boot 1 teach 3 base 1 heur 1 | avg reward -0.000 
PPO linea    [----------------------------]   2.5% 1255/50000 |  109.2/s | elapsed 11s | eta 7m 26s | process workers | seats 6 | tracked 15 | cur 1 hist 2 boot 0 teach 3 base 0 heur 0 | avg reward -0.000 
PPO linea    [----------------------------]   2.6% 1277/50000 |  109.1/s | elapsed 12s | eta 7m 26s | process workers | seats 6 | tracked 15 | cur 1 hist 4 boot 0 teach 1 base 0 heur 0 | avg reward -0.000 
PPO linea    [----------------------------]   2.6% 1299/50000 |  109.4/s | elapsed 12s | eta 7m 25s | process workers | seats 8 | tracked 15 | cur 1 hist 0 boot 3 teach 1 base 3 heur 0 | avg reward -0.000 
PPO linea    [----------------------------]   2.6% 1321/50000 |  109.3/s | elapsed 12s | eta 7m 25s | process workers | seats 4 | tracked 15 | cur 1 hist 2 boot 0 teach 1 base 0 heur 0 | avg reward -0.000 
PPO linea    [----------------------------]   2.7% 1343/50000 |  109.2/s | elapsed 12s | eta 7m 26s | process workers | seats 10 | tracked 30 | cur 2 hist 3 boot 1 teach 4 base 0 heur 0 | avg reward -0.000
PPO linea    [----------------------------]   2.7% 1365/50000 |  109.0/s | elapsed 13s | eta 7m 26s | process workers | seats 8 | tracked 15 | cur 1 hist 3 boot 3 teach 1 base 0 heur 0 | avg reward -0.000 
PPO linea    [----------------------------]   2.8% 1387/50000 |  108.9/s | elapsed 13s | eta 7m 26s | process workers | seats 2 | tracked 15 | cur 1 hist 0 boot 1 teach 0 base 0 heur 0 | avg reward -0.000 
PPO linea    [----------------------------]   2.8% 1409/50000 |  108.9/s | elapsed 13s | eta 7m 26s | process workers | seats 10 | tracked 15 | cur 1 hist 2 boot 1 teach 4 base 2 heur 0 | avg reward -0.000
PPO linea    [----------------------------]   2.9% 1431/50000 |  108.5/s | elapsed 13s | eta 7m 28s | process workers | seats 10 | tracked 30 | cur 2 hist 1 boot 1 teach 5 base 1 heur 0 | avg reward -0.000
PPO linea    [----------------------------]   2.9% 1453/50000 |  108.6/s | elapsed 13s | eta 7m 27s | process workers | seats 2 | tracked 15 | cur 1 hist 0 boot 1 teach 0 base 0 heur 0 | avg reward -0.000 
PPO linea    [----------------------------]   2.9% 1475/50000 |  108.6/s | elapsed 14s | eta 7m 27s | process workers | seats 6 | tracked 15 | cur 1 hist 0 boot 0 teach 3 base 1 heur 1 | avg reward -0.000 
PPO linea    [----------------------------]   3.0% 1497/50000 |  108.5/s | elapsed 14s | eta 7m 27s | process workers | seats 6 | tracked 15 | cur 1 hist 0 boot 1 teach 4 base 0 heur 0 | avg reward -0.000 
PPO linea    [----------------------------]   3.0% 1519/50000 |  108.7/s | elapsed 14s | eta 7m 26s | process workers | seats 4 | tracked 15 | cur 1 hist 1 boot 1 teach 0 base 0 heur 1 | avg reward -0.000 
PPO linea    [----------------------------]   3.1% 1541/50000 |  108.9/s | elapsed 14s | eta 7m 25s | process workers | seats 2 | tracked 15 | cur 1 hist 0 boot 0 teach 1 base 0 heur 0 | avg reward -0.000 
PPO linea    [----------------------------]   3.1% 1563/50000 |  108.8/s | elapsed 14s | eta 7m 25s | process workers | seats 10 | tracked 15 | cur 1 hist 3 boot 1 teach 3 base 2 heur 0 | avg reward -0.000
PPO linea    [----------------------------]   3.2% 1585/50000 |  108.8/s | elapsed 15s | eta 7m 25s | process workers | seats 4 | tracked 15 | cur 1 hist 1 boot 1 teach 1 base 0 heur 0 | avg reward -0.000 
PPO linea    [----------------------------]   3.2% 1607/50000 |  108.8/s | elapsed 15s | eta 7m 25s | process workers | seats 10 | tracked 30 | cur 2 hist 1 boot 2 teach 3 base 1 heur 1 | avg reward -0.000
PPO linea    [----------------------------]   3.3% 1629/50000 |  108.7/s | elapsed 15s | eta 7m 25s | process workers | seats 4 | tracked 15 | cur 1 hist 0 boot 0 teach 1 base 1 heur 1 | avg reward -0.000 
PPO linea    [----------------------------]   3.3% 1651/50000 |  108.7/s | elapsed 15s | eta 7m 25s | process workers | seats 4 | tracked 15 | cur 1 hist 1 boot 0 teach 0 base 2 heur 0 | avg reward -0.000 
PPO linea    [----------------------------]   3.3% 1673/50000 |  108.6/s | elapsed 15s | eta 7m 25s | process workers | seats 10 | tracked 30 | cur 2 hist 2 boot 0 teach 5 base 1 heur 0 | avg reward -0.000
PPO linea    [----------------------------]   3.4% 1695/50000 |  108.7/s | elapsed 16s | eta 7m 25s | process workers | seats 10 | tracked 15 | cur 1 hist 3 boot 2 teach 3 base 0 heur 1 | avg reward -0.000
PPO linea    [----------------------------]   3.4% 1717/50000 |  108.7/s | elapsed 16s | eta 7m 24s | process workers | seats 10 | tracked 30 | cur 2 hist 1 boot 2 teach 4 base 1 heur 0 | avg reward -0.000
PPO linea    [----------------------------]   3.5% 1739/50000 |  108.7/s | elapsed 16s | eta 7m 24s | process workers | seats 4 | tracked 15 | cur 1 hist 1 boot 0 teach 0 base 0 heur 2 | avg reward -0.000 
PPO linea    [----------------------------]   3.5% 1761/50000 |  109.0/s | elapsed 16s | eta 7m 23s | process workers | seats 6 | tracked 15 | cur 1 hist 0 boot 2 teach 2 base 1 heur 0 | avg reward -0.000 
PPO linea    [----------------------------]   3.6% 1783/50000 |  109.1/s | elapsed 16s | eta 7m 22s | process workers | seats 2 | tracked 15 | cur 1 hist 0 boot 0 teach 1 base 0 heur 0 | avg reward -0.000 
PPO linea    [#---------------------------]   3.6% 1805/50000 |  109.0/s | elapsed 17s | eta 7m 22s | process workers | seats 4 | tracked 15 | cur 1 hist 1 boot 1 teach 1 base 0 heur 0 | avg reward -0.000 
PPO linea    [#---------------------------]   3.7% 1827/50000 |  108.9/s | elapsed 17s | eta 7m 22s | process workers | seats 10 | tracked 30 | cur 2 hist 1 boot 1 teach 4 base 1 heur 1 | avg reward -0.000
PPO linea    [#---------------------------]   3.7% 1849/50000 |  108.9/s | elapsed 17s | eta 7m 22s | process workers | seats 4 | tracked 15 | cur 1 hist 1 boot 0 teach 2 base 0 heur 0 | avg reward -0.000 
PPO linea    [#---------------------------]   3.7% 1871/50000 |  108.9/s | elapsed 17s | eta 7m 22s | process workers | seats 10 | tracked 30 | cur 2 hist 1 boot 1 teach 4 base 1 heur 1 | avg reward -0.000
PPO linea    [#---------------------------]   3.8% 1893/50000 |  108.8/s | elapsed 17s | eta 7m 22s | process workers | seats 6 | tracked 15 | cur 1 hist 0 boot 0 teach 4 base 1 heur 0 | avg reward -0.000 
PPO linea    [#---------------------------]   3.8% 1915/50000 |  108.8/s | elapsed 18s | eta 7m 22s | process workers | seats 10 | tracked 15 | cur 1 hist 4 boot 0 teach 4 base 0 heur 1 | avg reward -0.000
PPO linea    [#---------------------------]   3.9% 1937/50000 |  108.9/s | elapsed 18s | eta 7m 21s | process workers | seats 10 | tracked 15 | cur 1 hist 4 boot 0 teach 4 base 1 heur 0 | avg reward -0.000
PPO linea    [#---------------------------]   3.9% 1959/50000 |  108.8/s | elapsed 18s | eta 7m 22s | process workers | seats 10 | tracked 15 | cur 1 hist 2 boot 3 teach 4 base 0 heur 0 | avg reward -0.000
PPO linea    [#---------------------------]   4.0% 1981/50000 |  108.6/s | elapsed 18s | eta 7m 22s | process workers | seats 10 | tracked 15 | cur 1 hist 5 boot 1 teach 2 base 1 heur 0 | avg reward -0.000
PPO linea    [#---------------------------]   4.0% 2003/50000 |  108.6/s | elapsed 18s | eta 7m 22s | process workers | seats 8 | tracked 15 | cur 1 hist 1 boot 2 teach 3 base 1 heur 0 | avg reward -0.000 
PPO linea    [#---------------------------]   4.0% 2025/50000 |  108.7/s | elapsed 19s | eta 7m 21s | process workers | seats 6 | tracked 15 | cur 1 hist 0 boot 1 teach 3 base 0 heur 1 | avg reward -0.000 
PPO linea    [#---------------------------]   4.1% 2047/50000 |  108.7/s | elapsed 19s | eta 7m 21s | process workers | seats 10 | tracked 15 | cur 1 hist 2 boot 0 teach 3 base 3 heur 1 | avg reward -0.000
PPO linea    [#---------------------------]   4.1% 2069/50000 |  108.9/s | elapsed 19s | eta 7m 20s | process workers | seats 4 | tracked 15 | cur 1 hist 1 boot 0 teach 1 base 0 heur 1 | avg reward -0.000 
PPO linea    [#---------------------------]   4.2% 2091/50000 |  108.7/s | elapsed 19s | eta 7m 21s | process workers | seats 10 | tracked 15 | cur 1 hist 1 boot 2 teach 5 base 1 heur 0 | avg reward -0.000
PPO linea    [#---------------------------]   4.2% 2113/50000 |  108.8/s | elapsed 19s | eta 7m 20s | process workers | seats 10 | tracked 15 | cur 1 hist 1 boot 2 teach 4 base 1 heur 1 | avg reward -0.000
PPO linea    [#---------------------------]   4.3% 2135/50000 |  108.8/s | elapsed 20s | eta 7m 20s | process workers | seats 4 | tracked 15 | cur 1 hist 1 boot 0 teach 2 base 0 heur 0 | avg reward -0.000 
PPO linea    [#---------------------------]   4.3% 2157/50000 |  108.9/s | elapsed 20s | eta 7m 19s | process workers | seats 4 | tracked 15 | cur 1 hist 1 boot 1 teach 1 base 0 heur 0 | avg reward -0.000 
PPO linea    [#---------------------------]   4.4% 2179/50000 |  109.0/s | elapsed 20s | eta 7m 19s | process workers | seats 4 | tracked 15 | cur 1 hist 1 boot 1 teach 0 base 0 heur 1 | avg reward -0.000 
PPO linea    [#---------------------------]   4.4% 2201/50000 |  108.9/s | elapsed 20s | eta 7m 19s | process workers | seats 8 | tracked 30 | cur 2 hist 1 boot 1 teach 3 base 1 heur 0 | avg reward -0.000 
PPO linea    [#---------------------------]   4.4% 2223/50000 |  108.8/s | elapsed 20s | eta 7m 19s | process workers | seats 4 | tracked 15 | cur 1 hist 1 boot 0 teach 0 base 1 heur 1 | avg reward -0.000 
PPO linea    [#---------------------------]   4.5% 2245/50000 |  108.8/s | elapsed 21s | eta 7m 19s | process workers | seats 10 | tracked 15 | cur 1 hist 2 boot 1 teach 6 base 0 heur 0 | avg reward -0.000
PPO linea    [#---------------------------]   4.5% 2267/50000 |  108.7/s | elapsed 21s | eta 7m 19s | process workers | seats 10 | tracked 15 | cur 1 hist 2 boot 1 teach 5 base 0 heur 1 | avg reward -0.000
PPO linea    [#---------------------------]   4.6% 2289/50000 |  108.7/s | elapsed 21s | eta 7m 19s | process workers | seats 4 | tracked 15 | cur 1 hist 0 boot 1 teach 2 base 0 heur 0 | avg reward -0.000 
PPO linea    [#---------------------------]   4.6% 2311/50000 |  108.7/s | elapsed 21s | eta 7m 19s | process workers | seats 8 | tracked 15 | cur 1 hist 0 boot 1 teach 4 base 1 heur 1 | avg reward -0.000 
PPO linea    [#---------------------------]   4.7% 2333/50000 |  108.7/s | elapsed 21s | eta 7m 19s | process workers | seats 8 | tracked 30 | cur 2 hist 1 boot 1 teach 4 base 0 heur 0 | avg reward -0.000 
PPO linea    [#---------------------------]   4.7% 2355/50000 |  108.7/s | elapsed 22s | eta 7m 18s | process workers | seats 10 | tracked 15 | cur 1 hist 2 boot 1 teach 4 base 2 heur 0 | avg reward -0.000
PPO linea    [#---------------------------]   4.8% 2377/50000 |  108.6/s | elapsed 22s | eta 7m 18s | process workers | seats 6 | tracked 15 | cur 1 hist 2 boot 1 teach 1 base 0 heur 1 | avg reward -0.000 
PPO linea    [#---------------------------]   4.8% 2399/50000 |  108.6/s | elapsed 22s | eta 7m 18s | process workers | seats 10 | tracked 30 | cur 2 hist 1 boot 2 teach 4 base 1 heur 0 | avg reward -0.000
PPO linea    [#---------------------------]   4.8% 2421/50000 |  108.7/s | elapsed 22s | eta 7m 18s | process workers | seats 6 | tracked 15 | cur 1 hist 3 boot 0 teach 1 base 1 heur 0 | avg reward -0.000 
PPO linea    [#---------------------------]   4.9% 2443/50000 |  108.6/s | elapsed 22s | eta 7m 18s | process workers | seats 4 | tracked 15 | cur 1 hist 1 boot 0 teach 2 base 0 heur 0 | avg reward -0.000 
PPO linea    [#---------------------------]   4.9% 2465/50000 |  108.5/s | elapsed 23s | eta 7m 18s | process workers | seats 8 | tracked 30 | cur 2 hist 1 boot 0 teach 4 base 1 heur 0 | avg reward -0.000 
PPO linea    [#---------------------------]   5.0% 2487/50000 |  108.6/s | elapsed 23s | eta 7m 18s | process workers | seats 2 | tracked 15 | cur 1 hist 1 boot 0 teach 0 base 0 heur 0 | avg reward -0.000 
PPO linea    [#---------------------------]   5.0% 2509/50000 |  108.5/s | elapsed 23s | eta 7m 18s | process workers | seats 10 | tracked 15 | cur 1 hist 1 boot 1 teach 7 base 0 heur 0 | avg reward -0.000
PPO linea    [#---------------------------]   5.1% 2531/50000 |  108.7/s | elapsed 23s | eta 7m 17s | process workers | seats 4 | tracked 15 | cur 1 hist 1 boot 0 teach 2 base 0 heur 0 | avg reward -0.000 
PPO linea    [#---------------------------]   5.1% 2553/50000 |  108.6/s | elapsed 24s | eta 7m 17s | process workers | seats 10 | tracked 15 | cur 1 hist 0 boot 4 teach 4 base 0 heur 1 | avg reward -0.000
PPO linea    [#---------------------------]   5.1% 2575/50000 |  108.4/s | elapsed 24s | eta 7m 17s | process workers | seats 10 | tracked 15 | cur 1 hist 1 boot 1 teach 5 base 1 heur 1 | avg reward -0.000
PPO linea    [#---------------------------]   5.2% 2597/50000 |  108.4/s | elapsed 24s | eta 7m 17s | process workers | seats 4 | tracked 15 | cur 1 hist 0 boot 0 teach 3 base 0 heur 0 | avg reward -0.000 
PPO linea    [#---------------------------]   5.2% 2619/50000 |  108.5/s | elapsed 24s | eta 7m 17s | process workers | seats 4 | tracked 15 | cur 1 hist 1 boot 1 teach 0 base 1 heur 0 | avg reward -0.000 
PPO linea    [#---------------------------]   5.3% 2641/50000 |  108.5/s | elapsed 24s | eta 7m 16s | process workers | seats 10 | tracked 15 | cur 1 hist 1 boot 3 teach 3 base 2 heur 0 | avg reward -0.000
PPO linea    [#---------------------------]   5.3% 2663/50000 |  108.7/s | elapsed 25s | eta 7m 16s | process workers | seats 10 | tracked 30 | cur 2 hist 1 boot 2 teach 5 base 0 heur 0 | avg reward -0.000
PPO linea    [#---------------------------]   5.4% 2685/50000 |  108.6/s | elapsed 25s | eta 7m 16s | process workers | seats 4 | tracked 15 | cur 1 hist 1 boot 2 teach 0 base 0 heur 0 | avg reward -0.000 
PPO linea    [#---------------------------]   5.4% 2707/50000 |  108.7/s | elapsed 25s | eta 7m 15s | process workers | seats 2 | tracked 15 | cur 1 hist 0 boot 0 teach 1 base 0 heur 0 | avg reward -0.000 
PPO linea    [#---------------------------]   5.5% 2729/50000 |  108.6/s | elapsed 25s | eta 7m 15s | process workers | seats 8 | tracked 15 | cur 1 hist 2 boot 1 teach 2 base 1 heur 1 | avg reward -0.000 
PPO linea    [#---------------------------]   5.5% 2751/50000 |  108.5/s | elapsed 25s | eta 7m 16s | process workers | seats 10 | tracked 15 | cur 1 hist 4 boot 1 teach 3 base 1 heur 0 | avg reward -0.000
PPO linea    [#---------------------------]   5.5% 2773/50000 |  108.5/s | elapsed 26s | eta 7m 15s | process workers | seats 6 | tracked 15 | cur 1 hist 1 boot 0 teach 2 base 2 heur 0 | avg reward -0.000 
PPO linea    [#---------------------------]   5.6% 2795/50000 |  108.6/s | elapsed 26s | eta 7m 15s | process workers | seats 10 | tracked 15 | cur 1 hist 2 boot 0 teach 6 base 1 heur 0 | avg reward -0.000
PPO linea    [#---------------------------]   5.6% 2817/50000 |  108.6/s | elapsed 26s | eta 7m 14s | process workers | seats 6 | tracked 15 | cur 1 hist 1 boot 2 teach 1 base 0 heur 1 | avg reward -0.000 
PPO linea    [#---------------------------]   5.7% 2839/50000 |  108.5/s | elapsed 26s | eta 7m 15s | process workers | seats 4 | tracked 15 | cur 1 hist 0 boot 0 teach 1 base 2 heur 0 | avg reward -0.000 
PPO linea    [#---------------------------]   5.7% 2861/50000 |  108.4/s | elapsed 26s | eta 7m 15s | process workers | seats 4 | tracked 15 | cur 1 hist 3 boot 0 teach 0 base 0 heur 0 | avg reward -0.000 
PPO linea    [#---------------------------]   5.8% 2883/50000 |  108.3/s | elapsed 27s | eta 7m 15s | process workers | seats 10 | tracked 15 | cur 1 hist 1 boot 1 teach 3 base 4 heur 0 | avg reward -0.000
PPO linea    [#---------------------------]   5.8% 2905/50000 |  108.3/s | elapsed 27s | eta 7m 15s | process workers | seats 4 | tracked 15 | cur 1 hist 2 boot 0 teach 1 base 0 heur 0 | avg reward -0.000 
PPO linea    [#---------------------------]   5.9% 2927/50000 |  108.3/s | elapsed 27s | eta 7m 14s | process workers | seats 4 | tracked 15 | cur 1 hist 1 boot 1 teach 1 base 0 heur 0 | avg reward -0.000 
PPO linea    [#---------------------------]   5.9% 2949/50000 |  108.4/s | elapsed 27s | eta 7m 14s | process workers | seats 8 | tracked 30 | cur 2 hist 2 boot 1 teach 1 base 2 heur 0 | avg reward -0.000 
PPO linea    [#---------------------------]   5.9% 2971/50000 |  108.2/s | elapsed 27s | eta 7m 15s | process workers | seats 6 | tracked 15 | cur 1 hist 1 boot 1 teach 2 base 1 heur 0 | avg reward -0.000 
PPO linea    [#---------------------------]   6.0% 2993/50000 |  108.2/s | elapsed 28s | eta 7m 14s | process workers | seats 2 | tracked 15 | cur 1 hist 0 boot 1 teach 0 base 0 heur 0 | avg reward -0.000 
PPO linea    [#---------------------------]   6.0% 3015/50000 |  108.1/s | elapsed 28s | eta 7m 14s | process workers | seats 2 | tracked 15 | cur 1 hist 0 boot 1 teach 0 base 0 heur 0 | avg reward -0.000 
PPO linea    [#---------------------------]   6.1% 3037/50000 |  108.2/s | elapsed 28s | eta 7m 14s | process workers | seats 6 | tracked 15 | cur 1 hist 0 boot 1 teach 2 base 2 heur 0 | avg reward -0.000 
PPO linea    [#---------------------------]   6.1% 3059/50000 |  108.1/s | elapsed 28s | eta 7m 14s | process workers | seats 4 | tracked 15 | cur 1 hist 1 boot 0 teach 1 base 1 heur 0 | avg reward -0.000 
PPO linea    [#---------------------------]   6.2% 3081/50000 |  108.2/s | elapsed 28s | eta 7m 14s | process workers | seats 4 | tracked 15 | cur 1 hist 0 boot 1 teach 2 base 0 heur 0 | avg reward -0.000 
PPO linea    [#---------------------------]   6.2% 3103/50000 |  108.2/s | elapsed 29s | eta 7m 14s | process workers | seats 10 | tracked 15 | cur 1 hist 1 boot 2 teach 5 base 1 heur 0 | avg reward -0.000
PPO linea    [#---------------------------]   6.2% 3125/50000 |  108.2/s | elapsed 29s | eta 7m 13s | process workers | seats 4 | tracked 15 | cur 1 hist 1 boot 0 teach 2 base 0 heur 0 | avg reward -0.000 
PPO linea    [#---------------------------]   6.3% 3147/50000 |  108.1/s | elapsed 29s | eta 7m 14s | process workers | seats 10 | tracked 30 | cur 2 hist 3 boot 1 teach 4 base 0 heur 0 | avg reward -0.000
PPO linea    [#---------------------------]   6.3% 3169/50000 |  108.1/s | elapsed 29s | eta 7m 13s | process workers | seats 10 | tracked 15 | cur 1 hist 1 boot 2 teach 4 base 1 heur 1 | avg reward -0.000
PPO linea    [#---------------------------]   6.4% 3191/50000 |  108.1/s | elapsed 30s | eta 7m 13s | process workers | seats 6 | tracked 15 | cur 1 hist 1 boot 1 teach 0 base 3 heur 0 | avg reward -0.000 
PPO linea    [#---------------------------]   6.4% 3213/50000 |  108.1/s | elapsed 30s | eta 7m 13s | process workers | seats 10 | tracked 15 | cur 1 hist 2 boot 3 teach 2 base 1 heur 1 | avg reward -0.000
PPO linea    [#---------------------------]   6.5% 3235/50000 |  107.8/s | elapsed 30s | eta 7m 14s | process workers | seats 10 | tracked 30 | cur 2 hist 3 boot 1 teach 4 base 0 heur 0 | avg reward -0.000
PPO linea    [#---------------------------]   6.5% 3257/50000 |  107.9/s | elapsed 30s | eta 7m 13s | process workers | seats 4 | tracked 15 | cur 1 hist 2 boot 0 teach 1 base 0 heur 0 | avg reward -0.000 
PPO linea    [#---------------------------]   6.6% 3279/50000 |  107.9/s | elapsed 30s | eta 7m 13s | process workers | seats 4 | tracked 15 | cur 1 hist 1 boot 0 teach 0 base 2 heur 0 | avg reward -0.000 
PPO linea    [#---------------------------]   6.6% 3301/50000 |  107.9/s | elapsed 31s | eta 7m 13s | process workers | seats 6 | tracked 15 | cur 1 hist 0 boot 1 teach 2 base 2 heur 0 | avg reward -0.000 
PPO linea    [#---------------------------]   6.6% 3323/50000 |  108.0/s | elapsed 31s | eta 7m 12s | process workers | seats 6 | tracked 15 | cur 1 hist 1 boot 1 teach 2 base 0 heur 1 | avg reward -0.000 
PPO linea    [#---------------------------]   6.7% 3345/50000 |  108.1/s | elapsed 31s | eta 7m 12s | process workers | seats 2 | tracked 15 | cur 1 hist 0 boot 0 teach 1 base 0 heur 0 | avg reward -0.000 
PPO linea    [#---------------------------]   6.7% 3367/50000 |  108.1/s | elapsed 31s | eta 7m 11s | process workers | seats 6 | tracked 15 | cur 1 hist 1 boot 0 teach 4 base 0 heur 0 | avg reward -0.000 
PPO linea    [#---------------------------]   6.8% 3389/50000 |  108.1/s | elapsed 31s | eta 7m 11s | process workers | seats 10 | tracked 30 | cur 2 hist 1 boot 2 teach 4 base 0 heur 1 | avg reward -0.000
PPO linea    [#---------------------------]   6.8% 3411/50000 |  108.1/s | elapsed 32s | eta 7m 11s | process workers | seats 8 | tracked 30 | cur 2 hist 1 boot 2 teach 3 base 0 heur 0 | avg reward -0.000 
PPO linea    [#---------------------------]   6.9% 3433/50000 |  108.1/s | elapsed 32s | eta 7m 11s | process workers | seats 4 | tracked 15 | cur 1 hist 1 boot 0 teach 1 base 0 heur 1 | avg reward -0.000 
PPO linea    [#---------------------------]   6.9% 3455/50000 |  108.1/s | elapsed 32s | eta 7m 11s | process workers | seats 6 | tracked 15 | cur 1 hist 1 boot 1 teach 2 base 0 heur 1 | avg reward -0.000 
PPO linea    [#---------------------------]   7.0% 3477/50000 |  108.2/s | elapsed 32s | eta 7m 10s | process workers | seats 6 | tracked 15 | cur 1 hist 2 boot 1 teach 2 base 0 heur 0 | avg reward -0.000 
PPO linea    [#---------------------------]   7.0% 3499/50000 |  108.2/s | elapsed 32s | eta 7m 10s | process workers | seats 8 | tracked 15 | cur 1 hist 2 boot 0 teach 4 base 1 heur 0 | avg reward -0.000 
PPO linea    [#---------------------------]   7.0% 3521/50000 |  108.1/s | elapsed 33s | eta 7m 10s | process workers | seats 6 | tracked 15 | cur 1 hist 1 boot 1 teach 2 base 0 heur 1 | avg reward -0.000 
PPO linea    [#---------------------------]   7.1% 3543/50000 |  108.1/s | elapsed 33s | eta 7m 10s | process workers | seats 8 | tracked 15 | cur 1 hist 2 boot 4 teach 1 base 0 heur 0 | avg reward -0.000 
PPO linea    [#---------------------------]   7.1% 3565/50000 |  108.1/s | elapsed 33s | eta 7m 9s | process workers | seats 10 | tracked 15 | cur 1 hist 1 boot 2 teach 4 base 2 heur 0 | avg reward -0.000 
PPO linea    [##--------------------------]   7.2% 3587/50000 |  108.2/s | elapsed 33s | eta 7m 9s | process workers | seats 10 | tracked 30 | cur 2 hist 2 boot 3 teach 1 base 2 heur 0 | avg reward -0.000 
PPO linea    [##--------------------------]   7.2% 3609/50000 |  108.2/s | elapsed 33s | eta 7m 9s | process workers | seats 8 | tracked 30 | cur 2 hist 2 boot 0 teach 4 base 0 heur 0 | avg reward -0.000  
PPO linea    [##--------------------------]   7.3% 3631/50000 |  108.3/s | elapsed 34s | eta 7m 8s | process workers | seats 4 | tracked 15 | cur 1 hist 1 boot 1 teach 1 base 0 heur 0 | avg reward -0.000  
PPO linea    [##--------------------------]   7.3% 3653/50000 |  108.3/s | elapsed 34s | eta 7m 8s | process workers | seats 6 | tracked 15 | cur 1 hist 2 boot 1 teach 1 base 1 heur 0 | avg reward -0.000  
PPO linea    [##--------------------------]   7.3% 3675/50000 |  108.3/s | elapsed 34s | eta 7m 8s | process workers | seats 6 | tracked 15 | cur 1 hist 1 boot 1 teach 2 base 0 heur 1 | avg reward -0.000  
PPO linea    [##--------------------------]   7.4% 3697/50000 |  108.3/s | elapsed 34s | eta 7m 8s | process workers | seats 6 | tracked 15 | cur 1 hist 1 boot 3 teach 0 base 1 heur 0 | avg reward -0.000  
PPO linea    [##--------------------------]   7.4% 3719/50000 |  108.3/s | elapsed 34s | eta 7m 7s | process workers | seats 2 | tracked 15 | cur 1 hist 0 boot 1 teach 0 base 0 heur 0 | avg reward -0.000  
PPO linea    [##--------------------------]   7.5% 3741/50000 |  108.3/s | elapsed 35s | eta 7m 7s | process workers | seats 4 | tracked 15 | cur 1 hist 0 boot 1 teach 0 base 2 heur 0 | avg reward -0.000  
PPO linea    [##--------------------------]   7.5% 3763/50000 |  108.4/s | elapsed 35s | eta 7m 7s | process workers | seats 4 | tracked 15 | cur 1 hist 0 boot 0 teach 2 base 1 heur 0 | avg reward -0.000  
PPO linea    [##--------------------------]   7.6% 3785/50000 |  108.4/s | elapsed 35s | eta 7m 6s | process workers | seats 4 | tracked 15 | cur 1 hist 1 boot 0 teach 1 base 1 heur 0 | avg reward -0.000  
PPO linea    [##--------------------------]   7.6% 3807/50000 |  108.4/s | elapsed 35s | eta 7m 6s | process workers | seats 4 | tracked 15 | cur 1 hist 0 boot 0 teach 3 base 0 heur 0 | avg reward -0.000  
PPO linea    [##--------------------------]   7.7% 3829/50000 |  108.2/s | elapsed 35s | eta 7m 7s | process workers | seats 10 | tracked 15 | cur 1 hist 1 boot 4 teach 3 base 1 heur 0 | avg reward -0.000 
PPO linea    [##--------------------------]   7.7% 3851/50000 |  108.2/s | elapsed 36s | eta 7m 7s | process workers | seats 6 | tracked 15 | cur 1 hist 2 boot 1 teach 1 base 1 heur 0 | avg reward -0.000  
PPO linea    [##--------------------------]   7.7% 3873/50000 |  108.2/s | elapsed 36s | eta 7m 6s | process workers | seats 4 | tracked 15 | cur 1 hist 0 boot 1 teach 2 base 0 heur 0 | avg reward -0.000  
PPO linea    [##--------------------------]   7.8% 3895/50000 |  108.3/s | elapsed 36s | eta 7m 6s | process workers | seats 4 | tracked 15 | cur 1 hist 1 boot 1 teach 1 base 0 heur 0 | avg reward -0.000  
PPO linea    [##--------------------------]   7.8% 3917/50000 |  108.3/s | elapsed 36s | eta 7m 6s | process workers | seats 6 | tracked 15 | cur 1 hist 3 boot 0 teach 2 base 0 heur 0 | avg reward -0.000  
PPO linea    [##--------------------------]   7.9% 3939/50000 |  108.2/s | elapsed 36s | eta 7m 6s | process workers | seats 10 | tracked 15 | cur 1 hist 4 boot 4 teach 1 base 0 heur 0 | avg reward -0.000 
PPO linea    [##--------------------------]   7.9% 3961/50000 |  108.3/s | elapsed 37s | eta 7m 5s | process workers | seats 4 | tracked 15 | cur 1 hist 1 boot 0 teach 1 base 0 heur 1 | avg reward -0.000  
PPO linea    [##--------------------------]   8.0% 3983/50000 |  108.2/s | elapsed 37s | eta 7m 5s | process workers | seats 10 | tracked 15 | cur 1 hist 1 boot 2 teach 5 base 0 heur 1 | avg reward -0.000 
PPO linea    [##--------------------------]   8.0% 4005/50000 |  108.3/s | elapsed 37s | eta 7m 5s | process workers | seats 4 | tracked 15 | cur 1 hist 0 boot 2 teach 0 base 1 heur 0 | avg reward -0.000  
PPO linea    [##--------------------------]   8.1% 4027/50000 |  108.4/s | elapsed 37s | eta 7m 4s | process workers | seats 10 | tracked 30 | cur 2 hist 0 boot 2 teach 3 base 3 heur 0 | avg reward -0.000 
PPO linea    [##--------------------------]   8.1% 4049/50000 |  108.5/s | elapsed 37s | eta 7m 4s | process workers | seats 8 | tracked 30 | cur 2 hist 1 boot 2 teach 2 base 1 heur 0 | avg reward -0.000  
PPO linea    [##--------------------------]   8.1% 4071/50000 |  108.4/s | elapsed 38s | eta 7m 4s | process workers | seats 8 | tracked 15 | cur 1 hist 1 boot 1 teach 2 base 1 heur 2 | avg reward -0.000  
PPO linea    [##--------------------------]   8.2% 4093/50000 |  108.4/s | elapsed 38s | eta 7m 3s | process workers | seats 6 | tracked 15 | cur 1 hist 0 boot 1 teach 4 base 0 heur 0 | avg reward -0.000  
PPO linea    [##--------------------------]   8.2% 4115/50000 |  108.4/s | elapsed 38s | eta 7m 3s | process workers | seats 2 | tracked 15 | cur 1 hist 0 boot 0 teach 1 base 0 heur 0 | avg reward -0.000  
PPO linea    [##--------------------------]   8.3% 4137/50000 |  108.5/s | elapsed 38s | eta 7m 3s | process workers | seats 8 | tracked 30 | cur 2 hist 1 boot 0 teach 4 base 1 heur 0 | avg reward -0.000  
PPO linea    [##--------------------------]   8.3% 4159/50000 |  108.5/s | elapsed 38s | eta 7m 3s | process workers | seats 8 | tracked 30 | cur 2 hist 1 boot 0 teach 3 base 2 heur 0 | avg reward -0.000  
PPO linea    [##--------------------------]   8.4% 4181/50000 |  108.3/s | elapsed 39s | eta 7m 3s | process workers | seats 10 | tracked 15 | cur 1 hist 3 boot 3 teach 1 base 2 heur 0 | avg reward -0.000 
PPO linea    [##--------------------------]   8.4% 4203/50000 |  108.4/s | elapsed 39s | eta 7m 3s | process workers | seats 6 | tracked 15 | cur 1 hist 1 boot 1 teach 3 base 0 heur 0 | avg reward -0.000  
PPO linea    [##--------------------------]   8.5% 4225/50000 |  108.4/s | elapsed 39s | eta 7m 2s | process workers | seats 6 | tracked 15 | cur 1 hist 1 boot 1 teach 3 base 0 heur 0 | avg reward -0.000  
PPO linea    [##--------------------------]   8.5% 4247/50000 |  108.4/s | elapsed 39s | eta 7m 2s | process workers | seats 6 | tracked 15 | cur 1 hist 2 boot 1 teach 1 base 0 heur 1 | avg reward -0.000  
PPO linea    [##--------------------------]   8.5% 4269/50000 |  108.5/s | elapsed 39s | eta 7m 2s | process workers | seats 6 | tracked 15 | cur 1 hist 0 boot 1 teach 3 base 1 heur 0 | avg reward -0.000  
PPO linea    [##--------------------------]   8.6% 4291/50000 |  108.4/s | elapsed 40s | eta 7m 2s | process workers | seats 4 | tracked 15 | cur 1 hist 0 boot 1 teach 2 base 0 heur 0 | avg reward -0.000  
PPO linea    [##--------------------------]   8.6% 4313/50000 |  108.5/s | elapsed 40s | eta 7m 1s | process workers | seats 4 | tracked 15 | cur 1 hist 1 boot 0 teach 2 base 0 heur 0 | avg reward -0.000  
PPO linea    [##--------------------------]   8.7% 4335/50000 |  108.5/s | elapsed 40s | eta 7m 1s | process workers | seats 10 | tracked 15 | cur 1 hist 0 boot 1 teach 5 base 2 heur 1 | avg reward -0.000 
PPO linea    [##--------------------------]   8.7% 4357/50000 |  108.6/s | elapsed 40s | eta 7m 0s | process workers | seats 6 | tracked 15 | cur 1 hist 1 boot 1 teach 1 base 1 heur 1 | avg reward -0.000  
PPO linea    [##--------------------------]   8.8% 4379/50000 |  108.6/s | elapsed 40s | eta 7m 0s | process workers | seats 10 | tracked 30 | cur 2 hist 3 boot 1 teach 2 base 2 heur 0 | avg reward -0.000 
PPO linea    [##--------------------------]   8.8% 4401/50000 |  108.7/s | elapsed 41s | eta 7m 0s | process workers | seats 6 | tracked 15 | cur 1 hist 2 boot 1 teach 1 base 1 heur 0 | avg reward -0.000  
PPO linea    [##--------------------------]   8.8% 4423/50000 |  108.6/s | elapsed 41s | eta 7m 0s | process workers | seats 10 | tracked 15 | cur 1 hist 0 boot 2 teach 5 base 1 heur 1 | avg reward -0.000 
PPO linea    [##--------------------------]   8.9% 4445/50000 |  108.6/s | elapsed 41s | eta 6m 59s | process workers | seats 8 | tracked 30 | cur 2 hist 1 boot 3 teach 1 base 1 heur 0 | avg reward -0.000 
PPO linea    [##--------------------------]   8.9% 4467/50000 |  108.7/s | elapsed 41s | eta 6m 59s | process workers | seats 10 | tracked 15 | cur 1 hist 3 boot 1 teach 2 base 3 heur 0 | avg reward -0.000
PPO linea    [##--------------------------]   9.0% 4489/50000 |  108.7/s | elapsed 41s | eta 6m 59s | process workers | seats 10 | tracked 15 | cur 1 hist 3 boot 1 teach 3 base 2 heur 0 | avg reward -0.000
PPO linea    [##--------------------------]   9.0% 4511/50000 |  108.7/s | elapsed 42s | eta 6m 59s | process workers | seats 2 | tracked 15 | cur 1 hist 0 boot 0 teach 0 base 1 heur 0 | avg reward -0.000 
PPO linea    [##--------------------------]   9.1% 4533/50000 |  108.6/s | elapsed 42s | eta 6m 58s | process workers | seats 10 | tracked 15 | cur 1 hist 0 boot 3 teach 4 base 2 heur 0 | avg reward -0.000
PPO linea    [##--------------------------]   9.1% 4555/50000 |  108.7/s | elapsed 42s | eta 6m 58s | process workers | seats 6 | tracked 15 | cur 1 hist 1 boot 2 teach 0 base 1 heur 1 | avg reward -0.000 
PPO linea    [##--------------------------]   9.2% 4577/50000 |  108.7/s | elapsed 42s | eta 6m 58s | process workers | seats 8 | tracked 30 | cur 2 hist 0 boot 0 teach 4 base 1 heur 1 | avg reward -0.000 
PPO linea    [##--------------------------]   9.2% 4599/50000 |  108.7/s | elapsed 42s | eta 6m 58s | process workers | seats 10 | tracked 15 | cur 1 hist 3 boot 2 teach 2 base 1 heur 1 | avg reward -0.000
PPO linea    [##--------------------------]   9.2% 4621/50000 |  108.8/s | elapsed 42s | eta 6m 57s | process workers | seats 4 | tracked 15 | cur 1 hist 0 boot 1 teach 1 base 0 heur 1 | avg reward -0.000 
PPO linea    [##--------------------------]   9.3% 4643/50000 |  108.8/s | elapsed 43s | eta 6m 57s | process workers | seats 8 | tracked 30 | cur 2 hist 3 boot 1 teach 0 base 2 heur 0 | avg reward -0.000 
PPO linea    [##--------------------------]   9.3% 4665/50000 |  108.7/s | elapsed 43s | eta 6m 57s | process workers | seats 6 | tracked 15 | cur 1 hist 2 boot 0 teach 2 base 1 heur 0 | avg reward -0.000 
PPO linea    [##--------------------------]   9.4% 4687/50000 |  108.7/s | elapsed 43s | eta 6m 57s | process workers | seats 4 | tracked 15 | cur 1 hist 1 boot 2 teach 0 base 0 heur 0 | avg reward -0.000 
PPO linea    [##--------------------------]   9.4% 4709/50000 |  108.7/s | elapsed 43s | eta 6m 56s | process workers | seats 8 | tracked 15 | cur 1 hist 1 boot 2 teach 3 base 0 heur 1 | avg reward -0.000 
PPO linea    [##--------------------------]   9.5% 4731/50000 |  108.7/s | elapsed 44s | eta 6m 56s | process workers | seats 4 | tracked 15 | cur 1 hist 3 boot 0 teach 0 base 0 heur 0 | avg reward -0.000 
PPO linea    [##--------------------------]   9.5% 4753/50000 |  108.7/s | elapsed 44s | eta 6m 56s | process workers | seats 6 | tracked 15 | cur 1 hist 1 boot 0 teach 3 base 1 heur 0 | avg reward -0.000 
PPO linea    [##--------------------------]   9.6% 4775/50000 |  108.7/s | elapsed 44s | eta 6m 56s | process workers | seats 2 | tracked 15 | cur 1 hist 0 boot 0 teach 1 base 0 heur 0 | avg reward -0.000 
PPO linea    [##--------------------------]   9.6% 4797/50000 |  108.8/s | elapsed 44s | eta 6m 56s | process workers | seats 6 | tracked 15 | cur 1 hist 2 boot 0 teach 2 base 0 heur 1 | avg reward -0.000 
PPO linea    [##--------------------------]   9.6% 4819/50000 |  108.7/s | elapsed 44s | eta 6m 55s | process workers | seats 10 | tracked 15 | cur 1 hist 1 boot 5 teach 0 base 2 heur 1 | avg reward -0.000
PPO linea    [##--------------------------]   9.7% 4841/50000 |  108.8/s | elapsed 44s | eta 6m 55s | process workers | seats 8 | tracked 30 | cur 2 hist 1 boot 0 teach 4 base 0 heur 1 | avg reward -0.000 
PPO linea    [##--------------------------]   9.7% 4863/50000 |  108.8/s | elapsed 45s | eta 6m 55s | process workers | seats 10 | tracked 30 | cur 2 hist 2 boot 1 teach 3 base 2 heur 0 | avg reward -0.000
PPO linea    [##--------------------------]   9.8% 4885/50000 |  108.8/s | elapsed 45s | eta 6m 55s | process workers | seats 2 | tracked 15 | cur 1 hist 0 boot 0 teach 0 base 1 heur 0 | avg reward -0.000 
PPO linea    [##--------------------------]   9.8% 4907/50000 |  108.8/s | elapsed 45s | eta 6m 54s | process workers | seats 10 | tracked 30 | cur 2 hist 4 boot 1 teach 3 base 0 heur 0 | avg reward -0.000
PPO linea    [##--------------------------]   9.9% 4929/50000 |  108.9/s | elapsed 45s | eta 6m 54s | process workers | seats 4 | tracked 15 | cur 1 hist 1 boot 0 teach 2 base 0 heur 0 | avg reward -0.000 
PPO linea    [##--------------------------]   9.9% 4951/50000 |  108.8/s | elapsed 45s | eta 6m 54s | process workers | seats 10 | tracked 30 | cur 2 hist 4 boot 0 teach 1 base 3 heur 0 | avg reward -0.000
PPO linea    [##--------------------------]   9.9% 4973/50000 |  108.8/s | elapsed 46s | eta 6m 54s | process workers | seats 4 | tracked 15 | cur 1 hist 1 boot 0 teach 1 base 1 heur 0 | avg reward -0.000 
PPO linea    [##--------------------------]  10.0% 4995/50000 |  108.8/s | elapsed 46s | eta 6m 54s | process workers | seats 10 | tracked 15 | cur 1 hist 3 boot 0 teach 5 base 0 heur 1 | avg reward -0.000
PPO linea    [##--------------------------]  10.0% 5017/50000 |  108.8/s | elapsed 46s | eta 6m 53s | process workers | seats 6 | tracked 15 | cur 1 hist 1 boot 1 teach 2 base 1 heur 0 | avg reward -0.000 
PPO linea    [##--------------------------]  10.1% 5039/50000 |  108.8/s | elapsed 46s | eta 6m 53s | process workers | seats 4 | tracked 15 | cur 1 hist 1 boot 1 teach 0 base 0 heur 1 | avg reward -0.000 
PPO linea    [##--------------------------]  10.1% 5061/50000 |  108.8/s | elapsed 47s | eta 6m 53s | process workers | seats 4 | tracked 15 | cur 1 hist 2 boot 1 teach 0 base 0 heur 0 | avg reward -0.000 
PPO linea    [##--------------------------]  10.2% 5083/50000 |  108.8/s | elapsed 47s | eta 6m 53s | process workers | seats 4 | tracked 15 | cur 1 hist 0 boot 1 teach 1 base 1 heur 0 | avg reward -0.000 
PPO linea    [##--------------------------]  10.2% 5105/50000 |  108.8/s | elapsed 47s | eta 6m 53s | process workers | seats 4 | tracked 15 | cur 1 hist 1 boot 1 teach 0 base 1 heur 0 | avg reward -0.000 
PPO linea    [##--------------------------]  10.3% 5127/50000 |  108.8/s | elapsed 47s | eta 6m 52s | process workers | seats 10 | tracked 15 | cur 1 hist 3 boot 1 teach 2 base 2 heur 1 | avg reward -0.000
PPO linea    [##--------------------------]  10.3% 5149/50000 |  108.8/s | elapsed 47s | eta 6m 52s | process workers | seats 10 | tracked 30 | cur 2 hist 0 boot 1 teach 6 base 1 heur 0 | avg reward -0.000
PPO linea    [##--------------------------]  10.3% 5171/50000 |  108.8/s | elapsed 48s | eta 6m 52s | process workers | seats 8 | tracked 30 | cur 2 hist 1 boot 1 teach 3 base 0 heur 1 | avg reward -0.000 
PPO linea    [##--------------------------]  10.4% 5193/50000 |  108.8/s | elapsed 48s | eta 6m 52s | process workers | seats 6 | tracked 15 | cur 1 hist 1 boot 1 teach 3 base 0 heur 0 | avg reward -0.000 
PPO linea    [##--------------------------]  10.4% 5215/50000 |  108.8/s | elapsed 48s | eta 6m 52s | process workers | seats 10 | tracked 15 | cur 1 hist 4 boot 2 teach 2 base 1 heur 0 | avg reward -0.000
PPO linea    [##--------------------------]  10.5% 5237/50000 |  108.8/s | elapsed 48s | eta 6m 52s | process workers | seats 6 | tracked 15 | cur 1 hist 1 boot 1 teach 3 base 0 heur 0 | avg reward -0.000 
PPO linea    [##--------------------------]  10.5% 5259/50000 |  108.8/s | elapsed 48s | eta 6m 51s | process workers | seats 6 | tracked 15 | cur 1 hist 1 boot 0 teach 4 base 0 heur 0 | avg reward -0.000 
PPO linea    [##--------------------------]  10.6% 5281/50000 |  108.8/s | elapsed 49s | eta 6m 51s | process workers | seats 6 | tracked 15 | cur 1 hist 2 boot 1 teach 2 base 0 heur 0 | avg reward -0.000 
PPO linea    [##--------------------------]  10.6% 5303/50000 |  108.8/s | elapsed 49s | eta 6m 51s | process workers | seats 6 | tracked 15 | cur 1 hist 2 boot 2 teach 0 base 1 heur 0 | avg reward -0.000 
PPO linea    [##--------------------------]  10.7% 5325/50000 |  108.9/s | elapsed 49s | eta 6m 50s | process workers | seats 8 | tracked 30 | cur 2 hist 3 boot 1 teach 1 base 1 heur 0 | avg reward -0.000 
PPO linea    [##--------------------------]  10.7% 5347/50000 |  108.9/s | elapsed 49s | eta 6m 50s | process workers | seats 4 | tracked 15 | cur 1 hist 1 boot 1 teach 0 base 1 heur 0 | avg reward -0.000 
PPO linea    [###-------------------------]  10.7% 5369/50000 |  109.0/s | elapsed 49s | eta 6m 50s | process workers | seats 4 | tracked 15 | cur 1 hist 1 boot 1 teach 1 base 0 heur 0 | avg reward -0.000 
PPO linea    [###-------------------------]  10.8% 5391/50000 |  109.0/s | elapsed 49s | eta 6m 49s | process workers | seats 6 | tracked 15 | cur 1 hist 0 boot 1 teach 3 base 1 heur 0 | avg reward -0.000 
PPO linea    [###-------------------------]  10.8% 5413/50000 |  109.0/s | elapsed 50s | eta 6m 49s | process workers | seats 6 | tracked 15 | cur 1 hist 0 boot 2 teach 3 base 0 heur 0 | avg reward -0.000 
PPO linea    [###-------------------------]  10.9% 5435/50000 |  109.0/s | elapsed 50s | eta 6m 49s | process workers | seats 4 | tracked 15 | cur 1 hist 1 boot 0 teach 2 base 0 heur 0 | avg reward -0.000 
PPO linea    [###-------------------------]  10.9% 5457/50000 |  109.0/s | elapsed 50s | eta 6m 49s | process workers | seats 10 | tracked 30 | cur 2 hist 1 boot 2 teach 4 base 1 heur 0 | avg reward -0.000
PPO linea    [###-------------------------]  11.0% 5479/50000 |  109.0/s | elapsed 50s | eta 6m 48s | process workers | seats 6 | tracked 15 | cur 1 hist 3 boot 0 teach 2 base 0 heur 0 | avg reward -0.000 
PPO linea    [###-------------------------]  11.0% 5501/50000 |  109.0/s | elapsed 50s | eta 6m 48s | process workers | seats 8 | tracked 15 | cur 1 hist 1 boot 1 teach 4 base 1 heur 0 | avg reward -0.000 
PPO linea    [###-------------------------]  11.0% 5523/50000 |  109.0/s | elapsed 51s | eta 6m 48s | process workers | seats 6 | tracked 15 | cur 1 hist 1 boot 2 teach 0 base 1 heur 1 | avg reward -0.000 
PPO linea    [###-------------------------]  11.1% 5545/50000 |  109.1/s | elapsed 51s | eta 6m 48s | process workers | seats 4 | tracked 15 | cur 1 hist 1 boot 0 teach 1 base 1 heur 0 | avg reward -0.000 
PPO linea    [###-------------------------]  11.1% 5567/50000 |  109.1/s | elapsed 51s | eta 6m 47s | process workers | seats 4 | tracked 15 | cur 1 hist 0 boot 1 teach 2 base 0 heur 0 | avg reward -0.000 
PPO linea    [###-------------------------]  11.2% 5589/50000 |  109.1/s | elapsed 51s | eta 6m 47s | process workers | seats 2 | tracked 15 | cur 1 hist 1 boot 0 teach 0 base 0 heur 0 | avg reward -0.000 
PPO linea    [###-------------------------]  11.2% 5611/50000 |  109.1/s | elapsed 51s | eta 6m 47s | process workers | seats 6 | tracked 15 | cur 1 hist 2 boot 2 teach 1 base 0 heur 0 | avg reward -0.000 
PPO linea    [###-------------------------]  11.3% 5633/50000 |  109.1/s | elapsed 52s | eta 6m 46s | process workers | seats 8 | tracked 15 | cur 1 hist 1 boot 0 teach 3 base 2 heur 1 | avg reward -0.000 
PPO linea    [###-------------------------]  11.3% 5655/50000 |  109.2/s | elapsed 52s | eta 6m 46s | process workers | seats 8 | tracked 30 | cur 2 hist 2 boot 1 teach 2 base 1 heur 0 | avg reward -0.000 
PPO linea    [###-------------------------]  11.4% 5677/50000 |  109.2/s | elapsed 52s | eta 6m 46s | process workers | seats 4 | tracked 15 | cur 1 hist 0 boot 0 teach 3 base 0 heur 0 | avg reward -0.000 
PPO linea    [###-------------------------]  11.4% 5699/50000 |  109.2/s | elapsed 52s | eta 6m 46s | process workers | seats 6 | tracked 15 | cur 1 hist 0 boot 1 teach 3 base 0 heur 1 | avg reward -0.000 
PPO linea    [###-------------------------]  11.4% 5721/50000 |  109.3/s | elapsed 52s | eta 6m 45s | process workers | seats 8 | tracked 15 | cur 1 hist 0 boot 2 teach 3 base 1 heur 1 | avg reward -0.000 
PPO linea    [###-------------------------]  11.5% 5743/50000 |  109.3/s | elapsed 53s | eta 6m 45s | process workers | seats 10 | tracked 15 | cur 1 hist 2 boot 0 teach 6 base 1 heur 0 | avg reward -0.000
PPO linea    [###-------------------------]  11.5% 5765/50000 |  109.2/s | elapsed 53s | eta 6m 45s | process workers | seats 8 | tracked 15 | cur 1 hist 2 boot 0 teach 3 base 2 heur 0 | avg reward -0.000 
PPO linea    [###-------------------------]  11.6% 5787/50000 |  109.3/s | elapsed 53s | eta 6m 45s | process workers | seats 8 | tracked 30 | cur 2 hist 1 boot 0 teach 3 base 2 heur 0 | avg reward -0.000 
PPO linea    [###-------------------------]  11.6% 5809/50000 |  109.3/s | elapsed 53s | eta 6m 44s | process workers | seats 2 | tracked 15 | cur 1 hist 1 boot 0 teach 0 base 0 heur 0 | avg reward -0.000 
PPO linea    [###-------------------------]  11.7% 5831/50000 |  109.3/s | elapsed 53s | eta 6m 44s | process workers | seats 10 | tracked 30 | cur 2 hist 1 boot 1 teach 4 base 2 heur 0 | avg reward -0.000
PPO linea    [###-------------------------]  11.7% 5853/50000 |  109.3/s | elapsed 54s | eta 6m 44s | process workers | seats 10 | tracked 15 | cur 1 hist 5 boot 1 teach 2 base 1 heur 0 | avg reward -0.000
PPO linea    [###-------------------------]  11.8% 5875/50000 |  109.3/s | elapsed 54s | eta 6m 44s | process workers | seats 2 | tracked 15 | cur 1 hist 0 boot 0 teach 1 base 0 heur 0 | avg reward -0.000 
PPO linea    [###-------------------------]  11.8% 5897/50000 |  109.4/s | elapsed 54s | eta 6m 43s | process workers | seats 6 | tracked 15 | cur 1 hist 0 boot 0 teach 3 base 1 heur 1 | avg reward -0.000 
PPO linea    [###-------------------------]  11.8% 5919/50000 |  109.5/s | elapsed 54s | eta 6m 43s | process workers | seats 10 | tracked 30 | cur 2 hist 2 boot 1 teach 3 base 1 heur 1 | avg reward -0.000
PPO linea    [###-------------------------]  11.9% 5941/50000 |  109.5/s | elapsed 54s | eta 6m 43s | process workers | seats 4 | tracked 15 | cur 1 hist 0 boot 1 teach 2 base 0 heur 0 | avg reward -0.000 
PPO linea    [###-------------------------]  11.9% 5963/50000 |  109.4/s | elapsed 54s | eta 6m 42s | process workers | seats 10 | tracked 30 | cur 2 hist 2 boot 1 teach 3 base 2 heur 0 | avg reward -0.000
PPO linea    [###-------------------------]  12.0% 5985/50000 |  109.4/s | elapsed 55s | eta 6m 42s | process workers | seats 10 | tracked 15 | cur 1 hist 3 boot 2 teach 2 base 1 heur 1 | avg reward -0.000
PPO linea    [###-------------------------]  12.0% 6007/50000 |  109.4/s | elapsed 55s | eta 6m 42s | process workers | seats 6 | tracked 15 | cur 1 hist 1 boot 0 teach 3 base 1 heur 0 | avg reward -0.000 
PPO linea    [###-------------------------]  12.1% 6029/50000 |  109.4/s | elapsed 55s | eta 6m 42s | process workers | seats 2 | tracked 15 | cur 1 hist 0 boot 0 teach 1 base 0 heur 0 | avg reward -0.000 
PPO linea    [###-------------------------]  12.1% 6051/50000 |  109.3/s | elapsed 55s | eta 6m 42s | process workers | seats 4 | tracked 15 | cur 1 hist 1 boot 1 teach 1 base 0 heur 0 | avg reward -0.000 
PPO linea    [###-------------------------]  12.1% 6073/50000 |  109.4/s | elapsed 56s | eta 6m 42s | process workers | seats 6 | tracked 15 | cur 1 hist 2 boot 1 teach 1 base 1 heur 0 | avg reward -0.000 
PPO linea    [###-------------------------]  12.2% 6095/50000 |  109.4/s | elapsed 56s | eta 6m 41s | process workers | seats 10 | tracked 15 | cur 1 hist 1 boot 3 teach 2 base 3 heur 0 | avg reward -0.000
PPO linea    [###-------------------------]  12.2% 6117/50000 |  109.4/s | elapsed 56s | eta 6m 41s | process workers | seats 4 | tracked 15 | cur 1 hist 0 boot 0 teach 3 base 0 heur 0 | avg reward -0.000 
PPO linea    [###-------------------------]  12.3% 6139/50000 |  109.4/s | elapsed 56s | eta 6m 41s | process workers | seats 4 | tracked 15 | cur 1 hist 0 boot 1 teach 1 base 0 heur 1 | avg reward -0.000 
PPO linea    [###-------------------------]  12.3% 6161/50000 |  109.4/s | elapsed 56s | eta 6m 41s | process workers | seats 8 | tracked 15 | cur 1 hist 2 boot 0 teach 5 base 0 heur 0 | avg reward -0.000 
PPO linea    [###-------------------------]  12.4% 6183/50000 |  109.5/s | elapsed 56s | eta 6m 40s | process workers | seats 10 | tracked 30 | cur 2 hist 2 boot 0 teach 5 base 0 heur 1 | avg reward -0.000
PPO linea    [###-------------------------]  12.4% 6205/50000 |  109.5/s | elapsed 57s | eta 6m 40s | process workers | seats 8 | tracked 30 | cur 2 hist 3 boot 1 teach 2 base 0 heur 0 | avg reward -0.000 
PPO linea    [###-------------------------]  12.5% 6227/50000 |  109.4/s | elapsed 57s | eta 6m 40s | process workers | seats 10 | tracked 15 | cur 1 hist 4 boot 0 teach 5 base 0 heur 0 | avg reward -0.000
PPO linea    [###-------------------------]  12.5% 6249/50000 |  109.4/s | elapsed 57s | eta 6m 40s | process workers | seats 8 | tracked 15 | cur 1 hist 0 boot 0 teach 2 base 3 heur 2 | avg reward -0.000 
PPO linea    [###-------------------------]  12.5% 6271/50000 |  109.4/s | elapsed 57s | eta 6m 40s | process workers | seats 8 | tracked 15 | cur 1 hist 0 boot 1 teach 4 base 0 heur 2 | avg reward -0.000 
PPO linea    [###-------------------------]  12.6% 6293/50000 |  109.4/s | elapsed 58s | eta 6m 40s | process workers | seats 6 | tracked 15 | cur 1 hist 1 boot 1 teach 0 base 0 heur 3 | avg reward -0.000 
PPO linea    [###-------------------------]  12.6% 6315/50000 |  109.3/s | elapsed 58s | eta 6m 40s | process workers | seats 8 | tracked 15 | cur 1 hist 1 boot 1 teach 4 base 0 heur 1 | avg reward -0.000 
PPO linea    [###-------------------------]  12.7% 6337/50000 |  109.3/s | elapsed 58s | eta 6m 39s | process workers | seats 8 | tracked 15 | cur 1 hist 4 boot 2 teach 1 base 0 heur 0 | avg reward -0.000 
PPO linea    [###-------------------------]  12.7% 6359/50000 |  109.3/s | elapsed 58s | eta 6m 39s | process workers | seats 8 | tracked 15 | cur 1 hist 4 boot 1 teach 1 base 1 heur 0 | avg reward -0.000 
PPO linea    [###-------------------------]  12.8% 6381/50000 |  109.3/s | elapsed 58s | eta 6m 39s | process workers | seats 6 | tracked 15 | cur 1 hist 1 boot 1 teach 3 base 0 heur 0 | avg reward -0.000 
PPO linea    [###-------------------------]  12.8% 6403/50000 |  109.3/s | elapsed 59s | eta 6m 39s | process workers | seats 6 | tracked 15 | cur 1 hist 1 boot 1 teach 3 base 0 heur 0 | avg reward -0.000 
PPO linea    [###-------------------------]  12.8% 6425/50000 |  109.3/s | elapsed 59s | eta 6m 39s | process workers | seats 10 | tracked 15 | cur 1 hist 1 boot 2 teach 3 base 1 heur 2 | avg reward -0.000
PPO linea    [###-------------------------]  12.9% 6447/50000 |  109.3/s | elapsed 59s | eta 6m 39s | process workers | seats 8 | tracked 30 | cur 2 hist 2 boot 2 teach 0 base 0 heur 2 | avg reward -0.000 
PPO linea    [###-------------------------]  12.9% 6469/50000 |  109.3/s | elapsed 59s | eta 6m 38s | process workers | seats 10 | tracked 15 | cur 1 hist 3 boot 2 teach 3 base 1 heur 0 | avg reward -0.000
PPO linea    [###-------------------------]  13.0% 6491/50000 |  109.3/s | elapsed 59s | eta 6m 38s | process workers | seats 8 | tracked 30 | cur 2 hist 3 boot 1 teach 0 base 2 heur 0 | avg reward -0.000 
PPO linea    [###-------------------------]  13.0% 6513/50000 |  109.4/s | elapsed 1m 0s | eta 6m 38s | process workers | seats 4 | tracked 15 | cur 1 hist 0 boot 1 teach 2 base 0 heur 0 | avg reward -0.000
PPO linea    [###-------------------------]  13.1% 6535/50000 |  109.4/s | elapsed 1m 0s | eta 6m 37s | process workers | seats 6 | tracked 15 | cur 1 hist 2 boot 1 teach 1 base 1 heur 0 | avg reward -0.000
PPO linea    [###-------------------------]  13.1% 6557/50000 |  109.4/s | elapsed 1m 0s | eta 6m 37s | process workers | seats 6 | tracked 15 | cur 1 hist 0 boot 0 teach 5 base 0 heur 0 | avg reward -0.000
PPO linea    [###-------------------------]  13.2% 6579/50000 |  109.4/s | elapsed 1m 0s | eta 6m 37s | process workers | seats 6 | tracked 15 | cur 1 hist 1 boot 2 teach 2 base 0 heur 0 | avg reward -0.000
PPO linea    [###-------------------------]  13.2% 6601/50000 |  109.4/s | elapsed 1m 0s | eta 6m 37s | process workers | seats 8 | tracked 15 | cur 1 hist 0 boot 0 teach 4 base 3 heur 0 | avg reward -0.000
PPO linea    [###-------------------------]  13.2% 6623/50000 |  109.3/s | elapsed 1m 1s | eta 6m 37s | process workers | seats 6 | tracked 15 | cur 1 hist 0 boot 1 teach 3 base 0 heur 1 | avg reward -0.000
PPO linea    [###-------------------------]  13.3% 6645/50000 |  109.3/s | elapsed 1m 1s | eta 6m 36s | process workers | seats 4 | tracked 15 | cur 1 hist 2 boot 0 teach 1 base 0 heur 0 | avg reward -0.000
PPO linea    [###-------------------------]  13.3% 6667/50000 |  109.4/s | elapsed 1m 1s | eta 6m 36s | process workers | seats 6 | tracked 15 | cur 1 hist 1 boot 0 teach 2 base 1 heur 1 | avg reward -0.000
PPO linea    [###-------------------------]  13.4% 6689/50000 |  109.4/s | elapsed 1m 1s | eta 6m 36s | process workers | seats 6 | tracked 15 | cur 1 hist 1 boot 3 teach 0 base 1 heur 0 | avg reward -0.000
PPO linea    [###-------------------------]  13.4% 6711/50000 |  109.4/s | elapsed 1m 1s | eta 6m 36s | process workers | seats 10 | tracked 30 | cur 2 hist 1 boot 4 teach 2 base 0 heur 1 | avg reward -0.000
PPO linea    [###-------------------------]  13.5% 6733/50000 |  109.3/s | elapsed 1m 2s | eta 6m 36s | process workers | seats 6 | tracked 15 | cur 1 hist 1 boot 3 teach 1 base 0 heur 0 | avg reward -0.000 
PPO linea    [###-------------------------]  13.5% 6755/50000 |  109.3/s | elapsed 1m 2s | eta 6m 35s | process workers | seats 8 | tracked 30 | cur 2 hist 3 boot 1 teach 2 base 0 heur 0 | avg reward -0.000 
PPO linea    [###-------------------------]  13.6% 6777/50000 |  109.3/s | elapsed 1m 2s | eta 6m 35s | process workers | seats 6 | tracked 15 | cur 1 hist 1 boot 1 teach 3 base 0 heur 0 | avg reward -0.000 
PPO linea    [###-------------------------]  13.6% 6799/50000 |  109.3/s | elapsed 1m 2s | eta 6m 35s | process workers | seats 4 | tracked 15 | cur 1 hist 1 boot 1 teach 1 base 0 heur 0 | avg reward -0.000 
PPO linea    [###-------------------------]  13.6% 6821/50000 |  109.3/s | elapsed 1m 2s | eta 6m 35s | process workers | seats 4 | tracked 15 | cur 1 hist 1 boot 0 teach 2 base 0 heur 0 | avg reward -0.000 
PPO linea    [###-------------------------]  13.7% 6843/50000 |  109.3/s | elapsed 1m 3s | eta 6m 35s | process workers | seats 6 | tracked 15 | cur 1 hist 1 boot 0 teach 1 base 2 heur 1 | avg reward -0.000 
PPO linea    [###-------------------------]  13.7% 6865/50000 |  109.3/s | elapsed 1m 3s | eta 6m 35s | process workers | seats 6 | tracked 15 | cur 1 hist 0 boot 2 teach 2 base 1 heur 0 | avg reward -0.000 
PPO linea    [###-------------------------]  13.8% 6887/50000 |  109.3/s | elapsed 1m 3s | eta 6m 34s | process workers | seats 4 | tracked 15 | cur 1 hist 0 boot 0 teach 1 base 2 heur 0 | avg reward -0.000 
PPO linea    [###-------------------------]  13.8% 6909/50000 |  109.3/s | elapsed 1m 3s | eta 6m 34s | process workers | seats 6 | tracked 15 | cur 1 hist 2 boot 0 teach 2 base 0 heur 1 | avg reward -0.000 
PPO linea    [###-------------------------]  13.9% 6931/50000 |  109.3/s | elapsed 1m 3s | eta 6m 34s | process workers | seats 6 | tracked 15 | cur 1 hist 0 boot 1 teach 4 base 0 heur 0 | avg reward -0.000 
PPO linea    [###-------------------------]  13.9% 6953/50000 |  109.2/s | elapsed 1m 4s | eta 6m 34s | process workers | seats 4 | tracked 15 | cur 1 hist 1 boot 0 teach 2 base 0 heur 0 | avg reward -0.000 
PPO linea    [###-------------------------]  14.0% 6975/50000 |  109.3/s | elapsed 1m 4s | eta 6m 34s | process workers | seats 10 | tracked 30 | cur 2 hist 2 boot 0 teach 5 base 0 heur 1 | avg reward -0.000
PPO linea    [###-------------------------]  14.0% 6997/50000 |  109.3/s | elapsed 1m 4s | eta 6m 34s | process workers | seats 6 | tracked 15 | cur 1 hist 0 boot 2 teach 2 base 0 heur 1 | avg reward -0.000 
PPO linea    [###-------------------------]  14.0% 7019/50000 |  109.3/s | elapsed 1m 4s | eta 6m 33s | process workers | seats 6 | tracked 15 | cur 1 hist 0 boot 1 teach 3 base 1 heur 0 | avg reward -0.000 
PPO linea    [###-------------------------]  14.1% 7041/50000 |  109.3/s | elapsed 1m 4s | eta 6m 33s | process workers | seats 2 | tracked 15 | cur 1 hist 1 boot 0 teach 0 base 0 heur 0 | avg reward -0.000 
PPO linea    [###-------------------------]  14.1% 7063/50000 |  109.3/s | elapsed 1m 5s | eta 6m 33s | process workers | seats 2 | tracked 15 | cur 1 hist 1 boot 0 teach 0 base 0 heur 0 | avg reward -0.000 
PPO linea    [###-------------------------]  14.2% 7085/50000 |  109.4/s | elapsed 1m 5s | eta 6m 32s | process workers | seats 10 | tracked 15 | cur 1 hist 2 boot 0 teach 7 base 0 heur 0 | avg reward -0.000
PPO linea    [###-------------------------]  14.2% 7107/50000 |  109.4/s | elapsed 1m 5s | eta 6m 32s | process workers | seats 6 | tracked 15 | cur 1 hist 1 boot 2 teach 2 base 0 heur 0 | avg reward -0.000 
PPO linea    [###-------------------------]  14.3% 7129/50000 |  109.4/s | elapsed 1m 5s | eta 6m 32s | process workers | seats 6 | tracked 15 | cur 1 hist 2 boot 2 teach 0 base 0 heur 1 | avg reward -0.000 
PPO linea    [####------------------------]  14.3% 7151/50000 |  109.4/s | elapsed 1m 5s | eta 6m 32s | process workers | seats 10 | tracked 15 | cur 1 hist 3 boot 1 teach 2 base 2 heur 1 | avg reward -0.000
PPO linea    [####------------------------]  14.3% 7173/50000 |  109.4/s | elapsed 1m 6s | eta 6m 31s | process workers | seats 4 | tracked 15 | cur 1 hist 1 boot 1 teach 1 base 0 heur 0 | avg reward -0.000 
PPO linea    [####------------------------]  14.4% 7195/50000 |  109.5/s | elapsed 1m 6s | eta 6m 31s | process workers | seats 8 | tracked 30 | cur 2 hist 1 boot 1 teach 3 base 1 heur 0 | avg reward -0.000 
PPO linea    [####------------------------]  14.4% 7217/50000 |  109.5/s | elapsed 1m 6s | eta 6m 31s | process workers | seats 8 | tracked 15 | cur 1 hist 1 boot 1 teach 3 base 1 heur 1 | avg reward -0.000 
PPO linea    [####------------------------]  14.5% 7239/50000 |  109.5/s | elapsed 1m 6s | eta 6m 31s | process workers | seats 6 | tracked 15 | cur 1 hist 1 boot 0 teach 4 base 0 heur 0 | avg reward -0.000 
PPO linea    [####------------------------]  14.5% 7261/50000 |  109.5/s | elapsed 1m 6s | eta 6m 30s | process workers | seats 10 | tracked 15 | cur 1 hist 2 boot 1 teach 5 base 1 heur 0 | avg reward -0.000
PPO linea    [####------------------------]  14.6% 7283/50000 |  109.5/s | elapsed 1m 7s | eta 6m 30s | process workers | seats 6 | tracked 15 | cur 1 hist 0 boot 1 teach 4 base 0 heur 0 | avg reward -0.000 
PPO linea    [####------------------------]  14.6% 7305/50000 |  109.5/s | elapsed 1m 7s | eta 6m 30s | process workers | seats 10 | tracked 30 | cur 2 hist 0 boot 1 teach 5 base 2 heur 0 | avg reward -0.000
PPO linea    [####------------------------]  14.7% 7327/50000 |  109.5/s | elapsed 1m 7s | eta 6m 30s | process workers | seats 4 | tracked 15 | cur 1 hist 0 boot 1 teach 1 base 0 heur 1 | avg reward -0.000 
PPO linea    [####------------------------]  14.7% 7349/50000 |  109.5/s | elapsed 1m 7s | eta 6m 30s | process workers | seats 6 | tracked 15 | cur 1 hist 0 boot 1 teach 2 base 1 heur 1 | avg reward -0.000 
PPO linea    [####------------------------]  14.7% 7371/50000 |  109.5/s | elapsed 1m 7s | eta 6m 29s | process workers | seats 10 | tracked 15 | cur 1 hist 4 boot 1 teach 3 base 1 heur 0 | avg reward -0.000
PPO linea    [####------------------------]  14.8% 7393/50000 |  109.5/s | elapsed 1m 8s | eta 6m 29s | process workers | seats 2 | tracked 15 | cur 1 hist 0 boot 1 teach 0 base 0 heur 0 | avg reward -0.000 
PPO linea    [####------------------------]  14.8% 7415/50000 |  109.5/s | elapsed 1m 8s | eta 6m 29s | process workers | seats 6 | tracked 15 | cur 1 hist 0 boot 0 teach 4 base 1 heur 0 | avg reward -0.000 
PPO linea    [####------------------------]  14.9% 7437/50000 |  109.5/s | elapsed 1m 8s | eta 6m 29s | process workers | seats 8 | tracked 15 | cur 1 hist 3 boot 0 teach 3 base 1 heur 0 | avg reward -0.000 
PPO linea    [####------------------------]  14.9% 7459/50000 |  109.5/s | elapsed 1m 8s | eta 6m 29s | process workers | seats 8 | tracked 15 | cur 1 hist 0 boot 0 teach 5 base 1 heur 1 | avg reward -0.000 
PPO linea    [####------------------------]  15.0% 7481/50000 |  109.5/s | elapsed 1m 8s | eta 6m 28s | process workers | seats 10 | tracked 15 | cur 1 hist 3 boot 0 teach 2 base 3 heur 1 | avg reward -0.000
PPO linea    [####------------------------]  15.0% 7503/50000 |  109.4/s | elapsed 1m 9s | eta 6m 28s | process workers | seats 10 | tracked 15 | cur 1 hist 2 boot 4 teach 3 base 0 heur 0 | avg reward -0.000
PPO linea    [####------------------------]  15.0% 7525/50000 |  109.4/s | elapsed 1m 9s | eta 6m 28s | process workers | seats 8 | tracked 30 | cur 2 hist 2 boot 0 teach 3 base 1 heur 0 | avg reward -0.000 
PPO linea    [####------------------------]  15.1% 7547/50000 |  109.4/s | elapsed 1m 9s | eta 6m 28s | process workers | seats 4 | tracked 15 | cur 1 hist 1 boot 0 teach 2 base 0 heur 0 | avg reward -0.000 
PPO linea    [####------------------------]  15.1% 7569/50000 |  109.4/s | elapsed 1m 9s | eta 6m 28s | process workers | seats 6 | tracked 15 | cur 1 hist 1 boot 0 teach 1 base 1 heur 2 | avg reward -0.000 
PPO linea    [####------------------------]  15.2% 7591/50000 |  109.4/s | elapsed 1m 9s | eta 6m 28s | process workers | seats 10 | tracked 30 | cur 2 hist 1 boot 2 teach 4 base 1 heur 0 | avg reward -0.000
PPO linea    [####------------------------]  15.2% 7613/50000 |  109.4/s | elapsed 1m 10s | eta 6m 28s | process workers | seats 2 | tracked 15 | cur 1 hist 1 boot 0 teach 0 base 0 heur 0 | avg reward -0.000
PPO linea    [####------------------------]  15.3% 7635/50000 |  109.4/s | elapsed 1m 10s | eta 6m 27s | process workers | seats 10 | tracked 30 | cur 2 hist 3 boot 0 teach 3 base 2 heur 0 | avg reward -0.000
PPO linea    [####------------------------]  15.3% 7657/50000 |  109.4/s | elapsed 1m 10s | eta 6m 27s | process workers | seats 4 | tracked 15 | cur 1 hist 0 boot 1 teach 2 base 0 heur 0 | avg reward -0.000 
PPO linea    [####------------------------]  15.4% 7679/50000 |  109.4/s | elapsed 1m 10s | eta 6m 27s | process workers | seats 6 | tracked 15 | cur 1 hist 2 boot 0 teach 2 base 1 heur 0 | avg reward -0.000 
PPO linea    [####------------------------]  15.4% 7701/50000 |  109.4/s | elapsed 1m 10s | eta 6m 27s | process workers | seats 10 | tracked 30 | cur 2 hist 4 boot 1 teach 3 base 0 heur 0 | avg reward -0.000
PPO linea    [####------------------------]  15.4% 7723/50000 |  109.4/s | elapsed 1m 11s | eta 6m 26s | process workers | seats 6 | tracked 15 | cur 1 hist 0 boot 1 teach 3 base 1 heur 0 | avg reward -0.000 
PPO linea    [####------------------------]  15.5% 7745/50000 |  109.4/s | elapsed 1m 11s | eta 6m 26s | process workers | seats 8 | tracked 15 | cur 1 hist 4 boot 0 teach 1 base 2 heur 0 | avg reward -0.000 
PPO linea    [####------------------------]  15.5% 7767/50000 |  109.4/s | elapsed 1m 11s | eta 6m 26s | process workers | seats 10 | tracked 15 | cur 1 hist 0 boot 4 teach 2 base 2 heur 1 | avg reward -0.000
PPO linea    [####------------------------]  15.6% 7789/50000 |  109.4/s | elapsed 1m 11s | eta 6m 26s | process workers | seats 8 | tracked 15 | cur 1 hist 2 boot 2 teach 2 base 1 heur 0 | avg reward -0.000 
PPO linea    [####------------------------]  15.6% 7811/50000 |  109.5/s | elapsed 1m 11s | eta 6m 25s | process workers | seats 10 | tracked 15 | cur 1 hist 3 boot 2 teach 1 base 2 heur 1 | avg reward -0.000
PPO linea    [####------------------------]  15.7% 7833/50000 |  109.5/s | elapsed 1m 12s | eta 6m 25s | process workers | seats 10 | tracked 15 | cur 1 hist 3 boot 2 teach 2 base 1 heur 1 | avg reward -0.000
PPO linea    [####------------------------]  15.7% 7855/50000 |  109.5/s | elapsed 1m 12s | eta 6m 25s | process workers | seats 10 | tracked 15 | cur 1 hist 0 boot 3 teach 4 base 2 heur 0 | avg reward -0.000
PPO linea    [####------------------------]  15.8% 7877/50000 |  109.5/s | elapsed 1m 12s | eta 6m 25s | process workers | seats 6 | tracked 15 | cur 1 hist 2 boot 0 teach 1 base 1 heur 1 | avg reward -0.000 
PPO linea    [####------------------------]  15.8% 7899/50000 |  109.5/s | elapsed 1m 12s | eta 6m 25s | process workers | seats 6 | tracked 15 | cur 1 hist 0 boot 2 teach 1 base 1 heur 1 | avg reward -0.000 
PPO linea    [####------------------------]  15.8% 7921/50000 |  109.5/s | elapsed 1m 12s | eta 6m 24s | process workers | seats 8 | tracked 15 | cur 1 hist 6 boot 0 teach 1 base 0 heur 0 | avg reward -0.000 
PPO linea    [####------------------------]  15.9% 7943/50000 |  109.5/s | elapsed 1m 13s | eta 6m 24s | process workers | seats 8 | tracked 15 | cur 1 hist 1 boot 1 teach 5 base 0 heur 0 | avg reward -0.000 
PPO linea    [####------------------------]  15.9% 7965/50000 |  109.5/s | elapsed 1m 13s | eta 6m 24s | process workers | seats 10 | tracked 15 | cur 1 hist 1 boot 2 teach 5 base 1 heur 0 | avg reward -0.000
PPO linea    [####------------------------]  16.0% 7987/50000 |  109.5/s | elapsed 1m 13s | eta 6m 24s | process workers | seats 2 | tracked 15 | cur 1 hist 0 boot 0 teach 1 base 0 heur 0 | avg reward -0.000 
PPO linea    [####------------------------]  16.0% 8009/50000 |  109.5/s | elapsed 1m 13s | eta 6m 24s | process workers | seats 10 | tracked 15 | cur 1 hist 2 boot 2 teach 5 base 0 heur 0 | avg reward -0.000
PPO linea    [####------------------------]  16.1% 8031/50000 |  109.5/s | elapsed 1m 13s | eta 6m 23s | process workers | seats 4 | tracked 15 | cur 1 hist 1 boot 1 teach 0 base 1 heur 0 | avg reward -0.000 
PPO linea    [####------------------------]  16.1% 8053/50000 |  109.5/s | elapsed 1m 14s | eta 6m 23s | process workers | seats 8 | tracked 15 | cur 1 hist 2 boot 1 teach 3 base 1 heur 0 | avg reward -0.000 
PPO linea    [####------------------------]  16.2% 8075/50000 |  109.5/s | elapsed 1m 14s | eta 6m 23s | process workers | seats 2 | tracked 15 | cur 1 hist 0 boot 1 teach 0 base 0 heur 0 | avg reward -0.000 
PPO linea    [####------------------------]  16.2% 8097/50000 |  109.5/s | elapsed 1m 14s | eta 6m 23s | process workers | seats 8 | tracked 15 | cur 1 hist 2 boot 0 teach 3 base 0 heur 2 | avg reward -0.000 
PPO linea    [####------------------------]  16.2% 8119/50000 |  109.5/s | elapsed 1m 14s | eta 6m 22s | process workers | seats 4 | tracked 15 | cur 1 hist 0 boot 0 teach 3 base 0 heur 0 | avg reward -0.000 
PPO linea    [####------------------------]  16.3% 8141/50000 |  109.6/s | elapsed 1m 14s | eta 6m 22s | process workers | seats 4 | tracked 15 | cur 1 hist 0 boot 0 teach 1 base 2 heur 0 | avg reward -0.000 
PPO linea    [####------------------------]  16.3% 8163/50000 |  109.6/s | elapsed 1m 14s | eta 6m 22s | process workers | seats 8 | tracked 30 | cur 2 hist 4 boot 0 teach 2 base 0 heur 0 | avg reward -0.000 
PPO linea    [####------------------------]  16.4% 8185/50000 |  109.6/s | elapsed 1m 15s | eta 6m 22s | process workers | seats 8 | tracked 30 | cur 2 hist 1 boot 1 teach 4 base 0 heur 0 | avg reward -0.000 
PPO linea    [####------------------------]  16.4% 8207/50000 |  109.6/s | elapsed 1m 15s | eta 6m 21s | process workers | seats 6 | tracked 15 | cur 1 hist 2 boot 0 teach 2 base 1 heur 0 | avg reward -0.000 
PPO linea    [####------------------------]  16.5% 8229/50000 |  109.6/s | elapsed 1m 15s | eta 6m 21s | process workers | seats 8 | tracked 15 | cur 1 hist 0 boot 3 teach 2 base 1 heur 1 | avg reward -0.000 
PPO linea    [####------------------------]  16.5% 8251/50000 |  109.6/s | elapsed 1m 15s | eta 6m 21s | process workers | seats 6 | tracked 15 | cur 1 hist 0 boot 1 teach 3 base 1 heur 0 | avg reward -0.000 
PPO linea    [####------------------------]  16.5% 8273/50000 |  109.6/s | elapsed 1m 15s | eta 6m 21s | process workers | seats 8 | tracked 15 | cur 1 hist 2 boot 0 teach 3 base 1 heur 1 | avg reward -0.000 
PPO linea    [####------------------------]  16.6% 8295/50000 |  109.6/s | elapsed 1m 16s | eta 6m 20s | process workers | seats 4 | tracked 15 | cur 1 hist 1 boot 0 teach 1 base 0 heur 1 | avg reward -0.000 
PPO linea    [####------------------------]  16.6% 8317/50000 |  109.6/s | elapsed 1m 16s | eta 6m 20s | process workers | seats 6 | tracked 15 | cur 1 hist 1 boot 2 teach 1 base 1 heur 0 | avg reward -0.000 
PPO linea    [####------------------------]  16.7% 8339/50000 |  109.6/s | elapsed 1m 16s | eta 6m 20s | process workers | seats 8 | tracked 30 | cur 2 hist 4 boot 1 teach 1 base 0 heur 0 | avg reward -0.000 
PPO linea    [####------------------------]  16.7% 8361/50000 |  109.7/s | elapsed 1m 16s | eta 6m 20s | process workers | seats 10 | tracked 30 | cur 2 hist 1 boot 1 teach 3 base 2 heur 1 | avg reward -0.000
PPO linea    [####------------------------]  16.8% 8383/50000 |  109.6/s | elapsed 1m 16s | eta 6m 20s | process workers | seats 10 | tracked 30 | cur 2 hist 1 boot 2 teach 3 base 1 heur 1 | avg reward -0.000
PPO linea    [####------------------------]  16.8% 8405/50000 |  109.7/s | elapsed 1m 17s | eta 6m 19s | process workers | seats 6 | tracked 15 | cur 1 hist 2 boot 1 teach 2 base 0 heur 0 | avg reward -0.000 
PPO linea    [####------------------------]  16.9% 8427/50000 |  109.7/s | elapsed 1m 17s | eta 6m 19s | process workers | seats 10 | tracked 30 | cur 2 hist 2 boot 1 teach 5 base 0 heur 0 | avg reward -0.000
PPO linea    [####------------------------]  16.9% 8449/50000 |  109.7/s | elapsed 1m 17s | eta 6m 19s | process workers | seats 6 | tracked 15 | cur 1 hist 0 boot 2 teach 2 base 1 heur 0 | avg reward -0.000 
PPO linea    [####------------------------]  16.9% 8471/50000 |  109.7/s | elapsed 1m 17s | eta 6m 18s | process workers | seats 10 | tracked 15 | cur 1 hist 4 boot 0 teach 2 base 2 heur 1 | avg reward -0.000
PPO linea    [####------------------------]  17.0% 8493/50000 |  109.8/s | elapsed 1m 17s | eta 6m 18s | process workers | seats 6 | tracked 15 | cur 1 hist 0 boot 1 teach 3 base 1 heur 0 | avg reward -0.000 
PPO linea    [####------------------------]  17.0% 8515/50000 |  109.8/s | elapsed 1m 18s | eta 6m 18s | process workers | seats 4 | tracked 15 | cur 1 hist 0 boot 1 teach 1 base 1 heur 0 | avg reward -0.000 
PPO linea    [####------------------------]  17.1% 8537/50000 |  109.8/s | elapsed 1m 18s | eta 6m 18s | process workers | seats 6 | tracked 15 | cur 1 hist 0 boot 2 teach 1 base 2 heur 0 | avg reward -0.000 
PPO linea    [####------------------------]  17.1% 8559/50000 |  109.9/s | elapsed 1m 18s | eta 6m 17s | process workers | seats 8 | tracked 15 | cur 1 hist 1 boot 0 teach 6 base 0 heur 0 | avg reward -0.000 
PPO linea    [####------------------------]  17.2% 8581/50000 |  109.9/s | elapsed 1m 18s | eta 6m 17s | process workers | seats 2 | tracked 15 | cur 1 hist 0 boot 1 teach 0 base 0 heur 0 | avg reward -0.000 
PPO linea    [####------------------------]  17.2% 8603/50000 |  109.9/s | elapsed 1m 18s | eta 6m 17s | process workers | seats 8 | tracked 15 | cur 1 hist 1 boot 2 teach 3 base 1 heur 0 | avg reward -0.000 
PPO linea    [####------------------------]  17.2% 8625/50000 |  109.9/s | elapsed 1m 18s | eta 6m 17s | process workers | seats 4 | tracked 15 | cur 1 hist 0 boot 0 teach 3 base 0 heur 0 | avg reward -0.000 
PPO linea    [####------------------------]  17.3% 8647/50000 |  109.9/s | elapsed 1m 19s | eta 6m 16s | process workers | seats 10 | tracked 30 | cur 2 hist 1 boot 1 teach 4 base 2 heur 0 | avg reward -0.000
PPO linea    [####------------------------]  17.3% 8669/50000 |  109.9/s | elapsed 1m 19s | eta 6m 16s | process workers | seats 10 | tracked 15 | cur 1 hist 1 boot 1 teach 5 base 2 heur 0 | avg reward -0.000
PPO linea    [####------------------------]  17.4% 8691/50000 |  109.9/s | elapsed 1m 19s | eta 6m 16s | process workers | seats 6 | tracked 15 | cur 1 hist 2 boot 2 teach 1 base 0 heur 0 | avg reward -0.000 
PPO linea    [####------------------------]  17.4% 8713/50000 |  109.9/s | elapsed 1m 19s | eta 6m 16s | process workers | seats 4 | tracked 15 | cur 1 hist 1 boot 0 teach 1 base 1 heur 0 | avg reward -0.000 
PPO linea    [####------------------------]  17.5% 8735/50000 |  109.9/s | elapsed 1m 20s | eta 6m 16s | process workers | seats 4 | tracked 15 | cur 1 hist 2 boot 1 teach 0 base 0 heur 0 | avg reward -0.000 
PPO linea    [####------------------------]  17.5% 8757/50000 |  109.8/s | elapsed 1m 20s | eta 6m 16s | process workers | seats 6 | tracked 15 | cur 1 hist 0 boot 1 teach 2 base 2 heur 0 | avg reward -0.000 
PPO linea    [####------------------------]  17.6% 8779/50000 |  109.9/s | elapsed 1m 20s | eta 6m 15s | process workers | seats 10 | tracked 15 | cur 1 hist 2 boot 3 teach 2 base 0 heur 2 | avg reward -0.000
PPO linea    [####------------------------]  17.6% 8801/50000 |  109.9/s | elapsed 1m 20s | eta 6m 15s | process workers | seats 10 | tracked 30 | cur 2 hist 3 boot 1 teach 4 base 0 heur 0 | avg reward -0.000
PPO linea    [####------------------------]  17.6% 8823/50000 |  109.9/s | elapsed 1m 20s | eta 6m 15s | process workers | seats 6 | tracked 15 | cur 1 hist 1 boot 0 teach 4 base 0 heur 0 | avg reward -0.000 
PPO linea    [####------------------------]  17.7% 8845/50000 |  109.9/s | elapsed 1m 20s | eta 6m 14s | process workers | seats 8 | tracked 30 | cur 2 hist 1 boot 1 teach 2 base 1 heur 1 | avg reward -0.000 
PPO linea    [####------------------------]  17.7% 8867/50000 |  109.9/s | elapsed 1m 21s | eta 6m 14s | process workers | seats 8 | tracked 15 | cur 1 hist 4 boot 1 teach 2 base 0 heur 0 | avg reward -0.000 
PPO linea    [####------------------------]  17.8% 8889/50000 |  109.9/s | elapsed 1m 21s | eta 6m 14s | process workers | seats 8 | tracked 30 | cur 2 hist 2 boot 1 teach 3 base 0 heur 0 | avg reward -0.000 
PPO linea    [####------------------------]  17.8% 8911/50000 |  109.9/s | elapsed 1m 21s | eta 6m 14s | process workers | seats 6 | tracked 15 | cur 1 hist 0 boot 1 teach 3 base 0 heur 1 | avg reward -0.000 
PPO linea    [#####-----------------------]  17.9% 8933/50000 |  109.9/s | elapsed 1m 21s | eta 6m 14s | process workers | seats 8 | tracked 15 | cur 1 hist 3 boot 2 teach 1 base 0 heur 1 | avg reward -0.000 
PPO linea    [#####-----------------------]  17.9% 8955/50000 |  109.9/s | elapsed 1m 22s | eta 6m 14s | process workers | seats 10 | tracked 15 | cur 1 hist 4 boot 2 teach 3 base 0 heur 0 | avg reward -0.000
PPO linea    [#####-----------------------]  18.0% 8977/50000 |  109.9/s | elapsed 1m 22s | eta 6m 13s | process workers | seats 2 | tracked 15 | cur 1 hist 0 boot 0 teach 1 base 0 heur 0 | avg reward -0.000 
PPO linea    [#####-----------------------]  18.0% 8999/50000 |  109.9/s | elapsed 1m 22s | eta 6m 13s | process workers | seats 8 | tracked 15 | cur 1 hist 1 boot 1 teach 3 base 0 heur 2 | avg reward -0.000 
PPO linea    [#####-----------------------]  18.0% 9021/50000 |  109.9/s | elapsed 1m 22s | eta 6m 13s | process workers | seats 10 | tracked 30 | cur 2 hist 5 boot 1 teach 0 base 2 heur 0 | avg reward -0.000
PPO linea    [#####-----------------------]  18.1% 9043/50000 |  109.9/s | elapsed 1m 22s | eta 6m 13s | process workers | seats 4 | tracked 15 | cur 1 hist 0 boot 1 teach 1 base 0 heur 1 | avg reward -0.000 
PPO linea    [#####-----------------------]  18.1% 9065/50000 |  109.9/s | elapsed 1m 22s | eta 6m 12s | process workers | seats 8 | tracked 15 | cur 1 hist 2 boot 2 teach 2 base 1 heur 0 | avg reward -0.000 
PPO linea    [#####-----------------------]  18.2% 9087/50000 |  109.9/s | elapsed 1m 23s | eta 6m 12s | process workers | seats 10 | tracked 30 | cur 2 hist 1 boot 1 teach 4 base 2 heur 0 | avg reward -0.000
PPO linea    [#####-----------------------]  18.2% 9109/50000 |  109.9/s | elapsed 1m 23s | eta 6m 12s | process workers | seats 2 | tracked 15 | cur 1 hist 0 boot 0 teach 1 base 0 heur 0 | avg reward -0.000 
PPO linea    [#####-----------------------]  18.3% 9131/50000 |  109.9/s | elapsed 1m 23s | eta 6m 12s | process workers | seats 4 | tracked 15 | cur 1 hist 0 boot 1 teach 0 base 1 heur 1 | avg reward -0.000 
PPO linea    [#####-----------------------]  18.3% 9153/50000 |  110.0/s | elapsed 1m 23s | eta 6m 11s | process workers | seats 10 | tracked 30 | cur 2 hist 2 boot 0 teach 5 base 0 heur 1 | avg reward -0.000
PPO linea    [#####-----------------------]  18.4% 9175/50000 |  109.9/s | elapsed 1m 23s | eta 6m 11s | process workers | seats 2 | tracked 15 | cur 1 hist 0 boot 0 teach 1 base 0 heur 0 | avg reward -0.000 
PPO linea    [#####-----------------------]  18.4% 9197/50000 |  110.0/s | elapsed 1m 24s | eta 6m 11s | process workers | seats 8 | tracked 15 | cur 1 hist 2 boot 2 teach 2 base 1 heur 0 | avg reward -0.000 
PPO linea    [#####-----------------------]  18.4% 9219/50000 |  110.0/s | elapsed 1m 24s | eta 6m 11s | process workers | seats 8 | tracked 15 | cur 1 hist 2 boot 1 teach 3 base 0 heur 1 | avg reward -0.000 
PPO linea    [#####-----------------------]  18.5% 9241/50000 |  110.0/s | elapsed 1m 24s | eta 6m 11s | process workers | seats 2 | tracked 15 | cur 1 hist 1 boot 0 teach 0 base 0 heur 0 | avg reward -0.000 
PPO linea    [#####-----------------------]  18.5% 9263/50000 |  109.9/s | elapsed 1m 24s | eta 6m 11s | process workers | seats 4 | tracked 15 | cur 1 hist 1 boot 1 teach 1 base 0 heur 0 | avg reward -0.000 
PPO linea    [#####-----------------------]  18.6% 9285/50000 |  109.9/s | elapsed 1m 24s | eta 6m 10s | process workers | seats 10 | tracked 15 | cur 1 hist 3 boot 1 teach 4 base 1 heur 0 | avg reward -0.000
PPO linea    [#####-----------------------]  18.6% 9307/50000 |  109.9/s | elapsed 1m 25s | eta 6m 10s | process workers | seats 8 | tracked 15 | cur 1 hist 0 boot 4 teach 1 base 2 heur 0 | avg reward -0.000 
PPO linea    [#####-----------------------]  18.7% 9329/50000 |  109.9/s | elapsed 1m 25s | eta 6m 10s | process workers | seats 2 | tracked 15 | cur 1 hist 1 boot 0 teach 0 base 0 heur 0 | avg reward -0.000 
PPO linea    [#####-----------------------]  18.7% 9351/50000 |  110.0/s | elapsed 1m 25s | eta 6m 10s | process workers | seats 2 | tracked 15 | cur 1 hist 1 boot 0 teach 0 base 0 heur 0 | avg reward -0.000 
PPO linea    [#####-----------------------]  18.7% 9373/50000 |  110.0/s | elapsed 1m 25s | eta 6m 9s | process workers | seats 4 | tracked 15 | cur 1 hist 0 boot 0 teach 1 base 1 heur 1 | avg reward -0.000  
PPO linea    [#####-----------------------]  18.8% 9395/50000 |  110.0/s | elapsed 1m 25s | eta 6m 9s | process workers | seats 2 | tracked 15 | cur 1 hist 0 boot 0 teach 0 base 1 heur 0 | avg reward -0.000  
PPO linea    [#####-----------------------]  18.8% 9417/50000 |  110.0/s | elapsed 1m 26s | eta 6m 9s | process workers | seats 10 | tracked 15 | cur 1 hist 0 boot 5 teach 3 base 0 heur 1 | avg reward -0.000 
PPO linea    [#####-----------------------]  18.9% 9439/50000 |  109.9/s | elapsed 1m 26s | eta 6m 9s | process workers | seats 10 | tracked 15 | cur 1 hist 5 boot 1 teach 2 base 1 heur 0 | avg reward -0.000 
PPO linea    [#####-----------------------]  18.9% 9461/50000 |  109.9/s | elapsed 1m 26s | eta 6m 9s | process workers | seats 10 | tracked 30 | cur 2 hist 3 boot 3 teach 2 base 0 heur 0 | avg reward -0.000 
PPO linea    [#####-----------------------]  19.0% 9483/50000 |  109.9/s | elapsed 1m 26s | eta 6m 9s | process workers | seats 4 | tracked 15 | cur 1 hist 0 boot 0 teach 3 base 0 heur 0 | avg reward -0.000  
PPO linea    [#####-----------------------]  19.0% 9505/50000 |  109.9/s | elapsed 1m 26s | eta 6m 8s | process workers | seats 6 | tracked 15 | cur 1 hist 1 boot 0 teach 4 base 0 heur 0 | avg reward -0.000  
PPO linea    [#####-----------------------]  19.1% 9527/50000 |  109.9/s | elapsed 1m 27s | eta 6m 8s | process workers | seats 10 | tracked 30 | cur 2 hist 4 boot 1 teach 3 base 0 heur 0 | avg reward -0.000 
PPO linea    [#####-----------------------]  19.1% 9549/50000 |  109.9/s | elapsed 1m 27s | eta 6m 8s | process workers | seats 8 | tracked 30 | cur 2 hist 1 boot 1 teach 3 base 1 heur 0 | avg reward -0.000  
PPO linea    [#####-----------------------]  19.1% 9571/50000 |  109.9/s | elapsed 1m 27s | eta 6m 8s | process workers | seats 10 | tracked 30 | cur 2 hist 2 boot 0 teach 5 base 0 heur 1 | avg reward -0.000 
PPO linea    [#####-----------------------]  19.2% 9593/50000 |  110.0/s | elapsed 1m 27s | eta 6m 7s | process workers | seats 8 | tracked 15 | cur 1 hist 0 boot 1 teach 3 base 2 heur 1 | avg reward -0.000  
PPO linea    [#####-----------------------]  19.2% 9615/50000 |  109.9/s | elapsed 1m 27s | eta 6m 7s | process workers | seats 6 | tracked 15 | cur 1 hist 0 boot 1 teach 3 base 1 heur 0 | avg reward -0.000  
PPO linea    [#####-----------------------]  19.3% 9637/50000 |  109.9/s | elapsed 1m 28s | eta 6m 7s | process workers | seats 4 | tracked 15 | cur 1 hist 0 boot 0 teach 1 base 2 heur 0 | avg reward -0.000  
PPO linea    [#####-----------------------]  19.3% 9659/50000 |  109.9/s | elapsed 1m 28s | eta 6m 7s | process workers | seats 6 | tracked 15 | cur 1 hist 0 boot 1 teach 3 base 1 heur 0 | avg reward -0.000  
PPO linea    [#####-----------------------]  19.4% 9681/50000 |  110.0/s | elapsed 1m 28s | eta 6m 7s | process workers | seats 4 | tracked 15 | cur 1 hist 0 boot 0 teach 1 base 1 heur 1 | avg reward -0.000  
PPO linea    [#####-----------------------]  19.4% 9703/50000 |  110.0/s | elapsed 1m 28s | eta 6m 6s | process workers | seats 6 | tracked 15 | cur 1 hist 1 boot 1 teach 1 base 2 heur 0 | avg reward -0.000  
PPO linea    [#####-----------------------]  19.4% 9725/50000 |  109.9/s | elapsed 1m 28s | eta 6m 6s | process workers | seats 2 | tracked 15 | cur 1 hist 0 boot 0 teach 1 base 0 heur 0 | avg reward -0.000  
PPO linea    [#####-----------------------]  19.5% 9747/50000 |  109.9/s | elapsed 1m 29s | eta 6m 6s | process workers | seats 2 | tracked 15 | cur 1 hist 1 boot 0 teach 0 base 0 heur 0 | avg reward -0.000  
PPO linea    [#####-----------------------]  19.5% 9769/50000 |  110.0/s | elapsed 1m 29s | eta 6m 6s | process workers | seats 8 | tracked 15 | cur 1 hist 1 boot 2 teach 3 base 1 heur 0 | avg reward -0.000  
PPO linea    [#####-----------------------]  19.6% 9791/50000 |  110.0/s | elapsed 1m 29s | eta 6m 6s | process workers | seats 6 | tracked 15 | cur 1 hist 0 boot 0 teach 5 base 0 heur 0 | avg reward -0.000  
PPO linea    [#####-----------------------]  19.6% 9813/50000 |  110.0/s | elapsed 1m 29s | eta 6m 5s | process workers | seats 8 | tracked 15 | cur 1 hist 3 boot 1 teach 3 base 0 heur 0 | avg reward -0.000  
PPO linea    [#####-----------------------]  19.7% 9835/50000 |  110.0/s | elapsed 1m 29s | eta 6m 5s | process workers | seats 10 | tracked 15 | cur 1 hist 4 boot 1 teach 4 base 0 heur 0 | avg reward -0.000 
PPO linea    [#####-----------------------]  19.7% 9857/50000 |  110.0/s | elapsed 1m 30s | eta 6m 5s | process workers | seats 6 | tracked 15 | cur 1 hist 0 boot 0 teach 2 base 3 heur 0 | avg reward -0.000  
PPO linea    [#####-----------------------]  19.8% 9879/50000 |  110.0/s | elapsed 1m 30s | eta 6m 5s | process workers | seats 6 | tracked 15 | cur 1 hist 0 boot 2 teach 1 base 0 heur 2 | avg reward -0.000  
PPO linea    [#####-----------------------]  19.8% 9901/50000 |  110.0/s | elapsed 1m 30s | eta 6m 5s | process workers | seats 8 | tracked 30 | cur 2 hist 2 boot 1 teach 3 base 0 heur 0 | avg reward -0.000  
PPO linea    [#####-----------------------]  19.8% 9923/50000 |  110.0/s | elapsed 1m 30s | eta 6m 4s | process workers | seats 4 | tracked 15 | cur 1 hist 0 boot 2 teach 1 base 0 heur 0 | avg reward -0.000  
PPO linea    [#####-----------------------]  19.9% 9945/50000 |  110.0/s | elapsed 1m 30s | eta 6m 4s | process workers | seats 4 | tracked 15 | cur 1 hist 2 boot 0 teach 1 base 0 heur 0 | avg reward -0.000  
PPO linea    [#####-----------------------]  19.9% 9967/50000 |  110.0/s | elapsed 1m 31s | eta 6m 4s | process workers | seats 4 | tracked 15 | cur 1 hist 2 boot 0 teach 0 base 0 heur 1 | avg reward -0.000  
PPO linea    [#####-----------------------]  20.0% 9989/50000 |  110.0/s | elapsed 1m 31s | eta 6m 4s | process workers | seats 10 | tracked 15 | cur 1 hist 4 boot 0 teach 3 base 2 heur 0 | avg reward -0.000 
PPO linea    [#####-----------------------]  20.0% 10011/50000 |  110.0/s | elapsed 1m 31s | eta 6m 4s | process workers | seats 8 | tracked 30 | cur 2 hist 2 boot 0 teach 3 base 1 heur 0 | avg reward -0.000 
PPO linea    [#####-----------------------]  20.1% 10033/50000 |  109.9/s | elapsed 1m 31s | eta 6m 4s | process workers | seats 8 | tracked 15 | cur 1 hist 1 boot 1 teach 2 base 2 heur 1 | avg reward -0.000 
PPO linea    [#####-----------------------]  20.1% 10055/50000 |  110.0/s | elapsed 1m 31s | eta 6m 3s | process workers | seats 4 | tracked 15 | cur 1 hist 0 boot 0 teach 2 base 0 heur 1 | avg reward -0.000 
PPO linea    [#####-----------------------]  20.2% 10077/50000 |  110.0/s | elapsed 1m 32s | eta 6m 3s | process workers | seats 6 | tracked 15 | cur 1 hist 1 boot 1 teach 3 base 0 heur 0 | avg reward -0.000 
PPO linea    [#####-----------------------]  20.2% 10099/50000 |  110.0/s | elapsed 1m 32s | eta 6m 3s | process workers | seats 8 | tracked 15 | cur 1 hist 4 boot 1 teach 2 base 0 heur 0 | avg reward -0.000 
PPO linea    [#####-----------------------]  20.2% 10121/50000 |  110.0/s | elapsed 1m 32s | eta 6m 3s | process workers | seats 10 | tracked 15 | cur 1 hist 1 boot 3 teach 3 base 2 heur 0 | avg reward -0.000
PPO linea    [#####-----------------------]  20.3% 10143/50000 |  110.0/s | elapsed 1m 32s | eta 6m 2s | process workers | seats 10 | tracked 30 | cur 2 hist 0 boot 2 teach 3 base 1 heur 2 | avg reward -0.000
PPO linea    [#####-----------------------]  20.3% 10165/50000 |  110.0/s | elapsed 1m 32s | eta 6m 2s | process workers | seats 10 | tracked 15 | cur 1 hist 3 boot 0 teach 3 base 3 heur 0 | avg reward -0.000
PPO linea    [#####-----------------------]  20.4% 10187/50000 |  110.0/s | elapsed 1m 33s | eta 6m 2s | process workers | seats 10 | tracked 15 | cur 1 hist 1 boot 2 teach 4 base 2 heur 0 | avg reward -0.000
PPO linea    [#####-----------------------]  20.4% 10209/50000 |  110.1/s | elapsed 1m 33s | eta 6m 2s | process workers | seats 4 | tracked 15 | cur 1 hist 1 boot 1 teach 1 base 0 heur 0 | avg reward -0.000 
PPO linea    [#####-----------------------]  20.5% 10231/50000 |  110.0/s | elapsed 1m 33s | eta 6m 1s | process workers | seats 6 | tracked 15 | cur 1 hist 1 boot 2 teach 1 base 1 heur 0 | avg reward -0.000 
PPO linea    [#####-----------------------]  20.5% 10253/50000 |  110.0/s | elapsed 1m 33s | eta 6m 1s | process workers | seats 10 | tracked 15 | cur 1 hist 2 boot 2 teach 2 base 3 heur 0 | avg reward -0.000
PPO linea    [#####-----------------------]  20.5% 10275/50000 |  110.0/s | elapsed 1m 33s | eta 6m 1s | process workers | seats 4 | tracked 15 | cur 1 hist 0 boot 1 teach 2 base 0 heur 0 | avg reward -0.000 
PPO linea    [#####-----------------------]  20.6% 10297/50000 |  110.0/s | elapsed 1m 34s | eta 6m 1s | process workers | seats 2 | tracked 15 | cur 1 hist 0 boot 0 teach 0 base 1 heur 0 | avg reward -0.000 
PPO linea    [#####-----------------------]  20.6% 10319/50000 |  110.0/s | elapsed 1m 34s | eta 6m 1s | process workers | seats 4 | tracked 15 | cur 1 hist 2 boot 0 teach 0 base 1 heur 0 | avg reward -0.000 
PPO linea    [#####-----------------------]  20.7% 10341/50000 |  110.1/s | elapsed 1m 34s | eta 6m 0s | process workers | seats 4 | tracked 15 | cur 1 hist 1 boot 1 teach 1 base 0 heur 0 | avg reward -0.000 
PPO linea    [#####-----------------------]  20.7% 10363/50000 |  110.1/s | elapsed 1m 34s | eta 6m 0s | process workers | seats 8 | tracked 15 | cur 1 hist 2 boot 1 teach 3 base 1 heur 0 | avg reward -0.000 
PPO linea    [#####-----------------------]  20.8% 10385/50000 |  110.1/s | elapsed 1m 34s | eta 6m 0s | process workers | seats 4 | tracked 15 | cur 1 hist 0 boot 2 teach 0 base 1 heur 0 | avg reward -0.000 
PPO linea    [#####-----------------------]  20.8% 10407/50000 |  110.1/s | elapsed 1m 35s | eta 6m 0s | process workers | seats 10 | tracked 15 | cur 1 hist 1 boot 0 teach 5 base 2 heur 1 | avg reward -0.000
PPO linea    [#####-----------------------]  20.9% 10429/50000 |  110.1/s | elapsed 1m 35s | eta 5m 59s | process workers | seats 6 | tracked 15 | cur 1 hist 0 boot 1 teach 3 base 0 heur 1 | avg reward -0.000
PPO linea    [#####-----------------------]  20.9% 10451/50000 |  110.1/s | elapsed 1m 35s | eta 5m 59s | process workers | seats 10 | tracked 15 | cur 1 hist 1 boot 2 teach 5 base 1 heur 0 | avg reward -0.000
PPO linea    [#####-----------------------]  20.9% 10473/50000 |  110.1/s | elapsed 1m 35s | eta 5m 59s | process workers | seats 4 | tracked 15 | cur 1 hist 1 boot 0 teach 2 base 0 heur 0 | avg reward -0.000 
PPO linea    [#####-----------------------]  21.0% 10495/50000 |  110.1/s | elapsed 1m 35s | eta 5m 59s | process workers | seats 8 | tracked 15 | cur 1 hist 1 boot 2 teach 2 base 1 heur 1 | avg reward -0.000 
PPO linea    [#####-----------------------]  21.0% 10517/50000 |  110.1/s | elapsed 1m 36s | eta 5m 59s | process workers | seats 4 | tracked 15 | cur 1 hist 0 boot 1 teach 1 base 1 heur 0 | avg reward -0.000 
PPO linea    [#####-----------------------]  21.1% 10539/50000 |  110.1/s | elapsed 1m 36s | eta 5m 58s | process workers | seats 10 | tracked 15 | cur 1 hist 2 boot 3 teach 1 base 1 heur 2 | avg reward -0.000
PPO linea    [#####-----------------------]  21.1% 10561/50000 |  110.1/s | elapsed 1m 36s | eta 5m 58s | process workers | seats 4 | tracked 15 | cur 1 hist 0 boot 0 teach 1 base 2 heur 0 | avg reward -0.000 
PPO linea    [#####-----------------------]  21.2% 10583/50000 |  110.1/s | elapsed 1m 36s | eta 5m 58s | process workers | seats 10 | tracked 30 | cur 2 hist 3 boot 1 teach 2 base 2 heur 0 | avg reward -0.000
PPO linea    [#####-----------------------]  21.2% 10605/50000 |  110.1/s | elapsed 1m 36s | eta 5m 58s | process workers | seats 4 | tracked 15 | cur 1 hist 1 boot 1 teach 1 base 0 heur 0 | avg reward -0.000 
PPO linea    [#####-----------------------]  21.3% 10627/50000 |  110.2/s | elapsed 1m 36s | eta 5m 57s | process workers | seats 6 | tracked 15 | cur 1 hist 1 boot 1 teach 2 base 0 heur 1 | avg reward -0.000 
PPO linea    [#####-----------------------]  21.3% 10649/50000 |  110.2/s | elapsed 1m 37s | eta 5m 57s | process workers | seats 6 | tracked 15 | cur 1 hist 0 boot 1 teach 4 base 0 heur 0 | avg reward -0.000 
PPO linea    [#####-----------------------]  21.3% 10671/50000 |  110.2/s | elapsed 1m 37s | eta 5m 57s | process workers | seats 8 | tracked 15 | cur 1 hist 1 boot 1 teach 5 base 0 heur 0 | avg reward -0.000 
PPO linea    [#####-----------------------]  21.4% 10693/50000 |  110.2/s | elapsed 1m 37s | eta 5m 57s | process workers | seats 10 | tracked 15 | cur 1 hist 5 boot 1 teach 2 base 1 heur 0 | avg reward -0.000
PPO linea    [######----------------------]  21.4% 10715/50000 |  110.2/s | elapsed 1m 37s | eta 5m 57s | process workers | seats 4 | tracked 15 | cur 1 hist 1 boot 0 teach 0 base 2 heur 0 | avg reward -0.000 
PPO linea    [######----------------------]  21.5% 10737/50000 |  110.2/s | elapsed 1m 37s | eta 5m 56s | process workers | seats 10 | tracked 15 | cur 1 hist 2 boot 6 teach 1 base 0 heur 0 | avg reward -0.000
PPO linea    [######----------------------]  21.5% 10759/50000 |  110.2/s | elapsed 1m 38s | eta 5m 56s | process workers | seats 8 | tracked 15 | cur 1 hist 2 boot 2 teach 2 base 1 heur 0 | avg reward -0.000 
PPO linea    [######----------------------]  21.6% 10781/50000 |  110.2/s | elapsed 1m 38s | eta 5m 56s | process workers | seats 2 | tracked 15 | cur 1 hist 0 boot 0 teach 0 base 1 heur 0 | avg reward -0.000 
PPO linea    [######----------------------]  21.6% 10803/50000 |  110.2/s | elapsed 1m 38s | eta 5m 56s | process workers | seats 4 | tracked 15 | cur 1 hist 0 boot 1 teach 1 base 0 heur 1 | avg reward -0.000 
PPO linea    [######----------------------]  21.6% 10825/50000 |  110.2/s | elapsed 1m 38s | eta 5m 56s | process workers | seats 10 | tracked 30 | cur 2 hist 1 boot 2 teach 2 base 1 heur 2 | avg reward -0.000
PPO linea    [######----------------------]  21.7% 10847/50000 |  110.2/s | elapsed 1m 38s | eta 5m 55s | process workers | seats 10 | tracked 15 | cur 1 hist 1 boot 2 teach 3 base 2 heur 1 | avg reward -0.000
PPO linea    [######----------------------]  21.7% 10869/50000 |  110.2/s | elapsed 1m 39s | eta 5m 55s | process workers | seats 8 | tracked 15 | cur 1 hist 1 boot 2 teach 4 base 0 heur 0 | avg reward -0.000 
PPO linea    [######----------------------]  21.8% 10891/50000 |  110.2/s | elapsed 1m 39s | eta 5m 55s | process workers | seats 4 | tracked 15 | cur 1 hist 0 boot 2 teach 1 base 0 heur 0 | avg reward -0.000 
PPO linea    [######----------------------]  21.8% 10913/50000 |  110.2/s | elapsed 1m 39s | eta 5m 55s | process workers | seats 4 | tracked 15 | cur 1 hist 0 boot 2 teach 1 base 0 heur 0 | avg reward -0.000 
PPO linea    [######----------------------]  21.9% 10935/50000 |  110.2/s | elapsed 1m 39s | eta 5m 54s | process workers | seats 2 | tracked 15 | cur 1 hist 1 boot 0 teach 0 base 0 heur 0 | avg reward -0.000 
PPO linea    [######----------------------]  21.9% 10957/50000 |  110.2/s | elapsed 1m 39s | eta 5m 54s | process workers | seats 10 | tracked 30 | cur 2 hist 2 boot 0 teach 3 base 1 heur 2 | avg reward -0.000
PPO linea    [######----------------------]  22.0% 10979/50000 |  110.2/s | elapsed 1m 40s | eta 5m 54s | process workers | seats 4 | tracked 15 | cur 1 hist 1 boot 1 teach 1 base 0 heur 0 | avg reward -0.000 
PPO linea    [######----------------------]  22.0% 11001/50000 |  110.2/s | elapsed 1m 40s | eta 5m 54s | process workers | seats 6 | tracked 15 | cur 1 hist 1 boot 1 teach 2 base 1 heur 0 | avg reward -0.000 
PPO linea    [######----------------------]  22.0% 11023/50000 |  110.2/s | elapsed 1m 40s | eta 5m 54s | process workers | seats 10 | tracked 15 | cur 1 hist 1 boot 2 teach 4 base 1 heur 1 | avg reward -0.000
PPO linea    [######----------------------]  22.1% 11045/50000 |  110.3/s | elapsed 1m 40s | eta 5m 53s | process workers | seats 8 | tracked 15 | cur 1 hist 2 boot 2 teach 3 base 0 heur 0 | avg reward -0.000 
PPO linea    [######----------------------]  22.1% 11067/50000 |  110.3/s | elapsed 1m 40s | eta 5m 53s | process workers | seats 6 | tracked 15 | cur 1 hist 0 boot 0 teach 3 base 2 heur 0 | avg reward -0.000 
PPO linea    [######----------------------]  22.2% 11089/50000 |  110.3/s | elapsed 1m 41s | eta 5m 53s | process workers | seats 10 | tracked 30 | cur 2 hist 2 boot 2 teach 1 base 2 heur 1 | avg reward -0.000
PPO linea    [######----------------------]  22.2% 11111/50000 |  110.4/s | elapsed 1m 41s | eta 5m 52s | process workers | seats 8 | tracked 15 | cur 1 hist 0 boot 2 teach 2 base 1 heur 2 | avg reward -0.000 
PPO linea    [######----------------------]  22.3% 11133/50000 |  110.3/s | elapsed 1m 41s | eta 5m 52s | process workers | seats 4 | tracked 15 | cur 1 hist 1 boot 0 teach 1 base 1 heur 0 | avg reward -0.000 
PPO linea    [######----------------------]  22.3% 11155/50000 |  110.3/s | elapsed 1m 41s | eta 5m 52s | process workers | seats 10 | tracked 15 | cur 1 hist 3 boot 1 teach 3 base 2 heur 0 | avg reward -0.000
PPO linea    [######----------------------]  22.4% 11177/50000 |  110.3/s | elapsed 1m 41s | eta 5m 52s | process workers | seats 8 | tracked 30 | cur 2 hist 0 boot 1 teach 2 base 1 heur 2 | avg reward -0.000 
PPO linea    [######----------------------]  22.4% 11199/50000 |  110.4/s | elapsed 1m 41s | eta 5m 52s | process workers | seats 2 | tracked 15 | cur 1 hist 0 boot 1 teach 0 base 0 heur 0 | avg reward -0.000 
PPO linea    [######----------------------]  22.4% 11221/50000 |  110.4/s | elapsed 1m 42s | eta 5m 51s | process workers | seats 6 | tracked 15 | cur 1 hist 0 boot 2 teach 2 base 1 heur 0 | avg reward -0.000 
PPO linea    [######----------------------]  22.5% 11243/50000 |  110.4/s | elapsed 1m 42s | eta 5m 51s | process workers | seats 10 | tracked 15 | cur 1 hist 2 boot 0 teach 6 base 1 heur 0 | avg reward -0.000
PPO linea    [######----------------------]  22.5% 11265/50000 |  110.3/s | elapsed 1m 42s | eta 5m 51s | process workers | seats 10 | tracked 30 | cur 2 hist 2 boot 1 teach 3 base 1 heur 1 | avg reward -0.000
PPO linea    [######----------------------]  22.6% 11287/50000 |  110.3/s | elapsed 1m 42s | eta 5m 51s | process workers | seats 2 | tracked 15 | cur 1 hist 1 boot 0 teach 0 base 0 heur 0 | avg reward -0.000 
PPO linea    [######----------------------]  22.6% 11309/50000 |  110.3/s | elapsed 1m 43s | eta 5m 51s | process workers | seats 6 | tracked 15 | cur 1 hist 1 boot 1 teach 2 base 0 heur 1 | avg reward -0.000 
PPO linea    [######----------------------]  22.7% 11331/50000 |  110.3/s | elapsed 1m 43s | eta 5m 51s | process workers | seats 4 | tracked 15 | cur 1 hist 0 boot 0 teach 2 base 1 heur 0 | avg reward -0.000 
PPO linea    [######----------------------]  22.7% 11353/50000 |  110.3/s | elapsed 1m 43s | eta 5m 50s | process workers | seats 4 | tracked 15 | cur 1 hist 2 boot 0 teach 1 base 0 heur 0 | avg reward -0.000 
PPO linea    [######----------------------]  22.8% 11375/50000 |  110.3/s | elapsed 1m 43s | eta 5m 50s | process workers | seats 6 | tracked 15 | cur 1 hist 0 boot 0 teach 2 base 3 heur 0 | avg reward -0.000 
PPO linea    [######----------------------]  22.8% 11397/50000 |  110.3/s | elapsed 1m 43s | eta 5m 50s | process workers | seats 8 | tracked 30 | cur 2 hist 1 boot 2 teach 2 base 1 heur 0 | avg reward -0.000 
PPO linea    [######----------------------]  22.8% 11419/50000 |  110.4/s | elapsed 1m 43s | eta 5m 50s | process workers | seats 6 | tracked 15 | cur 1 hist 2 boot 1 teach 2 base 0 heur 0 | avg reward -0.000 
PPO linea    [######----------------------]  22.9% 11441/50000 |  110.4/s | elapsed 1m 44s | eta 5m 49s | process workers | seats 2 | tracked 15 | cur 1 hist 1 boot 0 teach 0 base 0 heur 0 | avg reward -0.000 
PPO linea    [######----------------------]  22.9% 11463/50000 |  110.4/s | elapsed 1m 44s | eta 5m 49s | process workers | seats 10 | tracked 15 | cur 1 hist 2 boot 0 teach 3 base 4 heur 0 | avg reward -0.000
PPO linea    [######----------------------]  23.0% 11485/50000 |  110.4/s | elapsed 1m 44s | eta 5m 49s | process workers | seats 10 | tracked 15 | cur 1 hist 1 boot 0 teach 5 base 3 heur 0 | avg reward -0.000
PPO linea    [######----------------------]  23.0% 11507/50000 |  110.4/s | elapsed 1m 44s | eta 5m 49s | process workers | seats 8 | tracked 30 | cur 2 hist 1 boot 2 teach 1 base 2 heur 0 | avg reward -0.000 
PPO linea    [######----------------------]  23.1% 11529/50000 |  110.4/s | elapsed 1m 44s | eta 5m 49s | process workers | seats 10 | tracked 15 | cur 1 hist 3 boot 2 teach 3 base 0 heur 1 | avg reward -0.000
PPO linea    [######----------------------]  23.1% 11551/50000 |  110.4/s | elapsed 1m 45s | eta 5m 48s | process workers | seats 4 | tracked 15 | cur 1 hist 2 boot 0 teach 1 base 0 heur 0 | avg reward -0.000 
PPO linea    [######----------------------]  23.1% 11573/50000 |  110.4/s | elapsed 1m 45s | eta 5m 48s | process workers | seats 10 | tracked 30 | cur 2 hist 1 boot 2 teach 4 base 0 heur 1 | avg reward -0.000
PPO linea    [######----------------------]  23.2% 11595/50000 |  110.4/s | elapsed 1m 45s | eta 5m 48s | process workers | seats 4 | tracked 15 | cur 1 hist 1 boot 0 teach 2 base 0 heur 0 | avg reward -0.000 
PPO linea    [######----------------------]  23.2% 11617/50000 |  110.4/s | elapsed 1m 45s | eta 5m 48s | process workers | seats 8 | tracked 15 | cur 1 hist 2 boot 1 teach 3 base 1 heur 0 | avg reward -0.000 
PPO linea    [######----------------------]  23.3% 11639/50000 |  110.4/s | elapsed 1m 45s | eta 5m 47s | process workers | seats 4 | tracked 15 | cur 1 hist 1 boot 1 teach 1 base 0 heur 0 | avg reward -0.000 
PPO linea    [######----------------------]  23.3% 11661/50000 |  110.4/s | elapsed 1m 46s | eta 5m 47s | process workers | seats 4 | tracked 15 | cur 1 hist 3 boot 0 teach 0 base 0 heur 0 | avg reward -0.000 
PPO linea    [######----------------------]  23.4% 11683/50000 |  110.4/s | elapsed 1m 46s | eta 5m 47s | process workers | seats 10 | tracked 15 | cur 1 hist 1 boot 3 teach 3 base 0 heur 2 | avg reward -0.000
PPO linea    [######----------------------]  23.4% 11705/50000 |  110.4/s | elapsed 1m 46s | eta 5m 47s | process workers | seats 6 | tracked 15 | cur 1 hist 2 boot 0 teach 1 base 0 heur 2 | avg reward -0.000 
PPO linea    [######----------------------]  23.5% 11727/50000 |  110.4/s | elapsed 1m 46s | eta 5m 47s | process workers | seats 6 | tracked 15 | cur 1 hist 0 boot 0 teach 4 base 1 heur 0 | avg reward -0.000 
PPO linea    [######----------------------]  23.5% 11749/50000 |  110.4/s | elapsed 1m 46s | eta 5m 46s | process workers | seats 6 | tracked 15 | cur 1 hist 0 boot 1 teach 3 base 1 heur 0 | avg reward -0.000 
PPO linea    [######----------------------]  23.5% 11771/50000 |  110.4/s | elapsed 1m 47s | eta 5m 46s | process workers | seats 4 | tracked 15 | cur 1 hist 2 boot 0 teach 0 base 1 heur 0 | avg reward -0.000 
PPO linea    [######----------------------]  23.6% 11793/50000 |  110.4/s | elapsed 1m 47s | eta 5m 46s | process workers | seats 6 | tracked 15 | cur 1 hist 0 boot 2 teach 3 base 0 heur 0 | avg reward -0.000 
PPO linea    [######----------------------]  23.6% 11815/50000 |  110.4/s | elapsed 1m 47s | eta 5m 46s | process workers | seats 10 | tracked 15 | cur 1 hist 2 boot 0 teach 5 base 0 heur 2 | avg reward -0.000
PPO linea    [######----------------------]  23.7% 11837/50000 |  110.4/s | elapsed 1m 47s | eta 5m 46s | process workers | seats 10 | tracked 30 | cur 2 hist 1 boot 1 teach 4 base 2 heur 0 | avg reward -0.000
PPO linea    [######----------------------]  23.7% 11859/50000 |  110.4/s | elapsed 1m 47s | eta 5m 45s | process workers | seats 10 | tracked 30 | cur 2 hist 0 boot 1 teach 5 base 2 heur 0 | avg reward -0.000
PPO linea    [######----------------------]  23.8% 11881/50000 |  110.5/s | elapsed 1m 48s | eta 5m 45s | process workers | seats 4 | tracked 15 | cur 1 hist 0 boot 1 teach 0 base 2 heur 0 | avg reward -0.000 
PPO linea    [######----------------------]  23.8% 11903/50000 |  110.5/s | elapsed 1m 48s | eta 5m 45s | process workers | seats 10 | tracked 15 | cur 1 hist 2 boot 0 teach 5 base 1 heur 1 | avg reward -0.000
PPO linea    [######----------------------]  23.8% 11925/50000 |  110.4/s | elapsed 1m 48s | eta 5m 45s | process workers | seats 4 | tracked 15 | cur 1 hist 0 boot 2 teach 1 base 0 heur 0 | avg reward -0.000 
PPO linea    [######----------------------]  23.9% 11947/50000 |  110.4/s | elapsed 1m 48s | eta 5m 45s | process workers | seats 2 | tracked 15 | cur 1 hist 0 boot 1 teach 0 base 0 heur 0 | avg reward -0.000 
PPO linea    [######----------------------]  23.9% 11969/50000 |  110.4/s | elapsed 1m 48s | eta 5m 44s | process workers | seats 6 | tracked 15 | cur 1 hist 0 boot 1 teach 3 base 1 heur 0 | avg reward -0.000 
PPO linea    [######----------------------]  24.0% 11991/50000 |  110.5/s | elapsed 1m 49s | eta 5m 44s | process workers | seats 4 | tracked 15 | cur 1 hist 1 boot 0 teach 1 base 1 heur 0 | avg reward -0.000 
PPO linea    [######----------------------]  24.0% 12013/50000 |  110.5/s | elapsed 1m 49s | eta 5m 44s | process workers | seats 6 | tracked 15 | cur 1 hist 1 boot 1 teach 2 base 1 heur 0 | avg reward -0.000 
PPO linea    [######----------------------]  24.1% 12035/50000 |  110.5/s | elapsed 1m 49s | eta 5m 44s | process workers | seats 10 | tracked 15 | cur 1 hist 2 boot 1 teach 3 base 3 heur 0 | avg reward -0.000
PPO linea    [######----------------------]  24.1% 12057/50000 |  110.5/s | elapsed 1m 49s | eta 5m 43s | process workers | seats 10 | tracked 15 | cur 1 hist 4 boot 0 teach 5 base 0 heur 0 | avg reward -0.000
PPO linea    [######----------------------]  24.2% 12079/50000 |  110.5/s | elapsed 1m 49s | eta 5m 43s | process workers | seats 8 | tracked 15 | cur 1 hist 1 boot 0 teach 3 base 3 heur 0 | avg reward -0.000 
PPO linea    [######----------------------]  24.2% 12101/50000 |  110.5/s | elapsed 1m 50s | eta 5m 43s | process workers | seats 8 | tracked 15 | cur 1 hist 3 boot 1 teach 2 base 1 heur 0 | avg reward -0.000 
PPO linea    [######----------------------]  24.2% 12123/50000 |  110.5/s | elapsed 1m 50s | eta 5m 43s | process workers | seats 8 | tracked 30 | cur 2 hist 1 boot 1 teach 4 base 0 heur 0 | avg reward -0.000 
PPO linea    [######----------------------]  24.3% 12145/50000 |  110.5/s | elapsed 1m 50s | eta 5m 43s | process workers | seats 6 | tracked 15 | cur 1 hist 1 boot 2 teach 2 base 0 heur 0 | avg reward -0.000 
PPO linea    [######----------------------]  24.3% 12167/50000 |  110.5/s | elapsed 1m 50s | eta 5m 42s | process workers | seats 6 | tracked 15 | cur 1 hist 1 boot 0 teach 1 base 3 heur 0 | avg reward -0.000 
PPO linea    [######----------------------]  24.4% 12189/50000 |  110.5/s | elapsed 1m 50s | eta 5m 42s | process workers | seats 4 | tracked 15 | cur 1 hist 1 boot 0 teach 1 base 0 heur 1 | avg reward -0.000 
PPO linea    [######----------------------]  24.4% 12211/50000 |  110.5/s | elapsed 1m 51s | eta 5m 42s | process workers | seats 10 | tracked 15 | cur 1 hist 2 boot 1 teach 6 base 0 heur 0 | avg reward -0.000
PPO linea    [######----------------------]  24.5% 12233/50000 |  110.5/s | elapsed 1m 51s | eta 5m 42s | process workers | seats 10 | tracked 15 | cur 1 hist 1 boot 1 teach 6 base 1 heur 0 | avg reward -0.000
PPO linea    [######----------------------]  24.5% 12255/50000 |  110.5/s | elapsed 1m 51s | eta 5m 42s | process workers | seats 10 | tracked 15 | cur 1 hist 1 boot 3 teach 4 base 0 heur 1 | avg reward -0.000
PPO linea    [######----------------------]  24.6% 12277/50000 |  110.5/s | elapsed 1m 51s | eta 5m 41s | process workers | seats 10 | tracked 15 | cur 1 hist 2 boot 1 teach 2 base 2 heur 2 | avg reward -0.000
PPO linea    [######----------------------]  24.6% 12299/50000 |  110.5/s | elapsed 1m 51s | eta 5m 41s | process workers | seats 4 | tracked 15 | cur 1 hist 0 boot 1 teach 2 base 0 heur 0 | avg reward -0.000 
PPO linea    [######----------------------]  24.6% 12321/50000 |  110.5/s | elapsed 1m 51s | eta 5m 41s | process workers | seats 10 | tracked 30 | cur 2 hist 2 boot 2 teach 3 base 1 heur 0 | avg reward -0.000
PPO linea    [######----------------------]  24.7% 12343/50000 |  110.5/s | elapsed 1m 52s | eta 5m 41s | process workers | seats 8 | tracked 15 | cur 1 hist 2 boot 1 teach 2 base 1 heur 1 | avg reward -0.000 
PPO linea    [######----------------------]  24.7% 12365/50000 |  110.5/s | elapsed 1m 52s | eta 5m 41s | process workers | seats 10 | tracked 15 | cur 1 hist 2 boot 3 teach 4 base 0 heur 0 | avg reward -0.000
PPO linea    [######----------------------]  24.8% 12387/50000 |  110.5/s | elapsed 1m 52s | eta 5m 40s | process workers | seats 8 | tracked 15 | cur 1 hist 0 boot 2 teach 4 base 1 heur 0 | avg reward -0.000 
PPO linea    [######----------------------]  24.8% 12409/50000 |  110.5/s | elapsed 1m 52s | eta 5m 40s | process workers | seats 4 | tracked 15 | cur 1 hist 1 boot 0 teach 2 base 0 heur 0 | avg reward -0.000 
PPO linea    [######----------------------]  24.9% 12431/50000 |  110.5/s | elapsed 1m 52s | eta 5m 40s | process workers | seats 8 | tracked 30 | cur 2 hist 1 boot 0 teach 2 base 3 heur 0 | avg reward -0.000 
PPO linea    [######----------------------]  24.9% 12453/50000 |  110.5/s | elapsed 1m 53s | eta 5m 40s | process workers | seats 10 | tracked 15 | cur 1 hist 1 boot 1 teach 1 base 5 heur 1 | avg reward -0.000
PPO linea    [######----------------------]  24.9% 12475/50000 |  110.5/s | elapsed 1m 53s | eta 5m 39s | process workers | seats 10 | tracked 15 | cur 1 hist 0 boot 2 teach 6 base 1 heur 0 | avg reward -0.000
PPO linea    [######----------------------]  25.0% 12497/50000 |  110.5/s | elapsed 1m 53s | eta 5m 39s | process workers | seats 4 | tracked 15 | cur 1 hist 1 boot 0 teach 2 base 0 heur 0 | avg reward -0.000 
PPO linea    [#######---------------------]  25.0% 12519/50000 |  110.6/s | elapsed 1m 53s | eta 5m 39s | process workers | seats 10 | tracked 15 | cur 1 hist 2 boot 5 teach 2 base 0 heur 0 | avg reward -0.000
PPO linea    [#######---------------------]  25.1% 12541/50000 |  110.6/s | elapsed 1m 53s | eta 5m 39s | process workers | seats 6 | tracked 15 | cur 1 hist 0 boot 2 teach 3 base 0 heur 0 | avg reward -0.000 
PPO linea    [#######---------------------]  25.1% 12563/50000 |  110.6/s | elapsed 1m 54s | eta 5m 39s | process workers | seats 2 | tracked 15 | cur 1 hist 1 boot 0 teach 0 base 0 heur 0 | avg reward -0.000 
PPO linea    [#######---------------------]  25.2% 12585/50000 |  110.6/s | elapsed 1m 54s | eta 5m 38s | process workers | seats 8 | tracked 15 | cur 1 hist 1 boot 0 teach 6 base 0 heur 0 | avg reward -0.000 
PPO linea    [#######---------------------]  25.2% 12607/50000 |  110.6/s | elapsed 1m 54s | eta 5m 38s | process workers | seats 6 | tracked 15 | cur 1 hist 1 boot 3 teach 1 base 0 heur 0 | avg reward -0.000 
PPO linea    [#######---------------------]  25.3% 12629/50000 |  110.6/s | elapsed 1m 54s | eta 5m 38s | process workers | seats 6 | tracked 15 | cur 1 hist 1 boot 2 teach 0 base 1 heur 1 | avg reward -0.000 
PPO linea    [#######---------------------]  25.3% 12651/50000 |  110.6/s | elapsed 1m 54s | eta 5m 38s | process workers | seats 4 | tracked 15 | cur 1 hist 1 boot 0 teach 0 base 2 heur 0 | avg reward -0.000 
PPO linea    [#######---------------------]  25.3% 12673/50000 |  110.6/s | elapsed 1m 55s | eta 5m 38s | process workers | seats 10 | tracked 15 | cur 1 hist 3 boot 2 teach 3 base 0 heur 1 | avg reward -0.000
PPO linea    [#######---------------------]  25.4% 12695/50000 |  110.6/s | elapsed 1m 55s | eta 5m 37s | process workers | seats 6 | tracked 15 | cur 1 hist 0 boot 2 teach 2 base 1 heur 0 | avg reward -0.000 
PPO linea    [#######---------------------]  25.4% 12717/50000 |  110.6/s | elapsed 1m 55s | eta 5m 37s | process workers | seats 2 | tracked 15 | cur 1 hist 0 boot 0 teach 0 base 0 heur 1 | avg reward -0.000 
PPO linea    [#######---------------------]  25.5% 12739/50000 |  110.5/s | elapsed 1m 55s | eta 5m 37s | process workers | seats 6 | tracked 15 | cur 1 hist 1 boot 0 teach 3 base 0 heur 1 | avg reward -0.000 
PPO linea    [#######---------------------]  25.5% 12761/50000 |  110.5/s | elapsed 1m 55s | eta 5m 37s | process workers | seats 10 | tracked 15 | cur 1 hist 2 boot 2 teach 3 base 2 heur 0 | avg reward -0.000
PPO linea    [#######---------------------]  25.6% 12783/50000 |  110.5/s | elapsed 1m 56s | eta 5m 37s | process workers | seats 6 | tracked 15 | cur 1 hist 0 boot 1 teach 3 base 1 heur 0 | avg reward -0.000 
PPO linea    [#######---------------------]  25.6% 12805/50000 |  110.5/s | elapsed 1m 56s | eta 5m 37s | process workers | seats 4 | tracked 15 | cur 1 hist 0 boot 1 teach 2 base 0 heur 0 | avg reward -0.000 
PPO linea    [#######---------------------]  25.7% 12827/50000 |  110.5/s | elapsed 1m 56s | eta 5m 36s | process workers | seats 6 | tracked 15 | cur 1 hist 1 boot 0 teach 2 base 2 heur 0 | avg reward -0.000 
PPO linea    [#######---------------------]  25.7% 12849/50000 |  110.5/s | elapsed 1m 56s | eta 5m 36s | process workers | seats 4 | tracked 15 | cur 1 hist 1 boot 1 teach 1 base 0 heur 0 | avg reward -0.000 
PPO linea    [#######---------------------]  25.7% 12871/50000 |  110.6/s | elapsed 1m 56s | eta 5m 36s | process workers | seats 4 | tracked 15 | cur 1 hist 0 boot 0 teach 3 base 0 heur 0 | avg reward -0.000 
PPO linea    [#######---------------------]  25.8% 12893/50000 |  110.6/s | elapsed 1m 57s | eta 5m 36s | process workers | seats 6 | tracked 15 | cur 1 hist 1 boot 2 teach 1 base 1 heur 0 | avg reward -0.000 
PPO linea    [#######---------------------]  25.8% 12915/50000 |  110.5/s | elapsed 1m 57s | eta 5m 35s | process workers | seats 10 | tracked 30 | cur 2 hist 4 boot 3 teach 0 base 1 heur 0 | avg reward -0.000
PPO linea    [#######---------------------]  25.9% 12937/50000 |  110.5/s | elapsed 1m 57s | eta 5m 35s | process workers | seats 4 | tracked 15 | cur 1 hist 0 boot 0 teach 3 base 0 heur 0 | avg reward -0.000 
PPO linea    [#######---------------------]  25.9% 12959/50000 |  110.6/s | elapsed 1m 57s | eta 5m 35s | process workers | seats 8 | tracked 15 | cur 1 hist 3 boot 0 teach 3 base 1 heur 0 | avg reward -0.000 
PPO linea    [#######---------------------]  26.0% 12981/50000 |  110.6/s | elapsed 1m 57s | eta 5m 35s | process workers | seats 4 | tracked 15 | cur 1 hist 0 boot 1 teach 1 base 1 heur 0 | avg reward -0.000 
PPO linea    [#######---------------------]  26.0% 13003/50000 |  110.6/s | elapsed 1m 58s | eta 5m 35s | process workers | seats 8 | tracked 15 | cur 1 hist 2 boot 1 teach 2 base 2 heur 0 | avg reward -0.000 
PPO linea    [#######---------------------]  26.1% 13025/50000 |  110.6/s | elapsed 1m 58s | eta 5m 34s | process workers | seats 8 | tracked 30 | cur 2 hist 1 boot 2 teach 1 base 2 heur 0 | avg reward -0.000 
PPO linea    [#######---------------------]  26.1% 13047/50000 |  110.6/s | elapsed 1m 58s | eta 5m 34s | process workers | seats 10 | tracked 30 | cur 2 hist 5 boot 0 teach 2 base 1 heur 0 | avg reward -0.000
PPO linea    [#######---------------------]  26.1% 13069/50000 |  110.6/s | elapsed 1m 58s | eta 5m 34s | process workers | seats 10 | tracked 15 | cur 1 hist 3 boot 3 teach 2 base 0 heur 1 | avg reward -0.000
PPO linea    [#######---------------------]  26.2% 13091/50000 |  110.6/s | elapsed 1m 58s | eta 5m 34s | process workers | seats 2 | tracked 15 | cur 1 hist 0 boot 0 teach 0 base 1 heur 0 | avg reward -0.000 
PPO linea    [#######---------------------]  26.2% 13113/50000 |  110.6/s | elapsed 1m 59s | eta 5m 34s | process workers | seats 10 | tracked 15 | cur 1 hist 3 boot 1 teach 4 base 0 heur 1 | avg reward -0.000
PPO linea    [#######---------------------]  26.3% 13135/50000 |  110.6/s | elapsed 1m 59s | eta 5m 33s | process workers | seats 2 | tracked 15 | cur 1 hist 0 boot 0 teach 0 base 1 heur 0 | avg reward -0.000 
PPO linea    [#######---------------------]  26.3% 13157/50000 |  110.6/s | elapsed 1m 59s | eta 5m 33s | process workers | seats 4 | tracked 15 | cur 1 hist 0 boot 0 teach 1 base 1 heur 1 | avg reward -0.000 
PPO linea    [#######---------------------]  26.4% 13179/50000 |  110.6/s | elapsed 1m 59s | eta 5m 33s | process workers | seats 4 | tracked 15 | cur 1 hist 0 boot 0 teach 0 base 3 heur 0 | avg reward -0.000 
PPO linea    [#######---------------------]  26.4% 13201/50000 |  110.6/s | elapsed 1m 59s | eta 5m 33s | process workers | seats 10 | tracked 15 | cur 1 hist 4 boot 2 teach 2 base 0 heur 1 | avg reward -0.000
PPO linea    [#######---------------------]  26.4% 13223/50000 |  110.6/s | elapsed 2m 0s | eta 5m 32s | process workers | seats 8 | tracked 15 | cur 1 hist 1 boot 4 teach 2 base 0 heur 0 | avg reward -0.000  
PPO linea    [#######---------------------]  26.5% 13245/50000 |  110.6/s | elapsed 2m 0s | eta 5m 32s | process workers | seats 4 | tracked 15 | cur 1 hist 1 boot 0 teach 0 base 2 heur 0 | avg reward -0.000  
PPO linea    [#######---------------------]  26.5% 13267/50000 |  110.7/s | elapsed 2m 0s | eta 5m 32s | process workers | seats 8 | tracked 30 | cur 2 hist 0 boot 1 teach 3 base 1 heur 1 | avg reward -0.000  
PPO linea    [#######---------------------]  26.6% 13289/50000 |  110.6/s | elapsed 2m 0s | eta 5m 32s | process workers | seats 10 | tracked 15 | cur 1 hist 2 boot 2 teach 3 base 1 heur 1 | avg reward -0.000 
PPO linea    [#######---------------------]  26.6% 13311/50000 |  110.6/s | elapsed 2m 0s | eta 5m 32s | process workers | seats 10 | tracked 15 | cur 1 hist 2 boot 3 teach 2 base 1 heur 1 | avg reward -0.000 
PPO linea    [#######---------------------]  26.7% 13333/50000 |  110.6/s | elapsed 2m 1s | eta 5m 31s | process workers | seats 4 | tracked 15 | cur 1 hist 1 boot 0 teach 1 base 1 heur 0 | avg reward -0.000  
PPO linea    [#######---------------------]  26.7% 13355/50000 |  110.6/s | elapsed 2m 1s | eta 5m 31s | process workers | seats 6 | tracked 15 | cur 1 hist 0 boot 1 teach 4 base 0 heur 0 | avg reward -0.000  
PPO linea    [#######---------------------]  26.8% 13377/50000 |  110.6/s | elapsed 2m 1s | eta 5m 31s | process workers | seats 10 | tracked 30 | cur 2 hist 2 boot 1 teach 3 base 0 heur 2 | avg reward -0.000 
PPO linea    [#######---------------------]  26.8% 13399/50000 |  110.6/s | elapsed 2m 1s | eta 5m 31s | process workers | seats 10 | tracked 15 | cur 1 hist 3 boot 2 teach 3 base 1 heur 0 | avg reward -0.000 
PPO linea    [#######---------------------]  26.8% 13421/50000 |  110.5/s | elapsed 2m 1s | eta 5m 31s | process workers | seats 8 | tracked 30 | cur 2 hist 2 boot 1 teach 3 base 0 heur 0 | avg reward -0.000  
PPO linea    [#######---------------------]  26.9% 13443/50000 |  110.6/s | elapsed 2m 2s | eta 5m 31s | process workers | seats 8 | tracked 15 | cur 1 hist 3 boot 2 teach 2 base 0 heur 0 | avg reward -0.000  
PPO linea    [#######---------------------]  26.9% 13465/50000 |  110.6/s | elapsed 2m 2s | eta 5m 30s | process workers | seats 10 | tracked 15 | cur 1 hist 2 boot 0 teach 4 base 3 heur 0 | avg reward -0.000 
PPO linea    [#######---------------------]  27.0% 13487/50000 |  110.6/s | elapsed 2m 2s | eta 5m 30s | process workers | seats 4 | tracked 15 | cur 1 hist 1 boot 0 teach 1 base 1 heur 0 | avg reward -0.000  
PPO linea    [#######---------------------]  27.0% 13509/50000 |  110.6/s | elapsed 2m 2s | eta 5m 30s | process workers | seats 4 | tracked 15 | cur 1 hist 0 boot 1 teach 2 base 0 heur 0 | avg reward -0.000  
PPO linea    [#######---------------------]  27.1% 13531/50000 |  110.6/s | elapsed 2m 2s | eta 5m 30s | process workers | seats 6 | tracked 15 | cur 1 hist 0 boot 1 teach 2 base 2 heur 0 | avg reward -0.000  
PPO linea    [#######---------------------]  27.1% 13553/50000 |  110.6/s | elapsed 2m 3s | eta 5m 30s | process workers | seats 6 | tracked 15 | cur 1 hist 0 boot 1 teach 3 base 1 heur 0 | avg reward -0.000  
PPO linea    [#######---------------------]  27.2% 13575/50000 |  110.6/s | elapsed 2m 3s | eta 5m 29s | process workers | seats 6 | tracked 15 | cur 1 hist 2 boot 1 teach 0 base 2 heur 0 | avg reward -0.000  
PPO linea    [#######---------------------]  27.2% 13597/50000 |  110.6/s | elapsed 2m 3s | eta 5m 29s | process workers | seats 10 | tracked 30 | cur 2 hist 1 boot 2 teach 1 base 2 heur 2 | avg reward -0.000 
PPO linea    [#######---------------------]  27.2% 13619/50000 |  110.6/s | elapsed 2m 3s | eta 5m 29s | process workers | seats 4 | tracked 15 | cur 1 hist 0 boot 1 teach 1 base 1 heur 0 | avg reward -0.000  
PPO linea    [#######---------------------]  27.3% 13641/50000 |  110.6/s | elapsed 2m 3s | eta 5m 29s | process workers | seats 10 | tracked 30 | cur 2 hist 3 boot 0 teach 3 base 2 heur 0 | avg reward -0.000 
PPO linea    [#######---------------------]  27.3% 13663/50000 |  110.6/s | elapsed 2m 4s | eta 5m 28s | process workers | seats 8 | tracked 15 | cur 1 hist 2 boot 1 teach 3 base 1 heur 0 | avg reward -0.000  
PPO linea    [#######---------------------]  27.4% 13685/50000 |  110.6/s | elapsed 2m 4s | eta 5m 28s | process workers | seats 2 | tracked 15 | cur 1 hist 1 boot 0 teach 0 base 0 heur 0 | avg reward -0.000  
PPO linea    [#######---------------------]  27.4% 13707/50000 |  110.6/s | elapsed 2m 4s | eta 5m 28s | process workers | seats 10 | tracked 30 | cur 2 hist 3 boot 1 teach 4 base 0 heur 0 | avg reward -0.000 
PPO linea    [#######---------------------]  27.5% 13729/50000 |  110.6/s | elapsed 2m 4s | eta 5m 28s | process workers | seats 10 | tracked 15 | cur 1 hist 1 boot 2 teach 5 base 1 heur 0 | avg reward -0.000 
PPO linea    [#######---------------------]  27.5% 13751/50000 |  110.7/s | elapsed 2m 4s | eta 5m 28s | process workers | seats 6 | tracked 15 | cur 1 hist 0 boot 0 teach 3 base 2 heur 0 | avg reward -0.000  
PPO linea    [#######---------------------]  27.5% 13773/50000 |  110.7/s | elapsed 2m 4s | eta 5m 27s | process workers | seats 2 | tracked 15 | cur 1 hist 1 boot 0 teach 0 base 0 heur 0 | avg reward -0.000  
PPO linea    [#######---------------------]  27.6% 13795/50000 |  110.7/s | elapsed 2m 5s | eta 5m 27s | process workers | seats 8 | tracked 15 | cur 1 hist 1 boot 1 teach 4 base 1 heur 0 | avg reward -0.000  
PPO linea    [#######---------------------]  27.6% 13817/50000 |  110.7/s | elapsed 2m 5s | eta 5m 27s | process workers | seats 6 | tracked 15 | cur 1 hist 1 boot 1 teach 2 base 1 heur 0 | avg reward -0.000  
PPO linea    [#######---------------------]  27.7% 13839/50000 |  110.7/s | elapsed 2m 5s | eta 5m 27s | process workers | seats 4 | tracked 15 | cur 1 hist 2 boot 0 teach 0 base 0 heur 1 | avg reward -0.000  
PPO linea    [#######---------------------]  27.7% 13861/50000 |  110.7/s | elapsed 2m 5s | eta 5m 26s | process workers | seats 8 | tracked 15 | cur 1 hist 1 boot 2 teach 3 base 1 heur 0 | avg reward -0.000  
PPO linea    [#######---------------------]  27.8% 13883/50000 |  110.7/s | elapsed 2m 5s | eta 5m 26s | process workers | seats 10 | tracked 15 | cur 1 hist 1 boot 1 teach 7 base 0 heur 0 | avg reward -0.000 
PPO linea    [#######---------------------]  27.8% 13905/50000 |  110.7/s | elapsed 2m 6s | eta 5m 26s | process workers | seats 4 | tracked 15 | cur 1 hist 2 boot 0 teach 1 base 0 heur 0 | avg reward -0.000  
PPO linea    [#######---------------------]  27.9% 13927/50000 |  110.7/s | elapsed 2m 6s | eta 5m 26s | process workers | seats 4 | tracked 15 | cur 1 hist 1 boot 1 teach 0 base 0 heur 1 | avg reward -0.000  
PPO linea    [#######---------------------]  27.9% 13949/50000 |  110.7/s | elapsed 2m 6s | eta 5m 26s | process workers | seats 8 | tracked 15 | cur 1 hist 2 boot 1 teach 3 base 1 heur 0 | avg reward -0.000  
PPO linea    [#######---------------------]  27.9% 13971/50000 |  110.7/s | elapsed 2m 6s | eta 5m 25s | process workers | seats 4 | tracked 15 | cur 1 hist 1 boot 0 teach 1 base 0 heur 1 | avg reward -0.000  
PPO linea    [#######---------------------]  28.0% 13993/50000 |  110.7/s | elapsed 2m 6s | eta 5m 25s | process workers | seats 8 | tracked 15 | cur 1 hist 2 boot 1 teach 4 base 0 heur 0 | avg reward -0.000  
PPO linea    [#######---------------------]  28.0% 14015/50000 |  110.7/s | elapsed 2m 7s | eta 5m 25s | process workers | seats 8 | tracked 30 | cur 2 hist 1 boot 1 teach 2 base 2 heur 0 | avg reward -0.000  
PPO linea    [#######---------------------]  28.1% 14037/50000 |  110.7/s | elapsed 2m 7s | eta 5m 25s | process workers | seats 6 | tracked 15 | cur 1 hist 2 boot 2 teach 1 base 0 heur 0 | avg reward -0.000  
PPO linea    [#######---------------------]  28.1% 14059/50000 |  110.7/s | elapsed 2m 7s | eta 5m 25s | process workers | seats 8 | tracked 15 | cur 1 hist 2 boot 0 teach 1 base 1 heur 3 | avg reward -0.000  
PPO linea    [#######---------------------]  28.2% 14081/50000 |  110.7/s | elapsed 2m 7s | eta 5m 24s | process workers | seats 8 | tracked 15 | cur 1 hist 1 boot 1 teach 4 base 1 heur 0 | avg reward -0.000  
PPO linea    [#######---------------------]  28.2% 14103/50000 |  110.7/s | elapsed 2m 7s | eta 5m 24s | process workers | seats 8 | tracked 30 | cur 2 hist 1 boot 1 teach 2 base 2 heur 0 | avg reward -0.000  
PPO linea    [#######---------------------]  28.2% 14125/50000 |  110.7/s | elapsed 2m 8s | eta 5m 24s | process workers | seats 4 | tracked 15 | cur 1 hist 0 boot 0 teach 1 base 1 heur 1 | avg reward -0.000  
PPO linea    [#######---------------------]  28.3% 14147/50000 |  110.7/s | elapsed 2m 8s | eta 5m 24s | process workers | seats 4 | tracked 15 | cur 1 hist 0 boot 0 teach 3 base 0 heur 0 | avg reward -0.000  
PPO linea    [#######---------------------]  28.3% 14169/50000 |  110.7/s | elapsed 2m 8s | eta 5m 24s | process workers | seats 8 | tracked 15 | cur 1 hist 3 boot 0 teach 3 base 1 heur 0 | avg reward -0.000  
PPO linea    [#######---------------------]  28.4% 14191/50000 |  110.8/s | elapsed 2m 8s | eta 5m 23s | process workers | seats 8 | tracked 30 | cur 2 hist 2 boot 0 teach 3 base 1 heur 0 | avg reward -0.000  
PPO linea    [#######---------------------]  28.4% 14213/50000 |  110.8/s | elapsed 2m 8s | eta 5m 23s | process workers | seats 6 | tracked 15 | cur 1 hist 2 boot 1 teach 2 base 0 heur 0 | avg reward -0.000  
PPO linea    [#######---------------------]  28.5% 14235/50000 |  110.8/s | elapsed 2m 9s | eta 5m 23s | process workers | seats 10 | tracked 15 | cur 1 hist 3 boot 1 teach 4 base 1 heur 0 | avg reward -0.000 
PPO linea    [#######---------------------]  28.5% 14257/50000 |  110.8/s | elapsed 2m 9s | eta 5m 23s | process workers | seats 2 | tracked 15 | cur 1 hist 0 boot 0 teach 0 base 1 heur 0 | avg reward -0.000  
PPO linea    [#######---------------------]  28.6% 14279/50000 |  110.8/s | elapsed 2m 9s | eta 5m 23s | process workers | seats 10 | tracked 30 | cur 2 hist 2 boot 1 teach 3 base 2 heur 0 | avg reward -0.000 
PPO linea    [########--------------------]  28.6% 14301/50000 |  110.8/s | elapsed 2m 9s | eta 5m 22s | process workers | seats 8 | tracked 15 | cur 1 hist 1 boot 1 teach 3 base 2 heur 0 | avg reward -0.000  
PPO linea    [########--------------------]  28.6% 14323/50000 |  110.7/s | elapsed 2m 9s | eta 5m 22s | process workers | seats 8 | tracked 15 | cur 1 hist 2 boot 1 teach 3 base 1 heur 0 | avg reward -0.000  
PPO linea    [########--------------------]  28.7% 14345/50000 |  110.7/s | elapsed 2m 10s | eta 5m 22s | process workers | seats 6 | tracked 15 | cur 1 hist 2 boot 1 teach 1 base 1 heur 0 | avg reward -0.000 
PPO linea    [########--------------------]  28.7% 14367/50000 |  110.8/s | elapsed 2m 10s | eta 5m 22s | process workers | seats 8 | tracked 15 | cur 1 hist 3 boot 0 teach 3 base 1 heur 0 | avg reward -0.000 
PPO linea    [########--------------------]  28.8% 14389/50000 |  110.8/s | elapsed 2m 10s | eta 5m 21s | process workers | seats 10 | tracked 30 | cur 2 hist 1 boot 0 teach 6 base 0 heur 1 | avg reward -0.000
PPO linea    [########--------------------]  28.8% 14411/50000 |  110.8/s | elapsed 2m 10s | eta 5m 21s | process workers | seats 4 | tracked 15 | cur 1 hist 2 boot 0 teach 1 base 0 heur 0 | avg reward -0.000 
PPO linea    [########--------------------]  28.9% 14433/50000 |  110.8/s | elapsed 2m 10s | eta 5m 21s | process workers | seats 10 | tracked 15 | cur 1 hist 3 boot 1 teach 3 base 2 heur 0 | avg reward -0.000
PPO linea    [########--------------------]  28.9% 14455/50000 |  110.8/s | elapsed 2m 10s | eta 5m 21s | process workers | seats 2 | tracked 15 | cur 1 hist 0 boot 1 teach 0 base 0 heur 0 | avg reward -0.000 
PPO linea    [########--------------------]  29.0% 14477/50000 |  110.8/s | elapsed 2m 11s | eta 5m 21s | process workers | seats 4 | tracked 15 | cur 1 hist 1 boot 0 teach 2 base 0 heur 0 | avg reward -0.000 
PPO linea    [########--------------------]  29.0% 14499/50000 |  110.8/s | elapsed 2m 11s | eta 5m 20s | process workers | seats 6 | tracked 15 | cur 1 hist 0 boot 0 teach 3 base 2 heur 0 | avg reward -0.000 
PPO linea    [########--------------------]  29.0% 14521/50000 |  110.8/s | elapsed 2m 11s | eta 5m 20s | process workers | seats 10 | tracked 30 | cur 2 hist 4 boot 1 teach 3 base 0 heur 0 | avg reward -0.000
PPO linea    [########--------------------]  29.1% 14543/50000 |  110.8/s | elapsed 2m 11s | eta 5m 20s | process workers | seats 10 | tracked 15 | cur 1 hist 2 boot 0 teach 5 base 2 heur 0 | avg reward -0.000
PPO linea    [########--------------------]  29.1% 14565/50000 |  110.8/s | elapsed 2m 11s | eta 5m 20s | process workers | seats 6 | tracked 15 | cur 1 hist 1 boot 0 teach 3 base 1 heur 0 | avg reward -0.000 
PPO linea    [########--------------------]  29.2% 14587/50000 |  110.8/s | elapsed 2m 12s | eta 5m 20s | process workers | seats 10 | tracked 15 | cur 1 hist 3 boot 2 teach 2 base 1 heur 1 | avg reward -0.000
PPO linea    [########--------------------]  29.2% 14609/50000 |  110.8/s | elapsed 2m 12s | eta 5m 19s | process workers | seats 6 | tracked 15 | cur 1 hist 0 boot 0 teach 4 base 1 heur 0 | avg reward -0.000 
PPO linea    [########--------------------]  29.3% 14631/50000 |  110.8/s | elapsed 2m 12s | eta 5m 19s | process workers | seats 6 | tracked 15 | cur 1 hist 1 boot 0 teach 3 base 1 heur 0 | avg reward -0.000 
PPO linea    [########--------------------]  29.3% 14653/50000 |  110.8/s | elapsed 2m 12s | eta 5m 19s | process workers | seats 10 | tracked 15 | cur 1 hist 3 boot 1 teach 4 base 1 heur 0 | avg reward -0.000
PPO linea    [########--------------------]  29.3% 14675/50000 |  110.8/s | elapsed 2m 12s | eta 5m 19s | process workers | seats 8 | tracked 15 | cur 1 hist 2 boot 2 teach 1 base 1 heur 1 | avg reward -0.000 
PPO linea    [########--------------------]  29.4% 14697/50000 |  110.8/s | elapsed 2m 13s | eta 5m 19s | process workers | seats 10 | tracked 30 | cur 2 hist 4 boot 3 teach 1 base 0 heur 0 | avg reward -0.000
PPO linea    [########--------------------]  29.4% 14719/50000 |  110.8/s | elapsed 2m 13s | eta 5m 18s | process workers | seats 6 | tracked 15 | cur 1 hist 2 boot 1 teach 1 base 1 heur 0 | avg reward -0.000 
PPO linea    [########--------------------]  29.5% 14741/50000 |  110.8/s | elapsed 2m 13s | eta 5m 18s | process workers | seats 8 | tracked 15 | cur 1 hist 0 boot 1 teach 2 base 3 heur 1 | avg reward -0.000 
PPO linea    [########--------------------]  29.5% 14763/50000 |  110.8/s | elapsed 2m 13s | eta 5m 18s | process workers | seats 10 | tracked 30 | cur 2 hist 1 boot 3 teach 2 base 1 heur 1 | avg reward -0.000
PPO linea    [########--------------------]  29.6% 14785/50000 |  110.8/s | elapsed 2m 13s | eta 5m 18s | process workers | seats 4 | tracked 15 | cur 1 hist 0 boot 1 teach 1 base 0 heur 1 | avg reward -0.000 
PPO linea    [########--------------------]  29.6% 14807/50000 |  110.8/s | elapsed 2m 14s | eta 5m 18s | process workers | seats 4 | tracked 15 | cur 1 hist 1 boot 1 teach 1 base 0 heur 0 | avg reward -0.000 
PPO linea    [########--------------------]  29.7% 14829/50000 |  110.8/s | elapsed 2m 14s | eta 5m 17s | process workers | seats 2 | tracked 15 | cur 1 hist 0 boot 0 teach 1 base 0 heur 0 | avg reward -0.000 
PPO linea    [########--------------------]  29.7% 14851/50000 |  110.8/s | elapsed 2m 14s | eta 5m 17s | process workers | seats 10 | tracked 15 | cur 1 hist 3 boot 0 teach 5 base 1 heur 0 | avg reward -0.000
PPO linea    [########--------------------]  29.7% 14873/50000 |  110.8/s | elapsed 2m 14s | eta 5m 17s | process workers | seats 8 | tracked 15 | cur 1 hist 1 boot 1 teach 4 base 1 heur 0 | avg reward -0.000 
PPO linea    [########--------------------]  29.8% 14895/50000 |  110.8/s | elapsed 2m 14s | eta 5m 17s | process workers | seats 6 | tracked 15 | cur 1 hist 1 boot 2 teach 2 base 0 heur 0 | avg reward -0.000 
PPO linea    [########--------------------]  29.8% 14917/50000 |  110.8/s | elapsed 2m 15s | eta 5m 17s | process workers | seats 10 | tracked 15 | cur 1 hist 2 boot 2 teach 2 base 3 heur 0 | avg reward -0.000
PPO linea    [########--------------------]  29.9% 14939/50000 |  110.8/s | elapsed 2m 15s | eta 5m 16s | process workers | seats 10 | tracked 15 | cur 1 hist 1 boot 2 teach 3 base 2 heur 1 | avg reward -0.000
PPO linea    [########--------------------]  29.9% 14961/50000 |  110.8/s | elapsed 2m 15s | eta 5m 16s | process workers | seats 6 | tracked 15 | cur 1 hist 4 boot 0 teach 0 base 1 heur 0 | avg reward -0.000 
PPO linea    [########--------------------]  30.0% 14983/50000 |  110.8/s | elapsed 2m 15s | eta 5m 16s | process workers | seats 4 | tracked 15 | cur 1 hist 0 boot 1 teach 2 base 0 heur 0 | avg reward -0.000 
PPO linea    [########--------------------]  30.0% 15005/50000 |  110.8/s | elapsed 2m 15s | eta 5m 16s | process workers | seats 6 | tracked 15 | cur 1 hist 1 boot 1 teach 3 base 0 heur 0 | avg reward -0.000 
PPO linea    [########--------------------]  30.1% 15027/50000 |  110.8/s | elapsed 2m 16s | eta 5m 16s | process workers | seats 10 | tracked 15 | cur 1 hist 2 boot 1 teach 4 base 2 heur 0 | avg reward -0.000
PPO linea    [########--------------------]  30.1% 15049/50000 |  110.8/s | elapsed 2m 16s | eta 5m 15s | process workers | seats 8 | tracked 30 | cur 2 hist 3 boot 0 teach 2 base 1 heur 0 | avg reward -0.000 
PPO linea    [########--------------------]  30.1% 15071/50000 |  110.8/s | elapsed 2m 16s | eta 5m 15s | process workers | seats 6 | tracked 15 | cur 1 hist 2 boot 2 teach 1 base 0 heur 0 | avg reward -0.000 
PPO linea    [########--------------------]  30.2% 15093/50000 |  110.8/s | elapsed 2m 16s | eta 5m 15s | process workers | seats 4 | tracked 15 | cur 1 hist 1 boot 0 teach 1 base 1 heur 0 | avg reward -0.000 
PPO linea    [########--------------------]  30.2% 15115/50000 |  110.8/s | elapsed 2m 16s | eta 5m 15s | process workers | seats 10 | tracked 15 | cur 1 hist 3 boot 0 teach 3 base 2 heur 1 | avg reward -0.000
PPO linea    [########--------------------]  30.3% 15137/50000 |  110.8/s | elapsed 2m 17s | eta 5m 15s | process workers | seats 6 | tracked 15 | cur 1 hist 0 boot 1 teach 2 base 2 heur 0 | avg reward -0.000 
PPO linea    [########--------------------]  30.3% 15159/50000 |  110.8/s | elapsed 2m 17s | eta 5m 14s | process workers | seats 10 | tracked 15 | cur 1 hist 3 boot 0 teach 4 base 1 heur 1 | avg reward -0.000
PPO linea    [########--------------------]  30.4% 15181/50000 |  110.8/s | elapsed 2m 17s | eta 5m 14s | process workers | seats 6 | tracked 15 | cur 1 hist 2 boot 1 teach 2 base 0 heur 0 | avg reward -0.000 
PPO linea    [########--------------------]  30.4% 15203/50000 |  110.8/s | elapsed 2m 17s | eta 5m 14s | process workers | seats 8 | tracked 15 | cur 1 hist 1 boot 1 teach 4 base 1 heur 0 | avg reward -0.000 
PPO linea    [########--------------------]  30.4% 15225/50000 |  110.8/s | elapsed 2m 17s | eta 5m 14s | process workers | seats 4 | tracked 15 | cur 1 hist 2 boot 0 teach 1 base 0 heur 0 | avg reward -0.000 
PPO linea    [########--------------------]  30.5% 15247/50000 |  110.8/s | elapsed 2m 18s | eta 5m 14s | process workers | seats 10 | tracked 15 | cur 1 hist 1 boot 1 teach 6 base 1 heur 0 | avg reward -0.000
PPO linea    [########--------------------]  30.5% 15269/50000 |  110.8/s | elapsed 2m 18s | eta 5m 14s | process workers | seats 10 | tracked 30 | cur 2 hist 1 boot 2 teach 5 base 0 heur 0 | avg reward -0.000
PPO linea    [########--------------------]  30.6% 15291/50000 |  110.8/s | elapsed 2m 18s | eta 5m 13s | process workers | seats 10 | tracked 15 | cur 1 hist 3 boot 1 teach 4 base 1 heur 0 | avg reward -0.000
PPO linea    [########--------------------]  30.6% 15313/50000 |  110.8/s | elapsed 2m 18s | eta 5m 13s | process workers | seats 2 | tracked 15 | cur 1 hist 1 boot 0 teach 0 base 0 heur 0 | avg reward -0.000 
PPO linea    [########--------------------]  30.7% 15335/50000 |  110.8/s | elapsed 2m 18s | eta 5m 13s | process workers | seats 10 | tracked 15 | cur 1 hist 1 boot 1 teach 4 base 3 heur 0 | avg reward -0.000
PPO linea    [########--------------------]  30.7% 15357/50000 |  110.8/s | elapsed 2m 19s | eta 5m 13s | process workers | seats 10 | tracked 15 | cur 1 hist 2 boot 0 teach 6 base 1 heur 0 | avg reward -0.000
PPO linea    [########--------------------]  30.8% 15379/50000 |  110.8/s | elapsed 2m 19s | eta 5m 12s | process workers | seats 8 | tracked 30 | cur 2 hist 1 boot 2 teach 2 base 1 heur 0 | avg reward -0.000 
PPO linea    [########--------------------]  30.8% 15401/50000 |  110.8/s | elapsed 2m 19s | eta 5m 12s | process workers | seats 10 | tracked 15 | cur 1 hist 3 boot 3 teach 2 base 1 heur 0 | avg reward -0.000
PPO linea    [########--------------------]  30.8% 15423/50000 |  110.8/s | elapsed 2m 19s | eta 5m 12s | process workers | seats 6 | tracked 15 | cur 1 hist 1 boot 0 teach 3 base 1 heur 0 | avg reward -0.000 
PPO linea    [########--------------------]  30.9% 15445/50000 |  110.8/s | elapsed 2m 19s | eta 5m 12s | process workers | seats 4 | tracked 15 | cur 1 hist 1 boot 1 teach 1 base 0 heur 0 | avg reward -0.000 
PPO linea    [########--------------------]  30.9% 15467/50000 |  110.8/s | elapsed 2m 20s | eta 5m 12s | process workers | seats 4 | tracked 15 | cur 1 hist 0 boot 2 teach 0 base 1 heur 0 | avg reward -0.000 
PPO linea    [########--------------------]  31.0% 15489/50000 |  110.8/s | elapsed 2m 20s | eta 5m 11s | process workers | seats 8 | tracked 30 | cur 2 hist 0 boot 3 teach 2 base 1 heur 0 | avg reward -0.000 
PPO linea    [########--------------------]  31.0% 15511/50000 |  110.8/s | elapsed 2m 20s | eta 5m 11s | process workers | seats 6 | tracked 15 | cur 1 hist 1 boot 0 teach 2 base 1 heur 1 | avg reward -0.000 
PPO linea    [########--------------------]  31.1% 15533/50000 |  110.8/s | elapsed 2m 20s | eta 5m 11s | process workers | seats 6 | tracked 15 | cur 1 hist 1 boot 2 teach 2 base 0 heur 0 | avg reward -0.000 
PPO linea    [########--------------------]  31.1% 15555/50000 |  110.9/s | elapsed 2m 20s | eta 5m 11s | process workers | seats 6 | tracked 15 | cur 1 hist 1 boot 1 teach 3 base 0 heur 0 | avg reward -0.000 
PPO linea    [########--------------------]  31.2% 15577/50000 |  110.9/s | elapsed 2m 21s | eta 5m 11s | process workers | seats 10 | tracked 15 | cur 1 hist 1 boot 1 teach 7 base 0 heur 0 | avg reward -0.000
PPO linea    [########--------------------]  31.2% 15599/50000 |  110.9/s | elapsed 2m 21s | eta 5m 10s | process workers | seats 4 | tracked 15 | cur 1 hist 1 boot 0 teach 1 base 1 heur 0 | avg reward -0.000 
PPO linea    [########--------------------]  31.2% 15621/50000 |  110.8/s | elapsed 2m 21s | eta 5m 10s | process workers | seats 6 | tracked 15 | cur 1 hist 1 boot 1 teach 2 base 1 heur 0 | avg reward -0.000 
PPO linea    [########--------------------]  31.3% 15643/50000 |  110.9/s | elapsed 2m 21s | eta 5m 10s | process workers | seats 8 | tracked 15 | cur 1 hist 2 boot 1 teach 3 base 0 heur 1 | avg reward -0.000 
PPO linea    [########--------------------]  31.3% 15665/50000 |  110.9/s | elapsed 2m 21s | eta 5m 10s | process workers | seats 4 | tracked 15 | cur 1 hist 1 boot 1 teach 1 base 0 heur 0 | avg reward -0.000 
PPO linea    [########--------------------]  31.4% 15687/50000 |  110.9/s | elapsed 2m 21s | eta 5m 9s | process workers | seats 10 | tracked 15 | cur 1 hist 1 boot 1 teach 4 base 2 heur 1 | avg reward -0.000 
PPO linea    [########--------------------]  31.4% 15709/50000 |  110.9/s | elapsed 2m 22s | eta 5m 9s | process workers | seats 6 | tracked 15 | cur 1 hist 1 boot 2 teach 0 base 2 heur 0 | avg reward -0.000  
PPO linea    [########--------------------]  31.5% 15731/50000 |  110.9/s | elapsed 2m 22s | eta 5m 9s | process workers | seats 10 | tracked 30 | cur 2 hist 2 boot 2 teach 3 base 1 heur 0 | avg reward -0.000 
PPO linea    [########--------------------]  31.5% 15753/50000 |  110.9/s | elapsed 2m 22s | eta 5m 9s | process workers | seats 10 | tracked 15 | cur 1 hist 1 boot 2 teach 5 base 1 heur 0 | avg reward -0.000 
PPO linea    [########--------------------]  31.6% 15775/50000 |  110.9/s | elapsed 2m 22s | eta 5m 9s | process workers | seats 8 | tracked 15 | cur 1 hist 0 boot 2 teach 4 base 1 heur 0 | avg reward -0.000  
PPO linea    [########--------------------]  31.6% 15797/50000 |  110.9/s | elapsed 2m 22s | eta 5m 8s | process workers | seats 4 | tracked 15 | cur 1 hist 0 boot 0 teach 2 base 0 heur 1 | avg reward -0.000  
PPO linea    [########--------------------]  31.6% 15819/50000 |  110.9/s | elapsed 2m 23s | eta 5m 8s | process workers | seats 10 | tracked 15 | cur 1 hist 2 boot 0 teach 6 base 1 heur 0 | avg reward -0.000 
PPO linea    [########--------------------]  31.7% 15841/50000 |  110.9/s | elapsed 2m 23s | eta 5m 8s | process workers | seats 6 | tracked 15 | cur 1 hist 0 boot 0 teach 4 base 0 heur 1 | avg reward -0.000  
PPO linea    [########--------------------]  31.7% 15863/50000 |  110.9/s | elapsed 2m 23s | eta 5m 8s | process workers | seats 8 | tracked 15 | cur 1 hist 1 boot 3 teach 2 base 1 heur 0 | avg reward -0.000  
PPO linea    [########--------------------]  31.8% 15885/50000 |  110.9/s | elapsed 2m 23s | eta 5m 8s | process workers | seats 4 | tracked 15 | cur 1 hist 1 boot 1 teach 1 base 0 heur 0 | avg reward -0.000  
PPO linea    [########--------------------]  31.8% 15907/50000 |  110.9/s | elapsed 2m 23s | eta 5m 7s | process workers | seats 10 | tracked 15 | cur 1 hist 2 boot 2 teach 3 base 2 heur 0 | avg reward -0.000 
PPO linea    [########--------------------]  31.9% 15929/50000 |  111.0/s | elapsed 2m 24s | eta 5m 7s | process workers | seats 10 | tracked 15 | cur 1 hist 2 boot 1 teach 2 base 2 heur 2 | avg reward -0.000 
PPO linea    [########--------------------]  31.9% 15951/50000 |  110.9/s | elapsed 2m 24s | eta 5m 7s | process workers | seats 6 | tracked 15 | cur 1 hist 0 boot 1 teach 2 base 2 heur 0 | avg reward -0.000  
PPO linea    [########--------------------]  31.9% 15973/50000 |  110.9/s | elapsed 2m 24s | eta 5m 7s | process workers | seats 2 | tracked 15 | cur 1 hist 1 boot 0 teach 0 base 0 heur 0 | avg reward -0.000  
PPO linea    [########--------------------]  32.0% 15995/50000 |  111.0/s | elapsed 2m 24s | eta 5m 6s | process workers | seats 6 | tracked 15 | cur 1 hist 0 boot 1 teach 2 base 1 heur 1 | avg reward -0.000  
PPO linea    [########--------------------]  32.0% 16017/50000 |  110.9/s | elapsed 2m 24s | eta 5m 6s | process workers | seats 10 | tracked 15 | cur 1 hist 2 boot 0 teach 6 base 1 heur 0 | avg reward -0.000 
PPO linea    [########--------------------]  32.1% 16039/50000 |  111.0/s | elapsed 2m 25s | eta 5m 6s | process workers | seats 10 | tracked 15 | cur 1 hist 4 boot 2 teach 2 base 1 heur 0 | avg reward -0.000 
PPO linea    [########--------------------]  32.1% 16061/50000 |  111.0/s | elapsed 2m 25s | eta 5m 6s | process workers | seats 4 | tracked 15 | cur 1 hist 3 boot 0 teach 0 base 0 heur 0 | avg reward -0.000  
PPO linea    [#########-------------------]  32.2% 16083/50000 |  110.9/s | elapsed 2m 25s | eta 5m 6s | process workers | seats 10 | tracked 15 | cur 1 hist 3 boot 1 teach 2 base 2 heur 1 | avg reward -0.000 
PPO linea    [#########-------------------]  32.2% 16105/50000 |  110.9/s | elapsed 2m 25s | eta 5m 6s | process workers | seats 10 | tracked 15 | cur 1 hist 1 boot 4 teach 3 base 1 heur 0 | avg reward -0.000 
PPO linea    [#########-------------------]  32.3% 16127/50000 |  111.0/s | elapsed 2m 25s | eta 5m 5s | process workers | seats 6 | tracked 15 | cur 1 hist 1 boot 1 teach 1 base 2 heur 0 | avg reward -0.000  
PPO linea    [#########-------------------]  32.3% 16149/50000 |  111.0/s | elapsed 2m 26s | eta 5m 5s | process workers | seats 2 | tracked 15 | cur 1 hist 0 boot 0 teach 1 base 0 heur 0 | avg reward -0.000  
PPO linea    [#########-------------------]  32.3% 16171/50000 |  111.0/s | elapsed 2m 26s | eta 5m 5s | process workers | seats 8 | tracked 30 | cur 2 hist 1 boot 1 teach 2 base 1 heur 1 | avg reward -0.000  
PPO linea    [#########-------------------]  32.4% 16193/50000 |  111.0/s | elapsed 2m 26s | eta 5m 5s | process workers | seats 10 | tracked 15 | cur 1 hist 3 boot 1 teach 3 base 2 heur 0 | avg reward -0.000 
PPO linea    [#########-------------------]  32.4% 16215/50000 |  111.0/s | elapsed 2m 26s | eta 5m 4s | process workers | seats 8 | tracked 30 | cur 2 hist 2 boot 0 teach 4 base 0 heur 0 | avg reward -0.000  
PPO linea    [#########-------------------]  32.5% 16237/50000 |  111.0/s | elapsed 2m 26s | eta 5m 4s | process workers | seats 8 | tracked 30 | cur 2 hist 3 boot 0 teach 2 base 1 heur 0 | avg reward -0.000  
PPO linea    [#########-------------------]  32.5% 16259/50000 |  111.0/s | elapsed 2m 26s | eta 5m 4s | process workers | seats 8 | tracked 15 | cur 1 hist 1 boot 0 teach 5 base 1 heur 0 | avg reward -0.000  
PPO linea    [#########-------------------]  32.6% 16281/50000 |  111.0/s | elapsed 2m 27s | eta 5m 4s | process workers | seats 8 | tracked 15 | cur 1 hist 1 boot 2 teach 2 base 1 heur 1 | avg reward -0.000  
PPO linea    [#########-------------------]  32.6% 16303/50000 |  111.0/s | elapsed 2m 27s | eta 5m 4s | process workers | seats 4 | tracked 15 | cur 1 hist 0 boot 2 teach 0 base 1 heur 0 | avg reward -0.000  
PPO linea    [#########-------------------]  32.6% 16325/50000 |  110.9/s | elapsed 2m 27s | eta 5m 4s | process workers | seats 10 | tracked 30 | cur 2 hist 2 boot 2 teach 3 base 1 heur 0 | avg reward -0.000 
PPO linea    [#########-------------------]  32.7% 16347/50000 |  111.0/s | elapsed 2m 27s | eta 5m 3s | process workers | seats 2 | tracked 15 | cur 1 hist 0 boot 0 teach 0 base 0 heur 1 | avg reward -0.000  
PPO linea    [#########-------------------]  32.7% 16369/50000 |  110.9/s | elapsed 2m 28s | eta 5m 3s | process workers | seats 6 | tracked 15 | cur 1 hist 2 boot 1 teach 1 base 1 heur 0 | avg reward -0.000  
PPO linea    [#########-------------------]  32.8% 16391/50000 |  110.9/s | elapsed 2m 28s | eta 5m 3s | process workers | seats 8 | tracked 15 | cur 1 hist 1 boot 1 teach 4 base 1 heur 0 | avg reward -0.000  
PPO linea    [#########-------------------]  32.8% 16413/50000 |  110.9/s | elapsed 2m 28s | eta 5m 3s | process workers | seats 8 | tracked 30 | cur 2 hist 4 boot 1 teach 1 base 0 heur 0 | avg reward -0.000  
PPO linea    [#########-------------------]  32.9% 16435/50000 |  110.9/s | elapsed 2m 28s | eta 5m 3s | process workers | seats 6 | tracked 15 | cur 1 hist 2 boot 0 teach 2 base 0 heur 1 | avg reward -0.000  
PPO linea    [#########-------------------]  32.9% 16457/50000 |  110.9/s | elapsed 2m 28s | eta 5m 2s | process workers | seats 4 | tracked 15 | cur 1 hist 1 boot 1 teach 1 base 0 heur 0 | avg reward -0.000  
PPO linea    [#########-------------------]  33.0% 16479/50000 |  110.9/s | elapsed 2m 29s | eta 5m 2s | process workers | seats 6 | tracked 15 | cur 1 hist 0 boot 0 teach 1 base 1 heur 3 | avg reward -0.000  
PPO linea    [#########-------------------]  33.0% 16501/50000 |  110.9/s | elapsed 2m 29s | eta 5m 2s | process workers | seats 6 | tracked 15 | cur 1 hist 1 boot 1 teach 2 base 1 heur 0 | avg reward -0.000  
PPO linea    [#########-------------------]  33.0% 16523/50000 |  110.9/s | elapsed 2m 29s | eta 5m 2s | process workers | seats 8 | tracked 15 | cur 1 hist 2 boot 2 teach 1 base 2 heur 0 | avg reward -0.000  
PPO linea    [#########-------------------]  33.1% 16545/50000 |  110.9/s | elapsed 2m 29s | eta 5m 2s | process workers | seats 4 | tracked 15 | cur 1 hist 0 boot 0 teach 1 base 1 heur 1 | avg reward -0.000  
PPO linea    [#########-------------------]  33.1% 16567/50000 |  110.9/s | elapsed 2m 29s | eta 5m 1s | process workers | seats 4 | tracked 15 | cur 1 hist 1 boot 0 teach 1 base 1 heur 0 | avg reward -0.000  
PPO linea    [#########-------------------]  33.2% 16589/50000 |  110.9/s | elapsed 2m 30s | eta 5m 1s | process workers | seats 10 | tracked 15 | cur 1 hist 1 boot 2 teach 3 base 1 heur 2 | avg reward -0.000 
PPO linea    [#########-------------------]  33.2% 16611/50000 |  110.9/s | elapsed 2m 30s | eta 5m 1s | process workers | seats 10 | tracked 15 | cur 1 hist 1 boot 0 teach 7 base 1 heur 0 | avg reward -0.000 
PPO linea    [#########-------------------]  33.3% 16633/50000 |  110.9/s | elapsed 2m 30s | eta 5m 1s | process workers | seats 8 | tracked 30 | cur 2 hist 2 boot 0 teach 4 base 0 heur 0 | avg reward -0.000  
PPO linea    [#########-------------------]  33.3% 16655/50000 |  110.9/s | elapsed 2m 30s | eta 5m 1s | process workers | seats 4 | tracked 15 | cur 1 hist 0 boot 0 teach 2 base 1 heur 0 | avg reward -0.000  
PPO linea    [#########-------------------]  33.4% 16677/50000 |  110.9/s | elapsed 2m 30s | eta 5m 0s | process workers | seats 8 | tracked 15 | cur 1 hist 0 boot 2 teach 2 base 1 heur 2 | avg reward -0.000  
PPO linea    [#########-------------------]  33.4% 16699/50000 |  110.9/s | elapsed 2m 31s | eta 5m 0s | process workers | seats 8 | tracked 15 | cur 1 hist 3 boot 1 teach 0 base 3 heur 0 | avg reward -0.000  
PPO linea    [#########-------------------]  33.4% 16721/50000 |  110.9/s | elapsed 2m 31s | eta 5m 0s | process workers | seats 8 | tracked 30 | cur 2 hist 3 boot 0 teach 1 base 1 heur 1 | avg reward -0.000  
PPO linea    [#########-------------------]  33.5% 16743/50000 |  110.9/s | elapsed 2m 31s | eta 5m 0s | process workers | seats 6 | tracked 15 | cur 1 hist 1 boot 0 teach 2 base 1 heur 1 | avg reward -0.000  
PPO linea    [#########-------------------]  33.5% 16765/50000 |  110.9/s | elapsed 2m 31s | eta 5m 0s | process workers | seats 4 | tracked 15 | cur 1 hist 1 boot 1 teach 0 base 1 heur 0 | avg reward -0.000  
PPO linea    [#########-------------------]  33.6% 16787/50000 |  110.9/s | elapsed 2m 31s | eta 4m 59s | process workers | seats 6 | tracked 15 | cur 1 hist 1 boot 1 teach 3 base 0 heur 0 | avg reward -0.000 
PPO linea    [#########-------------------]  33.6% 16809/50000 |  110.9/s | elapsed 2m 32s | eta 4m 59s | process workers | seats 8 | tracked 30 | cur 2 hist 1 boot 2 teach 3 base 0 heur 0 | avg reward -0.000 
PPO linea    [#########-------------------]  33.7% 16831/50000 |  110.9/s | elapsed 2m 32s | eta 4m 59s | process workers | seats 6 | tracked 15 | cur 1 hist 0 boot 1 teach 4 base 0 heur 0 | avg reward -0.000 
PPO linea    [#########-------------------]  33.7% 16853/50000 |  110.9/s | elapsed 2m 32s | eta 4m 59s | process workers | seats 2 | tracked 15 | cur 1 hist 1 boot 0 teach 0 base 0 heur 0 | avg reward -0.000 
PPO linea    [#########-------------------]  33.8% 16875/50000 |  110.9/s | elapsed 2m 32s | eta 4m 59s | process workers | seats 4 | tracked 15 | cur 1 hist 2 boot 1 teach 0 base 0 heur 0 | avg reward -0.000 
PPO linea    [#########-------------------]  33.8% 16897/50000 |  111.0/s | elapsed 2m 32s | eta 4m 58s | process workers | seats 8 | tracked 15 | cur 1 hist 2 boot 0 teach 4 base 1 heur 0 | avg reward -0.000 
PPO linea    [#########-------------------]  33.8% 16919/50000 |  111.0/s | elapsed 2m 32s | eta 4m 58s | process workers | seats 10 | tracked 30 | cur 2 hist 2 boot 3 teach 2 base 1 heur 0 | avg reward -0.000
PPO linea    [#########-------------------]  33.9% 16941/50000 |  111.0/s | elapsed 2m 33s | eta 4m 58s | process workers | seats 8 | tracked 15 | cur 1 hist 0 boot 1 teach 4 base 1 heur 1 | avg reward -0.000 
PPO linea    [#########-------------------]  33.9% 16963/50000 |  111.0/s | elapsed 2m 33s | eta 4m 58s | process workers | seats 10 | tracked 15 | cur 1 hist 2 boot 0 teach 3 base 3 heur 1 | avg reward -0.000
PPO linea    [#########-------------------]  34.0% 16985/50000 |  111.0/s | elapsed 2m 33s | eta 4m 58s | process workers | seats 4 | tracked 15 | cur 1 hist 1 boot 1 teach 1 base 0 heur 0 | avg reward -0.000 
PPO linea    [#########-------------------]  34.0% 17007/50000 |  111.0/s | elapsed 2m 33s | eta 4m 57s | process workers | seats 10 | tracked 15 | cur 1 hist 2 boot 2 teach 3 base 2 heur 0 | avg reward -0.000
PPO linea    [#########-------------------]  34.1% 17029/50000 |  111.0/s | elapsed 2m 33s | eta 4m 57s | process workers | seats 8 | tracked 15 | cur 1 hist 0 boot 2 teach 4 base 1 heur 0 | avg reward -0.000 
PPO linea    [#########-------------------]  34.1% 17051/50000 |  111.0/s | elapsed 2m 34s | eta 4m 57s | process workers | seats 10 | tracked 30 | cur 2 hist 4 boot 2 teach 2 base 0 heur 0 | avg reward -0.000
PPO linea    [#########-------------------]  34.1% 17073/50000 |  111.0/s | elapsed 2m 34s | eta 4m 57s | process workers | seats 10 | tracked 15 | cur 1 hist 3 boot 2 teach 4 base 0 heur 0 | avg reward -0.000
PPO linea    [#########-------------------]  34.2% 17095/50000 |  111.0/s | elapsed 2m 34s | eta 4m 57s | process workers | seats 6 | tracked 15 | cur 1 hist 1 boot 2 teach 1 base 1 heur 0 | avg reward -0.000 
PPO linea    [#########-------------------]  34.2% 17117/50000 |  111.0/s | elapsed 2m 34s | eta 4m 56s | process workers | seats 10 | tracked 15 | cur 1 hist 1 boot 2 teach 5 base 0 heur 1 | avg reward -0.000
PPO linea    [#########-------------------]  34.3% 17139/50000 |  111.0/s | elapsed 2m 34s | eta 4m 56s | process workers | seats 6 | tracked 15 | cur 1 hist 2 boot 1 teach 1 base 1 heur 0 | avg reward -0.000 
PPO linea    [#########-------------------]  34.3% 17161/50000 |  111.0/s | elapsed 2m 35s | eta 4m 56s | process workers | seats 8 | tracked 15 | cur 1 hist 1 boot 1 teach 2 base 3 heur 0 | avg reward -0.000 
PPO linea    [#########-------------------]  34.4% 17183/50000 |  111.0/s | elapsed 2m 35s | eta 4m 56s | process workers | seats 8 | tracked 30 | cur 2 hist 4 boot 1 teach 0 base 1 heur 0 | avg reward -0.000 
PPO linea    [#########-------------------]  34.4% 17205/50000 |  111.0/s | elapsed 2m 35s | eta 4m 56s | process workers | seats 4 | tracked 15 | cur 1 hist 3 boot 0 teach 0 base 0 heur 0 | avg reward -0.000 
PPO linea    [#########-------------------]  34.5% 17227/50000 |  110.9/s | elapsed 2m 35s | eta 4m 55s | process workers | seats 6 | tracked 15 | cur 1 hist 1 boot 0 teach 2 base 0 heur 2 | avg reward -0.000 
PPO linea    [#########-------------------]  34.5% 17249/50000 |  111.0/s | elapsed 2m 35s | eta 4m 55s | process workers | seats 10 | tracked 30 | cur 2 hist 0 boot 2 teach 5 base 1 heur 0 | avg reward -0.000
PPO linea    [#########-------------------]  34.5% 17271/50000 |  110.9/s | elapsed 2m 36s | eta 4m 55s | process workers | seats 6 | tracked 15 | cur 1 hist 1 boot 1 teach 2 base 1 heur 0 | avg reward -0.000 
PPO linea    [#########-------------------]  34.6% 17293/50000 |  111.0/s | elapsed 2m 36s | eta 4m 55s | process workers | seats 4 | tracked 15 | cur 1 hist 0 boot 0 teach 2 base 1 heur 0 | avg reward -0.000 
PPO linea    [#########-------------------]  34.6% 17315/50000 |  111.0/s | elapsed 2m 36s | eta 4m 55s | process workers | seats 4 | tracked 15 | cur 1 hist 1 boot 0 teach 2 base 0 heur 0 | avg reward -0.000 
PPO linea    [#########-------------------]  34.7% 17337/50000 |  111.0/s | elapsed 2m 36s | eta 4m 54s | process workers | seats 2 | tracked 15 | cur 1 hist 0 boot 1 teach 0 base 0 heur 0 | avg reward -0.000 
PPO linea    [#########-------------------]  34.7% 17359/50000 |  111.0/s | elapsed 2m 36s | eta 4m 54s | process workers | seats 10 | tracked 15 | cur 1 hist 5 boot 0 teach 3 base 1 heur 0 | avg reward -0.000
PPO linea    [#########-------------------]  34.8% 17381/50000 |  111.0/s | elapsed 2m 37s | eta 4m 54s | process workers | seats 8 | tracked 15 | cur 1 hist 2 boot 1 teach 2 base 0 heur 2 | avg reward -0.000 
PPO linea    [#########-------------------]  34.8% 17403/50000 |  111.0/s | elapsed 2m 37s | eta 4m 54s | process workers | seats 4 | tracked 15 | cur 1 hist 0 boot 0 teach 2 base 0 heur 1 | avg reward -0.000 
PPO linea    [#########-------------------]  34.8% 17425/50000 |  111.0/s | elapsed 2m 37s | eta 4m 53s | process workers | seats 2 | tracked 15 | cur 1 hist 0 boot 0 teach 1 base 0 heur 0 | avg reward -0.000 
PPO linea    [#########-------------------]  34.9% 17447/50000 |  111.0/s | elapsed 2m 37s | eta 4m 53s | process workers | seats 8 | tracked 15 | cur 1 hist 1 boot 3 teach 2 base 0 heur 1 | avg reward -0.000 
PPO linea    [#########-------------------]  34.9% 17469/50000 |  111.0/s | elapsed 2m 37s | eta 4m 53s | process workers | seats 6 | tracked 15 | cur 1 hist 2 boot 0 teach 1 base 2 heur 0 | avg reward -0.000 
PPO linea    [#########-------------------]  35.0% 17491/50000 |  111.0/s | elapsed 2m 38s | eta 4m 53s | process workers | seats 6 | tracked 15 | cur 1 hist 2 boot 1 teach 2 base 0 heur 0 | avg reward -0.000 
PPO linea    [#########-------------------]  35.0% 17513/50000 |  111.1/s | elapsed 2m 38s | eta 4m 53s | process workers | seats 8 | tracked 15 | cur 1 hist 0 boot 1 teach 5 base 0 heur 1 | avg reward -0.000 
PPO linea    [#########-------------------]  35.1% 17535/50000 |  111.1/s | elapsed 2m 38s | eta 4m 52s | process workers | seats 10 | tracked 15 | cur 1 hist 4 boot 2 teach 2 base 1 heur 0 | avg reward -0.000
PPO linea    [#########-------------------]  35.1% 17557/50000 |  111.1/s | elapsed 2m 38s | eta 4m 52s | process workers | seats 2 | tracked 15 | cur 1 hist 0 boot 0 teach 0 base 1 heur 0 | avg reward -0.000 
PPO linea    [#########-------------------]  35.2% 17579/50000 |  111.1/s | elapsed 2m 38s | eta 4m 52s | process workers | seats 8 | tracked 30 | cur 2 hist 0 boot 3 teach 3 base 0 heur 0 | avg reward -0.000 
PPO linea    [#########-------------------]  35.2% 17601/50000 |  111.1/s | elapsed 2m 38s | eta 4m 52s | process workers | seats 10 | tracked 30 | cur 2 hist 3 boot 1 teach 3 base 0 heur 1 | avg reward -0.000
PPO linea    [#########-------------------]  35.2% 17623/50000 |  111.1/s | elapsed 2m 39s | eta 4m 52s | process workers | seats 10 | tracked 30 | cur 2 hist 3 boot 0 teach 3 base 2 heur 0 | avg reward -0.000
PPO linea    [#########-------------------]  35.3% 17645/50000 |  111.1/s | elapsed 2m 39s | eta 4m 51s | process workers | seats 6 | tracked 15 | cur 1 hist 1 boot 1 teach 1 base 2 heur 0 | avg reward -0.000 
PPO linea    [#########-------------------]  35.3% 17667/50000 |  111.1/s | elapsed 2m 39s | eta 4m 51s | process workers | seats 10 | tracked 15 | cur 1 hist 2 boot 1 teach 6 base 0 heur 0 | avg reward -0.000
PPO linea    [#########-------------------]  35.4% 17689/50000 |  111.1/s | elapsed 2m 39s | eta 4m 51s | process workers | seats 4 | tracked 15 | cur 1 hist 1 boot 0 teach 2 base 0 heur 0 | avg reward -0.000 
PPO linea    [#########-------------------]  35.4% 17711/50000 |  111.1/s | elapsed 2m 39s | eta 4m 51s | process workers | seats 8 | tracked 15 | cur 1 hist 3 boot 1 teach 1 base 0 heur 2 | avg reward -0.000 
PPO linea    [#########-------------------]  35.5% 17733/50000 |  111.1/s | elapsed 2m 40s | eta 4m 51s | process workers | seats 6 | tracked 15 | cur 1 hist 1 boot 1 teach 3 base 0 heur 0 | avg reward -0.000 
PPO linea    [#########-------------------]  35.5% 17755/50000 |  111.1/s | elapsed 2m 40s | eta 4m 50s | process workers | seats 10 | tracked 15 | cur 1 hist 3 boot 1 teach 2 base 3 heur 0 | avg reward -0.000
PPO linea    [#########-------------------]  35.6% 17777/50000 |  111.1/s | elapsed 2m 40s | eta 4m 50s | process workers | seats 8 | tracked 30 | cur 2 hist 2 boot 2 teach 2 base 0 heur 0 | avg reward -0.000 
PPO linea    [#########-------------------]  35.6% 17799/50000 |  111.1/s | elapsed 2m 40s | eta 4m 50s | process workers | seats 2 | tracked 15 | cur 1 hist 0 boot 1 teach 0 base 0 heur 0 | avg reward -0.000 
PPO linea    [#########-------------------]  35.6% 17821/50000 |  111.1/s | elapsed 2m 40s | eta 4m 50s | process workers | seats 4 | tracked 15 | cur 1 hist 0 boot 1 teach 2 base 0 heur 0 | avg reward -0.000 
PPO linea    [#########-------------------]  35.7% 17843/50000 |  111.1/s | elapsed 2m 41s | eta 4m 50s | process workers | seats 8 | tracked 15 | cur 1 hist 1 boot 1 teach 2 base 3 heur 0 | avg reward -0.000 
PPO linea    [##########------------------]  35.7% 17865/50000 |  111.1/s | elapsed 2m 41s | eta 4m 49s | process workers | seats 6 | tracked 15 | cur 1 hist 2 boot 0 teach 2 base 1 heur 0 | avg reward -0.000 
PPO linea    [##########------------------]  35.8% 17887/50000 |  111.1/s | elapsed 2m 41s | eta 4m 49s | process workers | seats 8 | tracked 30 | cur 2 hist 1 boot 0 teach 2 base 1 heur 2 | avg reward -0.000 
PPO linea    [##########------------------]  35.8% 17909/50000 |  111.1/s | elapsed 2m 41s | eta 4m 49s | process workers | seats 6 | tracked 15 | cur 1 hist 1 boot 1 teach 2 base 0 heur 1 | avg reward -0.000 
PPO linea    [##########------------------]  35.9% 17931/50000 |  111.1/s | elapsed 2m 41s | eta 4m 49s | process workers | seats 6 | tracked 15 | cur 1 hist 1 boot 0 teach 2 base 2 heur 0 | avg reward -0.000 
PPO linea    [##########------------------]  35.9% 17953/50000 |  111.1/s | elapsed 2m 42s | eta 4m 49s | process workers | seats 10 | tracked 15 | cur 1 hist 2 boot 0 teach 3 base 2 heur 2 | avg reward -0.000
PPO linea    [##########------------------]  35.9% 17975/50000 |  111.1/s | elapsed 2m 42s | eta 4m 48s | process workers | seats 8 | tracked 15 | cur 1 hist 0 boot 3 teach 3 base 1 heur 0 | avg reward -0.000 
PPO linea    [##########------------------]  36.0% 17997/50000 |  111.1/s | elapsed 2m 42s | eta 4m 48s | process workers | seats 6 | tracked 15 | cur 1 hist 0 boot 0 teach 3 base 1 heur 1 | avg reward -0.000 
PPO linea    [##########------------------]  36.0% 18019/50000 |  111.1/s | elapsed 2m 42s | eta 4m 48s | process workers | seats 6 | tracked 15 | cur 1 hist 0 boot 1 teach 3 base 0 heur 1 | avg reward -0.000 
PPO linea    [##########------------------]  36.1% 18041/50000 |  111.1/s | elapsed 2m 42s | eta 4m 48s | process workers | seats 2 | tracked 15 | cur 1 hist 0 boot 0 teach 1 base 0 heur 0 | avg reward -0.000 
PPO linea    [##########------------------]  36.1% 18063/50000 |  111.1/s | elapsed 2m 43s | eta 4m 48s | process workers | seats 10 | tracked 15 | cur 1 hist 3 boot 2 teach 2 base 1 heur 1 | avg reward -0.000
PPO linea    [##########------------------]  36.2% 18085/50000 |  111.1/s | elapsed 2m 43s | eta 4m 47s | process workers | seats 10 | tracked 30 | cur 2 hist 2 boot 0 teach 3 base 3 heur 0 | avg reward -0.000
PPO linea    [##########------------------]  36.2% 18107/50000 |  111.1/s | elapsed 2m 43s | eta 4m 47s | process workers | seats 6 | tracked 15 | cur 1 hist 1 boot 2 teach 2 base 0 heur 0 | avg reward -0.000 
PPO linea    [##########------------------]  36.3% 18129/50000 |  111.1/s | elapsed 2m 43s | eta 4m 47s | process workers | seats 10 | tracked 15 | cur 1 hist 2 boot 0 teach 5 base 2 heur 0 | avg reward -0.000
PPO linea    [##########------------------]  36.3% 18151/50000 |  111.1/s | elapsed 2m 43s | eta 4m 47s | process workers | seats 2 | tracked 15 | cur 1 hist 0 boot 0 teach 1 base 0 heur 0 | avg reward -0.000 
PPO linea    [##########------------------]  36.3% 18173/50000 |  111.1/s | elapsed 2m 44s | eta 4m 47s | process workers | seats 4 | tracked 15 | cur 1 hist 0 boot 1 teach 2 base 0 heur 0 | avg reward -0.000 
PPO linea    [##########------------------]  36.4% 18195/50000 |  111.1/s | elapsed 2m 44s | eta 4m 46s | process workers | seats 4 | tracked 15 | cur 1 hist 1 boot 1 teach 1 base 0 heur 0 | avg reward -0.000 
PPO linea    [##########------------------]  36.4% 18217/50000 |  111.1/s | elapsed 2m 44s | eta 4m 46s | process workers | seats 10 | tracked 30 | cur 2 hist 1 boot 1 teach 4 base 1 heur 1 | avg reward -0.000
PPO linea    [##########------------------]  36.5% 18239/50000 |  111.1/s | elapsed 2m 44s | eta 4m 46s | process workers | seats 10 | tracked 15 | cur 1 hist 2 boot 0 teach 6 base 1 heur 0 | avg reward -0.000
PPO linea    [##########------------------]  36.5% 18261/50000 |  111.1/s | elapsed 2m 44s | eta 4m 46s | process workers | seats 6 | tracked 15 | cur 1 hist 0 boot 1 teach 2 base 2 heur 0 | avg reward -0.000 
PPO linea    [##########------------------]  36.6% 18283/50000 |  111.1/s | elapsed 2m 45s | eta 4m 45s | process workers | seats 4 | tracked 15 | cur 1 hist 2 boot 0 teach 1 base 0 heur 0 | avg reward -0.000 
PPO linea    [##########------------------]  36.6% 18305/50000 |  111.1/s | elapsed 2m 45s | eta 4m 45s | process workers | seats 10 | tracked 30 | cur 2 hist 1 boot 0 teach 5 base 2 heur 0 | avg reward -0.000
PPO linea    [##########------------------]  36.7% 18327/50000 |  111.1/s | elapsed 2m 45s | eta 4m 45s | process workers | seats 10 | tracked 15 | cur 1 hist 3 boot 1 teach 3 base 1 heur 1 | avg reward -0.000
PPO linea    [##########------------------]  36.7% 18349/50000 |  111.1/s | elapsed 2m 45s | eta 4m 45s | process workers | seats 6 | tracked 15 | cur 1 hist 2 boot 2 teach 1 base 0 heur 0 | avg reward -0.000 
PPO linea    [##########------------------]  36.7% 18371/50000 |  111.1/s | elapsed 2m 45s | eta 4m 45s | process workers | seats 4 | tracked 15 | cur 1 hist 2 boot 1 teach 0 base 0 heur 0 | avg reward -0.000 
PPO linea    [##########------------------]  36.8% 18393/50000 |  111.1/s | elapsed 2m 46s | eta 4m 44s | process workers | seats 8 | tracked 15 | cur 1 hist 3 boot 0 teach 3 base 1 heur 0 | avg reward -0.000 
PPO linea    [##########------------------]  36.8% 18415/50000 |  111.1/s | elapsed 2m 46s | eta 4m 44s | process workers | seats 8 | tracked 15 | cur 1 hist 1 boot 0 teach 4 base 2 heur 0 | avg reward -0.000 
PPO linea    [##########------------------]  36.9% 18437/50000 |  111.1/s | elapsed 2m 46s | eta 4m 44s | process workers | seats 4 | tracked 15 | cur 1 hist 2 boot 0 teach 0 base 1 heur 0 | avg reward -0.000 
PPO linea    [##########------------------]  36.9% 18459/50000 |  111.1/s | elapsed 2m 46s | eta 4m 44s | process workers | seats 2 | tracked 15 | cur 1 hist 1 boot 0 teach 0 base 0 heur 0 | avg reward -0.000 
PPO linea    [##########------------------]  37.0% 18481/50000 |  111.1/s | elapsed 2m 46s | eta 4m 44s | process workers | seats 6 | tracked 15 | cur 1 hist 0 boot 2 teach 2 base 1 heur 0 | avg reward -0.000 
PPO linea    [##########------------------]  37.0% 18503/50000 |  111.1/s | elapsed 2m 47s | eta 4m 43s | process workers | seats 8 | tracked 15 | cur 1 hist 2 boot 0 teach 3 base 1 heur 1 | avg reward -0.000 
PPO linea    [##########------------------]  37.0% 18525/50000 |  111.1/s | elapsed 2m 47s | eta 4m 43s | process workers | seats 10 | tracked 15 | cur 1 hist 3 boot 1 teach 4 base 1 heur 0 | avg reward -0.000
PPO linea    [##########------------------]  37.1% 18547/50000 |  111.1/s | elapsed 2m 47s | eta 4m 43s | process workers | seats 6 | tracked 15 | cur 1 hist 3 boot 1 teach 1 base 0 heur 0 | avg reward -0.000 
PPO linea    [##########------------------]  37.1% 18569/50000 |  111.1/s | elapsed 2m 47s | eta 4m 43s | process workers | seats 10 | tracked 30 | cur 2 hist 3 boot 2 teach 3 base 0 heur 0 | avg reward -0.000
PPO linea    [##########------------------]  37.2% 18591/50000 |  111.1/s | elapsed 2m 47s | eta 4m 43s | process workers | seats 4 | tracked 15 | cur 1 hist 2 boot 1 teach 0 base 0 heur 0 | avg reward -0.000 
PPO linea    [##########------------------]  37.2% 18613/50000 |  111.1/s | elapsed 2m 47s | eta 4m 42s | process workers | seats 10 | tracked 15 | cur 1 hist 2 boot 3 teach 4 base 0 heur 0 | avg reward -0.000
PPO linea    [##########------------------]  37.3% 18635/50000 |  111.1/s | elapsed 2m 48s | eta 4m 42s | process workers | seats 10 | tracked 15 | cur 1 hist 1 boot 1 teach 5 base 1 heur 1 | avg reward -0.000
PPO linea    [##########------------------]  37.3% 18657/50000 |  111.2/s | elapsed 2m 48s | eta 4m 42s | process workers | seats 4 | tracked 15 | cur 1 hist 0 boot 0 teach 2 base 1 heur 0 | avg reward -0.000 
PPO linea    [##########------------------]  37.4% 18679/50000 |  111.2/s | elapsed 2m 48s | eta 4m 42s | process workers | seats 2 | tracked 15 | cur 1 hist 1 boot 0 teach 0 base 0 heur 0 | avg reward -0.000 
PPO linea    [##########------------------]  37.4% 18701/50000 |  111.2/s | elapsed 2m 48s | eta 4m 42s | process workers | seats 4 | tracked 15 | cur 1 hist 2 boot 0 teach 1 base 0 heur 0 | avg reward -0.000 
PPO linea    [##########------------------]  37.4% 18723/50000 |  111.2/s | elapsed 2m 48s | eta 4m 41s | process workers | seats 10 | tracked 15 | cur 1 hist 2 boot 1 teach 3 base 2 heur 1 | avg reward -0.000
PPO linea    [##########------------------]  37.5% 18745/50000 |  111.2/s | elapsed 2m 49s | eta 4m 41s | process workers | seats 6 | tracked 15 | cur 1 hist 1 boot 1 teach 2 base 1 heur 0 | avg reward -0.000 
PPO linea    [##########------------------]  37.5% 18767/50000 |  111.2/s | elapsed 2m 49s | eta 4m 41s | process workers | seats 10 | tracked 15 | cur 1 hist 2 boot 1 teach 5 base 1 heur 0 | avg reward -0.000
PPO linea    [##########------------------]  37.6% 18789/50000 |  111.2/s | elapsed 2m 49s | eta 4m 41s | process workers | seats 4 | tracked 15 | cur 1 hist 1 boot 0 teach 2 base 0 heur 0 | avg reward -0.000 
PPO linea    [##########------------------]  37.6% 18811/50000 |  111.2/s | elapsed 2m 49s | eta 4m 40s | process workers | seats 8 | tracked 15 | cur 1 hist 1 boot 0 teach 4 base 2 heur 0 | avg reward -0.000 
PPO linea    [##########------------------]  37.7% 18833/50000 |  111.2/s | elapsed 2m 49s | eta 4m 40s | process workers | seats 8 | tracked 15 | cur 1 hist 2 boot 1 teach 4 base 0 heur 0 | avg reward -0.000 
PPO linea    [##########------------------]  37.7% 18855/50000 |  111.2/s | elapsed 2m 49s | eta 4m 40s | process workers | seats 10 | tracked 30 | cur 2 hist 3 boot 2 teach 3 base 0 heur 0 | avg reward -0.000
PPO linea    [##########------------------]  37.8% 18877/50000 |  111.2/s | elapsed 2m 50s | eta 4m 40s | process workers | seats 6 | tracked 15 | cur 1 hist 0 boot 2 teach 2 base 0 heur 1 | avg reward -0.000 
PPO linea    [##########------------------]  37.8% 18899/50000 |  111.2/s | elapsed 2m 50s | eta 4m 40s | process workers | seats 2 | tracked 15 | cur 1 hist 0 boot 0 teach 1 base 0 heur 0 | avg reward -0.000 
PPO linea    [##########------------------]  37.8% 18921/50000 |  111.3/s | elapsed 2m 50s | eta 4m 39s | process workers | seats 6 | tracked 15 | cur 1 hist 1 boot 2 teach 1 base 1 heur 0 | avg reward -0.000 
PPO linea    [##########------------------]  37.9% 18943/50000 |  111.3/s | elapsed 2m 50s | eta 4m 39s | process workers | seats 6 | tracked 15 | cur 1 hist 2 boot 0 teach 3 base 0 heur 0 | avg reward -0.000 
PPO linea    [##########------------------]  37.9% 18965/50000 |  111.3/s | elapsed 2m 50s | eta 4m 39s | process workers | seats 8 | tracked 15 | cur 1 hist 1 boot 2 teach 3 base 1 heur 0 | avg reward -0.000 
PPO linea    [##########------------------]  38.0% 18987/50000 |  111.3/s | elapsed 2m 51s | eta 4m 39s | process workers | seats 6 | tracked 15 | cur 1 hist 2 boot 0 teach 1 base 2 heur 0 | avg reward -0.000 
PPO linea    [##########------------------]  38.0% 19009/50000 |  111.3/s | elapsed 2m 51s | eta 4m 38s | process workers | seats 8 | tracked 30 | cur 2 hist 0 boot 2 teach 2 base 2 heur 0 | avg reward -0.000 
PPO linea    [##########------------------]  38.1% 19031/50000 |  111.3/s | elapsed 2m 51s | eta 4m 38s | process workers | seats 4 | tracked 15 | cur 1 hist 0 boot 1 teach 2 base 0 heur 0 | avg reward -0.000 
PPO linea    [##########------------------]  38.1% 19053/50000 |  111.3/s | elapsed 2m 51s | eta 4m 38s | process workers | seats 2 | tracked 15 | cur 1 hist 0 boot 0 teach 1 base 0 heur 0 | avg reward -0.000 
PPO linea    [##########------------------]  38.1% 19075/50000 |  111.3/s | elapsed 2m 51s | eta 4m 38s | process workers | seats 10 | tracked 15 | cur 1 hist 2 boot 1 teach 6 base 0 heur 0 | avg reward -0.000
PPO linea    [##########------------------]  38.2% 19097/50000 |  111.4/s | elapsed 2m 51s | eta 4m 38s | process workers | seats 2 | tracked 15 | cur 1 hist 0 boot 0 teach 0 base 1 heur 0 | avg reward -0.000 
PPO linea    [##########------------------]  38.2% 19119/50000 |  111.4/s | elapsed 2m 52s | eta 4m 37s | process workers | seats 4 | tracked 15 | cur 1 hist 1 boot 0 teach 1 base 0 heur 1 | avg reward -0.000 
PPO linea    [##########------------------]  38.3% 19141/50000 |  111.3/s | elapsed 2m 52s | eta 4m 37s | process workers | seats 10 | tracked 15 | cur 1 hist 1 boot 2 teach 5 base 0 heur 1 | avg reward -0.000
PPO linea    [##########------------------]  38.3% 19163/50000 |  111.3/s | elapsed 2m 52s | eta 4m 37s | process workers | seats 8 | tracked 30 | cur 2 hist 2 boot 1 teach 0 base 0 heur 3 | avg reward -0.000 
PPO linea    [##########------------------]  38.4% 19185/50000 |  111.3/s | elapsed 2m 52s | eta 4m 37s | process workers | seats 10 | tracked 30 | cur 2 hist 1 boot 2 teach 2 base 2 heur 1 | avg reward -0.000
PPO linea    [##########------------------]  38.4% 19207/50000 |  111.3/s | elapsed 2m 53s | eta 4m 37s | process workers | seats 4 | tracked 15 | cur 1 hist 0 boot 3 teach 0 base 0 heur 0 | avg reward -0.000 
PPO linea    [##########------------------]  38.5% 19229/50000 |  111.3/s | elapsed 2m 53s | eta 4m 36s | process workers | seats 4 | tracked 15 | cur 1 hist 0 boot 1 teach 1 base 1 heur 0 | avg reward -0.000 
PPO linea    [##########------------------]  38.5% 19251/50000 |  111.3/s | elapsed 2m 53s | eta 4m 36s | process workers | seats 8 | tracked 15 | cur 1 hist 1 boot 1 teach 4 base 1 heur 0 | avg reward -0.000 
PPO linea    [##########------------------]  38.5% 19273/50000 |  111.3/s | elapsed 2m 53s | eta 4m 36s | process workers | seats 6 | tracked 15 | cur 1 hist 2 boot 0 teach 3 base 0 heur 0 | avg reward -0.000 
PPO linea    [##########------------------]  38.6% 19295/50000 |  111.3/s | elapsed 2m 53s | eta 4m 36s | process workers | seats 8 | tracked 15 | cur 1 hist 0 boot 2 teach 4 base 1 heur 0 | avg reward -0.000 
PPO linea    [##########------------------]  38.6% 19317/50000 |  111.3/s | elapsed 2m 54s | eta 4m 36s | process workers | seats 6 | tracked 15 | cur 1 hist 2 boot 0 teach 2 base 1 heur 0 | avg reward -0.000 
PPO linea    [##########------------------]  38.7% 19339/50000 |  111.3/s | elapsed 2m 54s | eta 4m 35s | process workers | seats 6 | tracked 15 | cur 1 hist 1 boot 0 teach 3 base 1 heur 0 | avg reward -0.000 
PPO linea    [##########------------------]  38.7% 19361/50000 |  111.3/s | elapsed 2m 54s | eta 4m 35s | process workers | seats 4 | tracked 15 | cur 1 hist 1 boot 0 teach 2 base 0 heur 0 | avg reward -0.000 
PPO linea    [##########------------------]  38.8% 19383/50000 |  111.3/s | elapsed 2m 54s | eta 4m 35s | process workers | seats 8 | tracked 30 | cur 2 hist 1 boot 1 teach 2 base 1 heur 1 | avg reward -0.000 
PPO linea    [##########------------------]  38.8% 19405/50000 |  111.3/s | elapsed 2m 54s | eta 4m 35s | process workers | seats 10 | tracked 15 | cur 1 hist 2 boot 1 teach 1 base 4 heur 1 | avg reward -0.000
PPO linea    [##########------------------]  38.9% 19427/50000 |  111.3/s | elapsed 2m 55s | eta 4m 35s | process workers | seats 6 | tracked 15 | cur 1 hist 2 boot 1 teach 1 base 1 heur 0 | avg reward -0.000 
PPO linea    [##########------------------]  38.9% 19449/50000 |  111.3/s | elapsed 2m 55s | eta 4m 34s | process workers | seats 10 | tracked 15 | cur 1 hist 3 boot 2 teach 3 base 1 heur 0 | avg reward -0.000
PPO linea    [##########------------------]  38.9% 19471/50000 |  111.3/s | elapsed 2m 55s | eta 4m 34s | process workers | seats 10 | tracked 15 | cur 1 hist 1 boot 2 teach 4 base 1 heur 1 | avg reward -0.000
PPO linea    [##########------------------]  39.0% 19493/50000 |  111.3/s | elapsed 2m 55s | eta 4m 34s | process workers | seats 8 | tracked 15 | cur 1 hist 1 boot 2 teach 3 base 0 heur 1 | avg reward -0.000 
PPO linea    [##########------------------]  39.0% 19515/50000 |  111.4/s | elapsed 2m 55s | eta 4m 34s | process workers | seats 2 | tracked 15 | cur 1 hist 0 boot 1 teach 0 base 0 heur 0 | avg reward -0.000 
PPO linea    [##########------------------]  39.1% 19537/50000 |  111.4/s | elapsed 2m 55s | eta 4m 34s | process workers | seats 8 | tracked 15 | cur 1 hist 0 boot 3 teach 2 base 1 heur 1 | avg reward -0.000 
PPO linea    [##########------------------]  39.1% 19559/50000 |  111.4/s | elapsed 2m 56s | eta 4m 33s | process workers | seats 4 | tracked 15 | cur 1 hist 1 boot 1 teach 0 base 0 heur 1 | avg reward -0.000 
PPO linea    [##########------------------]  39.2% 19581/50000 |  111.3/s | elapsed 2m 56s | eta 4m 33s | process workers | seats 10 | tracked 15 | cur 1 hist 1 boot 3 teach 2 base 2 heur 1 | avg reward -0.000
PPO linea    [##########------------------]  39.2% 19603/50000 |  111.3/s | elapsed 2m 56s | eta 4m 33s | process workers | seats 2 | tracked 15 | cur 1 hist 1 boot 0 teach 0 base 0 heur 0 | avg reward -0.000 
PPO linea    [##########------------------]  39.2% 19625/50000 |  111.3/s | elapsed 2m 56s | eta 4m 33s | process workers | seats 6 | tracked 15 | cur 1 hist 1 boot 1 teach 1 base 1 heur 1 | avg reward -0.000 
PPO linea    [###########-----------------]  39.3% 19647/50000 |  111.3/s | elapsed 2m 56s | eta 4m 33s | process workers | seats 8 | tracked 15 | cur 1 hist 1 boot 2 teach 2 base 2 heur 0 | avg reward -0.000 
PPO linea    [###########-----------------]  39.3% 19669/50000 |  111.3/s | elapsed 2m 57s | eta 4m 32s | process workers | seats 8 | tracked 30 | cur 2 hist 1 boot 1 teach 4 base 0 heur 0 | avg reward -0.000 
PPO linea    [###########-----------------]  39.4% 19691/50000 |  111.3/s | elapsed 2m 57s | eta 4m 32s | process workers | seats 6 | tracked 15 | cur 1 hist 1 boot 1 teach 2 base 0 heur 1 | avg reward -0.000 
PPO linea    [###########-----------------]  39.4% 19713/50000 |  111.3/s | elapsed 2m 57s | eta 4m 32s | process workers | seats 8 | tracked 30 | cur 2 hist 1 boot 1 teach 1 base 1 heur 2 | avg reward -0.000 
PPO linea    [###########-----------------]  39.5% 19735/50000 |  111.3/s | elapsed 2m 57s | eta 4m 32s | process workers | seats 4 | tracked 15 | cur 1 hist 0 boot 1 teach 1 base 1 heur 0 | avg reward -0.000 
PPO linea    [###########-----------------]  39.5% 19757/50000 |  111.3/s | elapsed 2m 57s | eta 4m 32s | process workers | seats 6 | tracked 15 | cur 1 hist 3 boot 0 teach 1 base 1 heur 0 | avg reward -0.000 
PPO linea    [###########-----------------]  39.6% 19779/50000 |  111.3/s | elapsed 2m 58s | eta 4m 31s | process workers | seats 8 | tracked 15 | cur 1 hist 2 boot 1 teach 3 base 0 heur 1 | avg reward -0.000 
PPO linea    [###########-----------------]  39.6% 19801/50000 |  111.3/s | elapsed 2m 58s | eta 4m 31s | process workers | seats 10 | tracked 15 | cur 1 hist 2 boot 3 teach 1 base 2 heur 1 | avg reward -0.000
PPO linea    [###########-----------------]  39.6% 19823/50000 |  111.3/s | elapsed 2m 58s | eta 4m 31s | process workers | seats 8 | tracked 15 | cur 1 hist 2 boot 1 teach 1 base 3 heur 0 | avg reward -0.000 
PPO linea    [###########-----------------]  39.7% 19845/50000 |  111.3/s | elapsed 2m 58s | eta 4m 31s | process workers | seats 8 | tracked 30 | cur 2 hist 1 boot 1 teach 2 base 2 heur 0 | avg reward -0.000 
PPO linea    [###########-----------------]  39.7% 19867/50000 |  111.3/s | elapsed 2m 58s | eta 4m 31s | process workers | seats 4 | tracked 15 | cur 1 hist 1 boot 1 teach 1 base 0 heur 0 | avg reward -0.000 
PPO linea    [###########-----------------]  39.8% 19889/50000 |  111.3/s | elapsed 2m 59s | eta 4m 30s | process workers | seats 6 | tracked 15 | cur 1 hist 0 boot 1 teach 2 base 1 heur 1 | avg reward -0.000 
PPO linea    [###########-----------------]  39.8% 19911/50000 |  111.3/s | elapsed 2m 59s | eta 4m 30s | process workers | seats 8 | tracked 15 | cur 1 hist 2 boot 1 teach 2 base 1 heur 1 | avg reward -0.000 
PPO linea    [###########-----------------]  39.9% 19933/50000 |  111.3/s | elapsed 2m 59s | eta 4m 30s | process workers | seats 4 | tracked 15 | cur 1 hist 1 boot 1 teach 1 base 0 heur 0 | avg reward -0.000 
PPO linea    [###########-----------------]  39.9% 19955/50000 |  111.3/s | elapsed 2m 59s | eta 4m 30s | process workers | seats 4 | tracked 15 | cur 1 hist 0 boot 2 teach 0 base 1 heur 0 | avg reward -0.000 
PPO linea    [###########-----------------]  40.0% 19977/50000 |  111.3/s | elapsed 2m 59s | eta 4m 30s | process workers | seats 6 | tracked 15 | cur 1 hist 1 boot 1 teach 2 base 1 heur 0 | avg reward -0.000 
PPO linea    [###########-----------------]  40.0% 19999/50000 |  111.4/s | elapsed 3m 0s | eta 4m 29s | process workers | seats 4 | tracked 15 | cur 1 hist 0 boot 1 teach 2 base 0 heur 0 | avg reward -0.000  
PPO linea    [###########-----------------]  40.0% 20021/50000 |  111.4/s | elapsed 3m 0s | eta 4m 29s | process workers | seats 6 | tracked 15 | cur 1 hist 2 boot 1 teach 0 base 1 heur 1 | avg reward -0.000  
PPO linea    [###########-----------------]  40.1% 20043/50000 |  111.4/s | elapsed 3m 0s | eta 4m 29s | process workers | seats 10 | tracked 30 | cur 2 hist 4 boot 1 teach 3 base 0 heur 0 | avg reward -0.000 
PPO linea    [###########-----------------]  40.1% 20065/50000 |  111.4/s | elapsed 3m 0s | eta 4m 29s | process workers | seats 8 | tracked 15 | cur 1 hist 1 boot 2 teach 3 base 0 heur 1 | avg reward -0.000  
PPO linea    [###########-----------------]  40.2% 20087/50000 |  111.4/s | elapsed 3m 0s | eta 4m 29s | process workers | seats 4 | tracked 15 | cur 1 hist 0 boot 0 teach 1 base 2 heur 0 | avg reward -0.000  
PPO linea    [###########-----------------]  40.2% 20109/50000 |  111.4/s | elapsed 3m 1s | eta 4m 28s | process workers | seats 8 | tracked 30 | cur 2 hist 2 boot 0 teach 2 base 0 heur 2 | avg reward -0.000  
PPO linea    [###########-----------------]  40.3% 20131/50000 |  111.4/s | elapsed 3m 1s | eta 4m 28s | process workers | seats 6 | tracked 15 | cur 1 hist 1 boot 1 teach 2 base 1 heur 0 | avg reward -0.000  
PPO linea    [###########-----------------]  40.3% 20153/50000 |  111.4/s | elapsed 3m 1s | eta 4m 28s | process workers | seats 10 | tracked 15 | cur 1 hist 3 boot 2 teach 2 base 2 heur 0 | avg reward -0.000 
PPO linea    [###########-----------------]  40.4% 20175/50000 |  111.4/s | elapsed 3m 1s | eta 4m 28s | process workers | seats 6 | tracked 15 | cur 1 hist 1 boot 0 teach 2 base 2 heur 0 | avg reward -0.000  
PPO linea    [###########-----------------]  40.4% 20197/50000 |  111.4/s | elapsed 3m 1s | eta 4m 28s | process workers | seats 8 | tracked 15 | cur 1 hist 2 boot 0 teach 4 base 1 heur 0 | avg reward -0.000  
PPO linea    [###########-----------------]  40.4% 20219/50000 |  111.4/s | elapsed 3m 2s | eta 4m 27s | process workers | seats 10 | tracked 15 | cur 1 hist 4 boot 2 teach 1 base 1 heur 1 | avg reward -0.000 
PPO linea    [###########-----------------]  40.5% 20241/50000 |  111.4/s | elapsed 3m 2s | eta 4m 27s | process workers | seats 8 | tracked 15 | cur 1 hist 2 boot 1 teach 3 base 1 heur 0 | avg reward -0.000  
PPO linea    [###########-----------------]  40.5% 20263/50000 |  111.4/s | elapsed 3m 2s | eta 4m 27s | process workers | seats 10 | tracked 30 | cur 2 hist 3 boot 1 teach 3 base 1 heur 0 | avg reward -0.000 
PPO linea    [###########-----------------]  40.6% 20285/50000 |  111.4/s | elapsed 3m 2s | eta 4m 27s | process workers | seats 8 | tracked 15 | cur 1 hist 1 boot 2 teach 3 base 1 heur 0 | avg reward -0.000  
PPO linea    [###########-----------------]  40.6% 20307/50000 |  111.4/s | elapsed 3m 2s | eta 4m 27s | process workers | seats 6 | tracked 15 | cur 1 hist 1 boot 0 teach 3 base 1 heur 0 | avg reward -0.000  
PPO linea    [###########-----------------]  40.7% 20329/50000 |  111.4/s | elapsed 3m 2s | eta 4m 26s | process workers | seats 6 | tracked 15 | cur 1 hist 1 boot 1 teach 1 base 1 heur 1 | avg reward -0.000  
PPO linea    [###########-----------------]  40.7% 20351/50000 |  111.4/s | elapsed 3m 3s | eta 4m 26s | process workers | seats 10 | tracked 30 | cur 2 hist 1 boot 1 teach 5 base 1 heur 0 | avg reward -0.000 
PPO linea    [###########-----------------]  40.7% 20373/50000 |  111.4/s | elapsed 3m 3s | eta 4m 26s | process workers | seats 8 | tracked 30 | cur 2 hist 1 boot 0 teach 2 base 2 heur 1 | avg reward -0.000  
PPO linea    [###########-----------------]  40.8% 20395/50000 |  111.4/s | elapsed 3m 3s | eta 4m 26s | process workers | seats 8 | tracked 15 | cur 1 hist 1 boot 1 teach 3 base 2 heur 0 | avg reward -0.000  
PPO linea    [###########-----------------]  40.8% 20417/50000 |  111.4/s | elapsed 3m 3s | eta 4m 26s | process workers | seats 8 | tracked 15 | cur 1 hist 4 boot 1 teach 1 base 0 heur 1 | avg reward -0.000  
PPO linea    [###########-----------------]  40.9% 20439/50000 |  111.4/s | elapsed 3m 3s | eta 4m 25s | process workers | seats 6 | tracked 15 | cur 1 hist 2 boot 1 teach 1 base 0 heur 1 | avg reward -0.000  
PPO linea    [###########-----------------]  40.9% 20461/50000 |  111.4/s | elapsed 3m 4s | eta 4m 25s | process workers | seats 10 | tracked 15 | cur 1 hist 2 boot 1 teach 5 base 1 heur 0 | avg reward -0.000 
PPO linea    [###########-----------------]  41.0% 20483/50000 |  111.4/s | elapsed 3m 4s | eta 4m 25s | process workers | seats 8 | tracked 15 | cur 1 hist 1 boot 1 teach 4 base 0 heur 1 | avg reward -0.000  
PPO linea    [###########-----------------]  41.0% 20505/50000 |  111.4/s | elapsed 3m 4s | eta 4m 25s | process workers | seats 2 | tracked 15 | cur 1 hist 0 boot 0 teach 1 base 0 heur 0 | avg reward -0.000  
PPO linea    [###########-----------------]  41.1% 20527/50000 |  111.4/s | elapsed 3m 4s | eta 4m 25s | process workers | seats 4 | tracked 15 | cur 1 hist 1 boot 1 teach 1 base 0 heur 0 | avg reward -0.000  
PPO linea    [###########-----------------]  41.1% 20549/50000 |  111.4/s | elapsed 3m 4s | eta 4m 24s | process workers | seats 10 | tracked 15 | cur 1 hist 1 boot 1 teach 3 base 1 heur 3 | avg reward -0.000 
PPO linea    [###########-----------------]  41.1% 20571/50000 |  111.4/s | elapsed 3m 5s | eta 4m 24s | process workers | seats 10 | tracked 15 | cur 1 hist 1 boot 1 teach 7 base 0 heur 0 | avg reward -0.000 
PPO linea    [###########-----------------]  41.2% 20593/50000 |  111.4/s | elapsed 3m 5s | eta 4m 24s | process workers | seats 2 | tracked 15 | cur 1 hist 0 boot 0 teach 0 base 1 heur 0 | avg reward -0.000  
PPO linea    [###########-----------------]  41.2% 20615/50000 |  111.4/s | elapsed 3m 5s | eta 4m 24s | process workers | seats 4 | tracked 15 | cur 1 hist 0 boot 0 teach 0 base 2 heur 1 | avg reward -0.000  
PPO linea    [###########-----------------]  41.3% 20637/50000 |  111.4/s | elapsed 3m 5s | eta 4m 24s | process workers | seats 4 | tracked 15 | cur 1 hist 1 boot 0 teach 2 base 0 heur 0 | avg reward -0.000  
PPO linea    [###########-----------------]  41.3% 20659/50000 |  111.4/s | elapsed 3m 5s | eta 4m 23s | process workers | seats 6 | tracked 15 | cur 1 hist 2 boot 1 teach 2 base 0 heur 0 | avg reward -0.000  
PPO linea    [###########-----------------]  41.4% 20681/50000 |  111.4/s | elapsed 3m 6s | eta 4m 23s | process workers | seats 2 | tracked 15 | cur 1 hist 0 boot 0 teach 1 base 0 heur 0 | avg reward -0.000  
PPO linea    [###########-----------------]  41.4% 20703/50000 |  111.4/s | elapsed 3m 6s | eta 4m 23s | process workers | seats 4 | tracked 15 | cur 1 hist 0 boot 1 teach 1 base 0 heur 1 | avg reward -0.000  
PPO linea    [###########-----------------]  41.4% 20725/50000 |  111.4/s | elapsed 3m 6s | eta 4m 23s | process workers | seats 10 | tracked 30 | cur 2 hist 3 boot 0 teach 3 base 1 heur 1 | avg reward -0.000 
PPO linea    [###########-----------------]  41.5% 20747/50000 |  111.4/s | elapsed 3m 6s | eta 4m 23s | process workers | seats 4 | tracked 15 | cur 1 hist 2 boot 0 teach 1 base 0 heur 0 | avg reward -0.000  
PPO linea    [###########-----------------]  41.5% 20769/50000 |  111.4/s | elapsed 3m 6s | eta 4m 22s | process workers | seats 10 | tracked 15 | cur 1 hist 2 boot 2 teach 4 base 1 heur 0 | avg reward -0.000 
PPO linea    [###########-----------------]  41.6% 20791/50000 |  111.4/s | elapsed 3m 7s | eta 4m 22s | process workers | seats 10 | tracked 30 | cur 2 hist 0 boot 4 teach 3 base 1 heur 0 | avg reward -0.000 
PPO linea    [###########-----------------]  41.6% 20813/50000 |  111.4/s | elapsed 3m 7s | eta 4m 22s | process workers | seats 10 | tracked 15 | cur 1 hist 0 boot 0 teach 6 base 3 heur 0 | avg reward -0.000 
PPO linea    [###########-----------------]  41.7% 20835/50000 |  111.4/s | elapsed 3m 7s | eta 4m 22s | process workers | seats 8 | tracked 15 | cur 1 hist 1 boot 1 teach 3 base 2 heur 0 | avg reward -0.000  
PPO linea    [###########-----------------]  41.7% 20857/50000 |  111.5/s | elapsed 3m 7s | eta 4m 21s | process workers | seats 10 | tracked 30 | cur 2 hist 2 boot 3 teach 3 base 0 heur 0 | avg reward -0.000 
PPO linea    [###########-----------------]  41.8% 20879/50000 |  111.4/s | elapsed 3m 7s | eta 4m 21s | process workers | seats 6 | tracked 15 | cur 1 hist 1 boot 0 teach 1 base 3 heur 0 | avg reward -0.000  
PPO linea    [###########-----------------]  41.8% 20901/50000 |  111.4/s | elapsed 3m 8s | eta 4m 21s | process workers | seats 4 | tracked 15 | cur 1 hist 0 boot 2 teach 1 base 0 heur 0 | avg reward -0.000  
PPO linea    [###########-----------------]  41.8% 20923/50000 |  111.4/s | elapsed 3m 8s | eta 4m 21s | process workers | seats 10 | tracked 15 | cur 1 hist 3 boot 1 teach 4 base 0 heur 1 | avg reward -0.000 
PPO linea    [###########-----------------]  41.9% 20945/50000 |  111.4/s | elapsed 3m 8s | eta 4m 21s | process workers | seats 8 | tracked 15 | cur 1 hist 1 boot 2 teach 2 base 1 heur 1 | avg reward -0.000  
PPO linea    [###########-----------------]  41.9% 20967/50000 |  111.4/s | elapsed 3m 8s | eta 4m 21s | process workers | seats 4 | tracked 15 | cur 1 hist 0 boot 0 teach 1 base 2 heur 0 | avg reward -0.000  
PPO linea    [###########-----------------]  42.0% 20989/50000 |  111.4/s | elapsed 3m 8s | eta 4m 20s | process workers | seats 6 | tracked 15 | cur 1 hist 0 boot 3 teach 2 base 0 heur 0 | avg reward -0.000  
PPO linea    [###########-----------------]  42.0% 21011/50000 |  111.4/s | elapsed 3m 9s | eta 4m 20s | process workers | seats 10 | tracked 30 | cur 2 hist 1 boot 3 teach 2 base 2 heur 0 | avg reward -0.000 
PPO linea    [###########-----------------]  42.1% 21033/50000 |  111.4/s | elapsed 3m 9s | eta 4m 20s | process workers | seats 4 | tracked 15 | cur 1 hist 1 boot 0 teach 2 base 0 heur 0 | avg reward -0.000  
PPO linea    [###########-----------------]  42.1% 21055/50000 |  111.4/s | elapsed 3m 9s | eta 4m 20s | process workers | seats 2 | tracked 15 | cur 1 hist 0 boot 1 teach 0 base 0 heur 0 | avg reward -0.000  
PPO linea    [###########-----------------]  42.2% 21077/50000 |  111.4/s | elapsed 3m 9s | eta 4m 20s | process workers | seats 8 | tracked 15 | cur 1 hist 3 boot 2 teach 1 base 0 heur 1 | avg reward -0.000  
PPO linea    [###########-----------------]  42.2% 21099/50000 |  111.4/s | elapsed 3m 9s | eta 4m 20s | process workers | seats 8 | tracked 15 | cur 1 hist 2 boot 1 teach 2 base 1 heur 1 | avg reward -0.000  
PPO linea    [###########-----------------]  42.2% 21121/50000 |  111.4/s | elapsed 3m 10s | eta 4m 19s | process workers | seats 2 | tracked 15 | cur 1 hist 1 boot 0 teach 0 base 0 heur 0 | avg reward -0.000 
PPO linea    [###########-----------------]  42.3% 21143/50000 |  111.4/s | elapsed 3m 10s | eta 4m 19s | process workers | seats 2 | tracked 15 | cur 1 hist 1 boot 0 teach 0 base 0 heur 0 | avg reward -0.000 
PPO linea    [###########-----------------]  42.3% 21165/50000 |  111.4/s | elapsed 3m 10s | eta 4m 19s | process workers | seats 8 | tracked 15 | cur 1 hist 2 boot 2 teach 2 base 0 heur 1 | avg reward -0.000 
PPO linea    [###########-----------------]  42.4% 21187/50000 |  111.4/s | elapsed 3m 10s | eta 4m 19s | process workers | seats 6 | tracked 15 | cur 1 hist 2 boot 0 teach 3 base 0 heur 0 | avg reward -0.000 
PPO linea    [###########-----------------]  42.4% 21209/50000 |  111.4/s | elapsed 3m 10s | eta 4m 19s | process workers | seats 4 | tracked 15 | cur 1 hist 0 boot 0 teach 1 base 2 heur 0 | avg reward -0.000 
PPO linea    [###########-----------------]  42.5% 21231/50000 |  111.4/s | elapsed 3m 11s | eta 4m 18s | process workers | seats 2 | tracked 15 | cur 1 hist 1 boot 0 teach 0 base 0 heur 0 | avg reward -0.000 
PPO linea    [###########-----------------]  42.5% 21253/50000 |  111.4/s | elapsed 3m 11s | eta 4m 18s | process workers | seats 8 | tracked 30 | cur 2 hist 3 boot 1 teach 1 base 0 heur 1 | avg reward -0.000 
PPO linea    [###########-----------------]  42.5% 21275/50000 |  111.4/s | elapsed 3m 11s | eta 4m 18s | process workers | seats 2 | tracked 15 | cur 1 hist 1 boot 0 teach 0 base 0 heur 0 | avg reward -0.000 
PPO linea    [###########-----------------]  42.6% 21297/50000 |  111.4/s | elapsed 3m 11s | eta 4m 18s | process workers | seats 8 | tracked 15 | cur 1 hist 2 boot 1 teach 1 base 3 heur 0 | avg reward -0.000 
PPO linea    [###########-----------------]  42.6% 21319/50000 |  111.4/s | elapsed 3m 11s | eta 4m 17s | process workers | seats 4 | tracked 15 | cur 1 hist 1 boot 1 teach 1 base 0 heur 0 | avg reward -0.000 
PPO linea    [###########-----------------]  42.7% 21341/50000 |  111.4/s | elapsed 3m 12s | eta 4m 17s | process workers | seats 10 | tracked 30 | cur 2 hist 1 boot 2 teach 3 base 1 heur 1 | avg reward -0.000
PPO linea    [###########-----------------]  42.7% 21363/50000 |  111.4/s | elapsed 3m 12s | eta 4m 17s | process workers | seats 2 | tracked 15 | cur 1 hist 1 boot 0 teach 0 base 0 heur 0 | avg reward -0.000 
PPO linea    [###########-----------------]  42.8% 21385/50000 |  111.4/s | elapsed 3m 12s | eta 4m 17s | process workers | seats 10 | tracked 15 | cur 1 hist 1 boot 2 teach 6 base 0 heur 0 | avg reward -0.000
PPO linea    [###########-----------------]  42.8% 21407/50000 |  111.3/s | elapsed 3m 12s | eta 4m 17s | process workers | seats 10 | tracked 30 | cur 2 hist 1 boot 1 teach 2 base 3 heur 1 | avg reward -0.000
PPO linea    [############----------------]  42.9% 21429/50000 |  111.3/s | elapsed 3m 12s | eta 4m 17s | process workers | seats 10 | tracked 30 | cur 2 hist 4 boot 1 teach 2 base 1 heur 0 | avg reward -0.000
PPO linea    [############----------------]  42.9% 21451/50000 |  111.3/s | elapsed 3m 13s | eta 4m 16s | process workers | seats 6 | tracked 15 | cur 1 hist 2 boot 0 teach 1 base 2 heur 0 | avg reward -0.000 
PPO linea    [############----------------]  42.9% 21473/50000 |  111.3/s | elapsed 3m 13s | eta 4m 16s | process workers | seats 10 | tracked 15 | cur 1 hist 1 boot 2 teach 4 base 2 heur 0 | avg reward -0.000
PPO linea    [############----------------]  43.0% 21495/50000 |  111.3/s | elapsed 3m 13s | eta 4m 16s | process workers | seats 6 | tracked 15 | cur 1 hist 1 boot 1 teach 0 base 3 heur 0 | avg reward -0.000 
PPO linea    [############----------------]  43.0% 21517/50000 |  111.3/s | elapsed 3m 13s | eta 4m 16s | process workers | seats 10 | tracked 30 | cur 2 hist 1 boot 3 teach 4 base 0 heur 0 | avg reward -0.000
PPO linea    [############----------------]  43.1% 21539/50000 |  111.3/s | elapsed 3m 14s | eta 4m 16s | process workers | seats 4 | tracked 15 | cur 1 hist 1 boot 0 teach 1 base 1 heur 0 | avg reward -0.000 
PPO linea    [############----------------]  43.1% 21561/50000 |  111.3/s | elapsed 3m 14s | eta 4m 16s | process workers | seats 10 | tracked 30 | cur 2 hist 0 boot 2 teach 4 base 1 heur 1 | avg reward -0.000
PPO linea    [############----------------]  43.2% 21583/50000 |  111.2/s | elapsed 3m 14s | eta 4m 15s | process workers | seats 10 | tracked 30 | cur 2 hist 1 boot 2 teach 3 base 2 heur 0 | avg reward -0.000
PPO linea    [############----------------]  43.2% 21605/50000 |  111.2/s | elapsed 3m 14s | eta 4m 15s | process workers | seats 4 | tracked 15 | cur 1 hist 0 boot 1 teach 2 base 0 heur 0 | avg reward -0.000 
PPO linea    [############----------------]  43.3% 21627/50000 |  111.2/s | elapsed 3m 14s | eta 4m 15s | process workers | seats 10 | tracked 15 | cur 1 hist 1 boot 3 teach 2 base 3 heur 0 | avg reward -0.000
PPO linea    [############----------------]  43.3% 21649/50000 |  111.2/s | elapsed 3m 15s | eta 4m 15s | process workers | seats 6 | tracked 15 | cur 1 hist 2 boot 0 teach 1 base 2 heur 0 | avg reward -0.000 
PPO linea    [############----------------]  43.3% 21671/50000 |  111.2/s | elapsed 3m 15s | eta 4m 15s | process workers | seats 10 | tracked 15 | cur 1 hist 0 boot 0 teach 6 base 2 heur 1 | avg reward -0.000
PPO linea    [############----------------]  43.4% 21693/50000 |  111.2/s | elapsed 3m 15s | eta 4m 14s | process workers | seats 8 | tracked 15 | cur 1 hist 1 boot 0 teach 4 base 2 heur 0 | avg reward -0.000 
PPO linea    [############----------------]  43.4% 21715/50000 |  111.2/s | elapsed 3m 15s | eta 4m 14s | process workers | seats 4 | tracked 15 | cur 1 hist 2 boot 0 teach 1 base 0 heur 0 | avg reward -0.000 
PPO linea    [############----------------]  43.5% 21737/50000 |  111.2/s | elapsed 3m 15s | eta 4m 14s | process workers | seats 4 | tracked 15 | cur 1 hist 1 boot 1 teach 0 base 1 heur 0 | avg reward -0.000 
PPO linea    [############----------------]  43.5% 21759/50000 |  111.2/s | elapsed 3m 16s | eta 4m 14s | process workers | seats 8 | tracked 30 | cur 2 hist 3 boot 0 teach 2 base 1 heur 0 | avg reward -0.000 
PPO linea    [############----------------]  43.6% 21781/50000 |  111.2/s | elapsed 3m 16s | eta 4m 14s | process workers | seats 10 | tracked 15 | cur 1 hist 1 boot 3 teach 2 base 2 heur 1 | avg reward -0.000
PPO linea    [############----------------]  43.6% 21803/50000 |  111.2/s | elapsed 3m 16s | eta 4m 14s | process workers | seats 10 | tracked 15 | cur 1 hist 2 boot 1 teach 4 base 2 heur 0 | avg reward -0.000
PPO linea    [############----------------]  43.6% 21825/50000 |  111.2/s | elapsed 3m 16s | eta 4m 13s | process workers | seats 4 | tracked 15 | cur 1 hist 0 boot 0 teach 2 base 0 heur 1 | avg reward -0.000 
PPO linea    [############----------------]  43.7% 21847/50000 |  111.2/s | elapsed 3m 16s | eta 4m 13s | process workers | seats 6 | tracked 15 | cur 1 hist 1 boot 1 teach 3 base 0 heur 0 | avg reward -0.000 
PPO linea    [############----------------]  43.7% 21869/50000 |  111.2/s | elapsed 3m 17s | eta 4m 13s | process workers | seats 6 | tracked 15 | cur 1 hist 0 boot 1 teach 3 base 1 heur 0 | avg reward -0.000 
PPO linea    [############----------------]  43.8% 21891/50000 |  111.2/s | elapsed 3m 17s | eta 4m 13s | process workers | seats 8 | tracked 15 | cur 1 hist 0 boot 3 teach 3 base 1 heur 0 | avg reward -0.000 
PPO linea    [############----------------]  43.8% 21913/50000 |  111.2/s | elapsed 3m 17s | eta 4m 13s | process workers | seats 6 | tracked 15 | cur 1 hist 2 boot 1 teach 1 base 1 heur 0 | avg reward -0.000 
PPO linea    [############----------------]  43.9% 21935/50000 |  111.2/s | elapsed 3m 17s | eta 4m 12s | process workers | seats 8 | tracked 15 | cur 1 hist 1 boot 4 teach 1 base 0 heur 1 | avg reward -0.000 
PPO linea    [############----------------]  43.9% 21957/50000 |  111.2/s | elapsed 3m 17s | eta 4m 12s | process workers | seats 6 | tracked 15 | cur 1 hist 0 boot 2 teach 2 base 1 heur 0 | avg reward -0.000 
PPO linea    [############----------------]  44.0% 21979/50000 |  111.2/s | elapsed 3m 18s | eta 4m 12s | process workers | seats 4 | tracked 15 | cur 1 hist 1 boot 1 teach 0 base 1 heur 0 | avg reward -0.000 
PPO linea    [############----------------]  44.0% 22001/50000 |  111.2/s | elapsed 3m 18s | eta 4m 12s | process workers | seats 2 | tracked 15 | cur 1 hist 0 boot 1 teach 0 base 0 heur 0 | avg reward -0.000 
PPO linea    [############----------------]  44.0% 22023/50000 |  111.2/s | elapsed 3m 18s | eta 4m 12s | process workers | seats 4 | tracked 15 | cur 1 hist 2 boot 0 teach 1 base 0 heur 0 | avg reward -0.000 
PPO linea    [############----------------]  44.1% 22045/50000 |  111.2/s | elapsed 3m 18s | eta 4m 11s | process workers | seats 6 | tracked 15 | cur 1 hist 2 boot 1 teach 1 base 1 heur 0 | avg reward -0.000 
PPO linea    [############----------------]  44.1% 22067/50000 |  111.2/s | elapsed 3m 18s | eta 4m 11s | process workers | seats 10 | tracked 30 | cur 2 hist 2 boot 1 teach 4 base 0 heur 1 | avg reward -0.000
PPO linea    [############----------------]  44.2% 22089/50000 |  111.2/s | elapsed 3m 19s | eta 4m 11s | process workers | seats 8 | tracked 30 | cur 2 hist 0 boot 1 teach 2 base 2 heur 1 | avg reward -0.000 
PPO linea    [############----------------]  44.2% 22111/50000 |  111.3/s | elapsed 3m 19s | eta 4m 11s | process workers | seats 2 | tracked 15 | cur 1 hist 1 boot 0 teach 0 base 0 heur 0 | avg reward -0.000 
PPO linea    [############----------------]  44.3% 22133/50000 |  111.2/s | elapsed 3m 19s | eta 4m 10s | process workers | seats 10 | tracked 15 | cur 1 hist 2 boot 3 teach 3 base 1 heur 0 | avg reward -0.000
PPO linea    [############----------------]  44.3% 22155/50000 |  111.3/s | elapsed 3m 19s | eta 4m 10s | process workers | seats 8 | tracked 30 | cur 2 hist 3 boot 3 teach 0 base 0 heur 0 | avg reward -0.000 
PPO linea    [############----------------]  44.4% 22177/50000 |  111.3/s | elapsed 3m 19s | eta 4m 10s | process workers | seats 10 | tracked 15 | cur 1 hist 4 boot 1 teach 3 base 1 heur 0 | avg reward -0.000
PPO linea    [############----------------]  44.4% 22199/50000 |  111.2/s | elapsed 3m 20s | eta 4m 10s | process workers | seats 8 | tracked 15 | cur 1 hist 1 boot 3 teach 2 base 1 heur 0 | avg reward -0.000 
PPO linea    [############----------------]  44.4% 22221/50000 |  111.3/s | elapsed 3m 20s | eta 4m 10s | process workers | seats 8 | tracked 15 | cur 1 hist 2 boot 1 teach 4 base 0 heur 0 | avg reward -0.000 
PPO linea    [############----------------]  44.5% 22243/50000 |  111.3/s | elapsed 3m 20s | eta 4m 9s | process workers | seats 10 | tracked 30 | cur 2 hist 1 boot 0 teach 4 base 2 heur 1 | avg reward -0.000 
PPO linea    [############----------------]  44.5% 22265/50000 |  111.3/s | elapsed 3m 20s | eta 4m 9s | process workers | seats 10 | tracked 30 | cur 2 hist 2 boot 3 teach 3 base 0 heur 0 | avg reward -0.000 
PPO linea    [############----------------]  44.6% 22287/50000 |  111.3/s | elapsed 3m 20s | eta 4m 9s | process workers | seats 10 | tracked 15 | cur 1 hist 2 boot 2 teach 5 base 0 heur 0 | avg reward -0.000 
PPO linea    [############----------------]  44.6% 22309/50000 |  111.3/s | elapsed 3m 20s | eta 4m 9s | process workers | seats 10 | tracked 30 | cur 2 hist 3 boot 0 teach 3 base 2 heur 0 | avg reward -0.000 
PPO linea    [############----------------]  44.7% 22331/50000 |  111.3/s | elapsed 3m 21s | eta 4m 9s | process workers | seats 10 | tracked 30 | cur 2 hist 3 boot 2 teach 3 base 0 heur 0 | avg reward -0.000 
PPO linea    [############----------------]  44.7% 22353/50000 |  111.3/s | elapsed 3m 21s | eta 4m 8s | process workers | seats 10 | tracked 15 | cur 1 hist 1 boot 1 teach 4 base 1 heur 2 | avg reward -0.000 
PPO linea    [############----------------]  44.8% 22375/50000 |  111.3/s | elapsed 3m 21s | eta 4m 8s | process workers | seats 10 | tracked 30 | cur 2 hist 3 boot 2 teach 3 base 0 heur 0 | avg reward -0.000 
PPO linea    [############----------------]  44.8% 22397/50000 |  111.3/s | elapsed 3m 21s | eta 4m 8s | process workers | seats 10 | tracked 15 | cur 1 hist 2 boot 1 teach 4 base 1 heur 1 | avg reward -0.000 
PPO linea    [############----------------]  44.8% 22419/50000 |  111.3/s | elapsed 3m 21s | eta 4m 8s | process workers | seats 6 | tracked 15 | cur 1 hist 3 boot 1 teach 0 base 0 heur 1 | avg reward -0.000  
PPO linea    [############----------------]  44.9% 22441/50000 |  111.3/s | elapsed 3m 22s | eta 4m 8s | process workers | seats 8 | tracked 30 | cur 2 hist 1 boot 2 teach 2 base 1 heur 0 | avg reward -0.000  
PPO linea    [############----------------]  44.9% 22463/50000 |  111.3/s | elapsed 3m 22s | eta 4m 7s | process workers | seats 10 | tracked 15 | cur 1 hist 3 boot 1 teach 3 base 1 heur 1 | avg reward -0.000 
PPO linea    [############----------------]  45.0% 22485/50000 |  111.4/s | elapsed 3m 22s | eta 4m 7s | process workers | seats 4 | tracked 15 | cur 1 hist 1 boot 0 teach 2 base 0 heur 0 | avg reward -0.000  
PPO linea    [############----------------]  45.0% 22507/50000 |  111.4/s | elapsed 3m 22s | eta 4m 7s | process workers | seats 4 | tracked 15 | cur 1 hist 0 boot 1 teach 2 base 0 heur 0 | avg reward -0.000  
PPO linea    [############----------------]  45.1% 22529/50000 |  111.4/s | elapsed 3m 22s | eta 4m 7s | process workers | seats 8 | tracked 15 | cur 1 hist 1 boot 1 teach 3 base 2 heur 0 | avg reward -0.000  
PPO linea    [############----------------]  45.1% 22551/50000 |  111.4/s | elapsed 3m 22s | eta 4m 6s | process workers | seats 8 | tracked 15 | cur 1 hist 2 boot 2 teach 2 base 1 heur 0 | avg reward -0.000  
PPO linea    [############----------------]  45.1% 22573/50000 |  111.4/s | elapsed 3m 23s | eta 4m 6s | process workers | seats 2 | tracked 15 | cur 1 hist 0 boot 0 teach 0 base 0 heur 1 | avg reward -0.000  
PPO linea    [############----------------]  45.2% 22595/50000 |  111.4/s | elapsed 3m 23s | eta 4m 6s | process workers | seats 10 | tracked 30 | cur 2 hist 2 boot 2 teach 3 base 1 heur 0 | avg reward -0.000 
PPO linea    [############----------------]  45.2% 22617/50000 |  111.4/s | elapsed 3m 23s | eta 4m 6s | process workers | seats 4 | tracked 15 | cur 1 hist 1 boot 0 teach 2 base 0 heur 0 | avg reward -0.000  
PPO linea    [############----------------]  45.3% 22639/50000 |  111.4/s | elapsed 3m 23s | eta 4m 6s | process workers | seats 10 | tracked 30 | cur 2 hist 2 boot 3 teach 3 base 0 heur 0 | avg reward -0.000 
PPO linea    [############----------------]  45.3% 22661/50000 |  111.4/s | elapsed 3m 23s | eta 4m 5s | process workers | seats 4 | tracked 15 | cur 1 hist 1 boot 1 teach 1 base 0 heur 0 | avg reward -0.000  
PPO linea    [############----------------]  45.4% 22683/50000 |  111.4/s | elapsed 3m 24s | eta 4m 5s | process workers | seats 10 | tracked 30 | cur 2 hist 2 boot 1 teach 4 base 1 heur 0 | avg reward -0.000 
PPO linea    [############----------------]  45.4% 22705/50000 |  111.4/s | elapsed 3m 24s | eta 4m 5s | process workers | seats 4 | tracked 15 | cur 1 hist 0 boot 0 teach 3 base 0 heur 0 | avg reward -0.000  
PPO linea    [############----------------]  45.5% 22727/50000 |  111.4/s | elapsed 3m 24s | eta 4m 5s | process workers | seats 2 | tracked 15 | cur 1 hist 0 boot 0 teach 1 base 0 heur 0 | avg reward -0.000  
PPO linea    [############----------------]  45.5% 22749/50000 |  111.4/s | elapsed 3m 24s | eta 4m 5s | process workers | seats 2 | tracked 15 | cur 1 hist 0 boot 0 teach 0 base 0 heur 1 | avg reward -0.000  
PPO linea    [############----------------]  45.5% 22771/50000 |  111.4/s | elapsed 3m 24s | eta 4m 4s | process workers | seats 6 | tracked 15 | cur 1 hist 1 boot 1 teach 3 base 0 heur 0 | avg reward -0.000  
PPO linea    [############----------------]  45.6% 22793/50000 |  111.4/s | elapsed 3m 25s | eta 4m 4s | process workers | seats 10 | tracked 15 | cur 1 hist 2 boot 2 teach 4 base 1 heur 0 | avg reward -0.000 
PPO linea    [############----------------]  45.6% 22815/50000 |  111.4/s | elapsed 3m 25s | eta 4m 4s | process workers | seats 4 | tracked 15 | cur 1 hist 0 boot 0 teach 3 base 0 heur 0 | avg reward -0.000  
PPO linea    [############----------------]  45.7% 22837/50000 |  111.4/s | elapsed 3m 25s | eta 4m 4s | process workers | seats 2 | tracked 15 | cur 1 hist 0 boot 0 teach 1 base 0 heur 0 | avg reward -0.000  
PPO linea    [############----------------]  45.7% 22859/50000 |  111.4/s | elapsed 3m 25s | eta 4m 4s | process workers | seats 10 | tracked 30 | cur 2 hist 1 boot 2 teach 4 base 1 heur 0 | avg reward -0.000 
PPO linea    [############----------------]  45.8% 22881/50000 |  111.4/s | elapsed 3m 25s | eta 4m 3s | process workers | seats 10 | tracked 15 | cur 1 hist 0 boot 3 teach 3 base 2 heur 1 | avg reward -0.000 
PPO linea    [############----------------]  45.8% 22903/50000 |  111.4/s | elapsed 3m 26s | eta 4m 3s | process workers | seats 10 | tracked 30 | cur 2 hist 3 boot 1 teach 2 base 1 heur 1 | avg reward -0.000 
PPO linea    [############----------------]  45.9% 22925/50000 |  111.4/s | elapsed 3m 26s | eta 4m 3s | process workers | seats 6 | tracked 15 | cur 1 hist 3 boot 0 teach 2 base 0 heur 0 | avg reward -0.000  
PPO linea    [############----------------]  45.9% 22947/50000 |  111.4/s | elapsed 3m 26s | eta 4m 3s | process workers | seats 10 | tracked 15 | cur 1 hist 2 boot 2 teach 3 base 2 heur 0 | avg reward -0.000 
PPO linea    [############----------------]  45.9% 22969/50000 |  111.4/s | elapsed 3m 26s | eta 4m 3s | process workers | seats 4 | tracked 15 | cur 1 hist 1 boot 1 teach 1 base 0 heur 0 | avg reward -0.000  
PPO linea    [############----------------]  46.0% 22991/50000 |  111.4/s | elapsed 3m 26s | eta 4m 2s | process workers | seats 4 | tracked 15 | cur 1 hist 0 boot 0 teach 1 base 1 heur 1 | avg reward -0.000  
PPO linea    [############----------------]  46.0% 23013/50000 |  111.4/s | elapsed 3m 27s | eta 4m 2s | process workers | seats 6 | tracked 15 | cur 1 hist 0 boot 1 teach 3 base 1 heur 0 | avg reward -0.000  
PPO linea    [############----------------]  46.1% 23035/50000 |  111.4/s | elapsed 3m 27s | eta 4m 2s | process workers | seats 6 | tracked 15 | cur 1 hist 2 boot 2 teach 1 base 0 heur 0 | avg reward -0.000  
PPO linea    [############----------------]  46.1% 23057/50000 |  111.4/s | elapsed 3m 27s | eta 4m 2s | process workers | seats 4 | tracked 15 | cur 1 hist 0 boot 2 teach 1 base 0 heur 0 | avg reward -0.000  
PPO linea    [############----------------]  46.2% 23079/50000 |  111.4/s | elapsed 3m 27s | eta 4m 2s | process workers | seats 8 | tracked 30 | cur 2 hist 1 boot 0 teach 4 base 1 heur 0 | avg reward -0.000  
PPO linea    [############----------------]  46.2% 23101/50000 |  111.4/s | elapsed 3m 27s | eta 4m 1s | process workers | seats 8 | tracked 15 | cur 1 hist 1 boot 2 teach 4 base 0 heur 0 | avg reward -0.000  
PPO linea    [############----------------]  46.2% 23123/50000 |  111.4/s | elapsed 3m 28s | eta 4m 1s | process workers | seats 6 | tracked 15 | cur 1 hist 1 boot 3 teach 0 base 1 heur 0 | avg reward -0.000  
PPO linea    [############----------------]  46.3% 23145/50000 |  111.4/s | elapsed 3m 28s | eta 4m 1s | process workers | seats 6 | tracked 15 | cur 1 hist 1 boot 1 teach 1 base 0 heur 2 | avg reward -0.000  
PPO linea    [############----------------]  46.3% 23167/50000 |  111.4/s | elapsed 3m 28s | eta 4m 1s | process workers | seats 4 | tracked 15 | cur 1 hist 0 boot 0 teach 3 base 0 heur 0 | avg reward -0.000  
PPO linea    [############----------------]  46.4% 23189/50000 |  111.4/s | elapsed 3m 28s | eta 4m 1s | process workers | seats 4 | tracked 15 | cur 1 hist 0 boot 0 teach 3 base 0 heur 0 | avg reward -0.000  
PPO linea    [############----------------]  46.4% 23211/50000 |  111.4/s | elapsed 3m 28s | eta 4m 0s | process workers | seats 8 | tracked 15 | cur 1 hist 3 boot 0 teach 4 base 0 heur 0 | avg reward -0.000  
PPO linea    [#############---------------]  46.5% 23233/50000 |  111.4/s | elapsed 3m 29s | eta 4m 0s | process workers | seats 10 | tracked 30 | cur 2 hist 2 boot 2 teach 4 base 0 heur 0 | avg reward -0.000 
PPO linea    [#############---------------]  46.5% 23255/50000 |  111.4/s | elapsed 3m 29s | eta 4m 0s | process workers | seats 6 | tracked 15 | cur 1 hist 1 boot 0 teach 2 base 1 heur 1 | avg reward -0.000  
PPO linea    [#############---------------]  46.6% 23277/50000 |  111.4/s | elapsed 3m 29s | eta 4m 0s | process workers | seats 10 | tracked 15 | cur 1 hist 0 boot 4 teach 4 base 1 heur 0 | avg reward -0.000 
PPO linea    [#############---------------]  46.6% 23299/50000 |  111.4/s | elapsed 3m 29s | eta 4m 0s | process workers | seats 8 | tracked 30 | cur 2 hist 2 boot 2 teach 1 base 1 heur 0 | avg reward -0.000  
PPO linea    [#############---------------]  46.6% 23321/50000 |  111.4/s | elapsed 3m 29s | eta 3m 59s | process workers | seats 10 | tracked 15 | cur 1 hist 2 boot 2 teach 4 base 1 heur 0 | avg reward -0.000
PPO linea    [#############---------------]  46.7% 23343/50000 |  111.4/s | elapsed 3m 30s | eta 3m 59s | process workers | seats 8 | tracked 30 | cur 2 hist 1 boot 2 teach 2 base 1 heur 0 | avg reward -0.000 
PPO linea    [#############---------------]  46.7% 23365/50000 |  111.4/s | elapsed 3m 30s | eta 3m 59s | process workers | seats 10 | tracked 15 | cur 1 hist 1 boot 2 teach 2 base 4 heur 0 | avg reward -0.000
PPO linea    [#############---------------]  46.8% 23387/50000 |  111.4/s | elapsed 3m 30s | eta 3m 59s | process workers | seats 10 | tracked 15 | cur 1 hist 2 boot 0 teach 4 base 3 heur 0 | avg reward -0.000
PPO linea    [#############---------------]  46.8% 23409/50000 |  111.4/s | elapsed 3m 30s | eta 3m 59s | process workers | seats 10 | tracked 30 | cur 2 hist 2 boot 1 teach 3 base 2 heur 0 | avg reward -0.000
PPO linea    [#############---------------]  46.9% 23431/50000 |  111.4/s | elapsed 3m 30s | eta 3m 59s | process workers | seats 6 | tracked 15 | cur 1 hist 0 boot 0 teach 3 base 1 heur 1 | avg reward -0.000 
PPO linea    [#############---------------]  46.9% 23453/50000 |  111.4/s | elapsed 3m 31s | eta 3m 58s | process workers | seats 8 | tracked 15 | cur 1 hist 1 boot 1 teach 4 base 1 heur 0 | avg reward -0.000 
PPO linea    [#############---------------]  46.9% 23475/50000 |  111.4/s | elapsed 3m 31s | eta 3m 58s | process workers | seats 6 | tracked 15 | cur 1 hist 2 boot 2 teach 1 base 0 heur 0 | avg reward -0.000 
PPO linea    [#############---------------]  47.0% 23497/50000 |  111.4/s | elapsed 3m 31s | eta 3m 58s | process workers | seats 6 | tracked 15 | cur 1 hist 2 boot 2 teach 1 base 0 heur 0 | avg reward -0.000 
PPO linea    [#############---------------]  47.0% 23519/50000 |  111.4/s | elapsed 3m 31s | eta 3m 58s | process workers | seats 8 | tracked 15 | cur 1 hist 1 boot 0 teach 4 base 1 heur 1 | avg reward -0.000 
PPO linea    [#############---------------]  47.1% 23541/50000 |  111.4/s | elapsed 3m 31s | eta 3m 58s | process workers | seats 8 | tracked 30 | cur 2 hist 1 boot 0 teach 3 base 1 heur 1 | avg reward -0.000 
PPO linea    [#############---------------]  47.1% 23563/50000 |  111.4/s | elapsed 3m 32s | eta 3m 57s | process workers | seats 2 | tracked 15 | cur 1 hist 0 boot 0 teach 1 base 0 heur 0 | avg reward -0.000 
PPO linea    [#############---------------]  47.2% 23585/50000 |  111.4/s | elapsed 3m 32s | eta 3m 57s | process workers | seats 2 | tracked 15 | cur 1 hist 0 boot 0 teach 1 base 0 heur 0 | avg reward -0.000 
PPO linea    [#############---------------]  47.2% 23607/50000 |  111.4/s | elapsed 3m 32s | eta 3m 57s | process workers | seats 8 | tracked 15 | cur 1 hist 3 boot 0 teach 4 base 0 heur 0 | avg reward -0.000 
PPO linea    [#############---------------]  47.3% 23629/50000 |  111.4/s | elapsed 3m 32s | eta 3m 57s | process workers | seats 6 | tracked 15 | cur 1 hist 1 boot 0 teach 3 base 1 heur 0 | avg reward -0.000 
PPO linea    [#############---------------]  47.3% 23651/50000 |  111.4/s | elapsed 3m 32s | eta 3m 57s | process workers | seats 6 | tracked 15 | cur 1 hist 0 boot 0 teach 3 base 2 heur 0 | avg reward -0.000 
PPO linea    [#############---------------]  47.3% 23673/50000 |  111.4/s | elapsed 3m 32s | eta 3m 56s | process workers | seats 4 | tracked 15 | cur 1 hist 1 boot 1 teach 0 base 0 heur 1 | avg reward -0.000 
PPO linea    [#############---------------]  47.4% 23695/50000 |  111.4/s | elapsed 3m 33s | eta 3m 56s | process workers | seats 6 | tracked 15 | cur 1 hist 0 boot 1 teach 2 base 2 heur 0 | avg reward -0.000 
PPO linea    [#############---------------]  47.4% 23717/50000 |  111.4/s | elapsed 3m 33s | eta 3m 56s | process workers | seats 2 | tracked 15 | cur 1 hist 0 boot 0 teach 1 base 0 heur 0 | avg reward -0.000 
PPO linea    [#############---------------]  47.5% 23739/50000 |  111.4/s | elapsed 3m 33s | eta 3m 56s | process workers | seats 8 | tracked 30 | cur 2 hist 1 boot 2 teach 3 base 0 heur 0 | avg reward -0.000 
PPO linea    [#############---------------]  47.5% 23761/50000 |  111.4/s | elapsed 3m 33s | eta 3m 55s | process workers | seats 8 | tracked 15 | cur 1 hist 4 boot 0 teach 3 base 0 heur 0 | avg reward -0.000 
PPO linea    [#############---------------]  47.6% 23783/50000 |  111.4/s | elapsed 3m 33s | eta 3m 55s | process workers | seats 10 | tracked 15 | cur 1 hist 1 boot 2 teach 4 base 1 heur 1 | avg reward -0.000
PPO linea    [#############---------------]  47.6% 23805/50000 |  111.4/s | elapsed 3m 34s | eta 3m 55s | process workers | seats 10 | tracked 15 | cur 1 hist 3 boot 4 teach 2 base 0 heur 0 | avg reward -0.000
PPO linea    [#############---------------]  47.7% 23827/50000 |  111.5/s | elapsed 3m 34s | eta 3m 55s | process workers | seats 10 | tracked 15 | cur 1 hist 3 boot 2 teach 3 base 1 heur 0 | avg reward -0.000
PPO linea    [#############---------------]  47.7% 23849/50000 |  111.4/s | elapsed 3m 34s | eta 3m 55s | process workers | seats 4 | tracked 15 | cur 1 hist 0 boot 1 teach 2 base 0 heur 0 | avg reward -0.000 
PPO linea    [#############---------------]  47.7% 23871/50000 |  111.5/s | elapsed 3m 34s | eta 3m 54s | process workers | seats 10 | tracked 30 | cur 2 hist 5 boot 0 teach 2 base 0 heur 1 | avg reward -0.000
PPO linea    [#############---------------]  47.8% 23893/50000 |  111.5/s | elapsed 3m 34s | eta 3m 54s | process workers | seats 4 | tracked 15 | cur 1 hist 0 boot 2 teach 0 base 1 heur 0 | avg reward -0.000 
PPO linea    [#############---------------]  47.8% 23915/50000 |  111.4/s | elapsed 3m 35s | eta 3m 54s | process workers | seats 6 | tracked 15 | cur 1 hist 1 boot 1 teach 1 base 1 heur 1 | avg reward -0.000 
PPO linea    [#############---------------]  47.9% 23937/50000 |  111.5/s | elapsed 3m 35s | eta 3m 54s | process workers | seats 6 | tracked 15 | cur 1 hist 1 boot 2 teach 2 base 0 heur 0 | avg reward -0.000 
PPO linea    [#############---------------]  47.9% 23959/50000 |  111.5/s | elapsed 3m 35s | eta 3m 54s | process workers | seats 10 | tracked 30 | cur 2 hist 2 boot 0 teach 4 base 1 heur 1 | avg reward -0.000
PPO linea    [#############---------------]  48.0% 23981/50000 |  111.5/s | elapsed 3m 35s | eta 3m 53s | process workers | seats 8 | tracked 30 | cur 2 hist 1 boot 0 teach 3 base 1 heur 1 | avg reward -0.000 
PPO linea    [#############---------------]  48.0% 24003/50000 |  111.5/s | elapsed 3m 35s | eta 3m 53s | process workers | seats 8 | tracked 15 | cur 1 hist 1 boot 1 teach 5 base 0 heur 0 | avg reward -0.000 
PPO linea    [#############---------------]  48.0% 24025/50000 |  111.4/s | elapsed 3m 36s | eta 3m 53s | process workers | seats 10 | tracked 30 | cur 2 hist 4 boot 1 teach 2 base 0 heur 1 | avg reward -0.000
PPO linea    [#############---------------]  48.1% 24047/50000 |  111.5/s | elapsed 3m 36s | eta 3m 53s | process workers | seats 8 | tracked 15 | cur 1 hist 3 boot 2 teach 0 base 1 heur 1 | avg reward -0.000 
PPO linea    [#############---------------]  48.1% 24069/50000 |  111.4/s | elapsed 3m 36s | eta 3m 53s | process workers | seats 6 | tracked 15 | cur 1 hist 0 boot 1 teach 3 base 0 heur 1 | avg reward -0.000 
PPO linea    [#############---------------]  48.2% 24091/50000 |  111.5/s | elapsed 3m 36s | eta 3m 52s | process workers | seats 10 | tracked 30 | cur 2 hist 2 boot 0 teach 4 base 2 heur 0 | avg reward -0.000
PPO linea    [#############---------------]  48.2% 24113/50000 |  111.5/s | elapsed 3m 36s | eta 3m 52s | process workers | seats 4 | tracked 15 | cur 1 hist 1 boot 1 teach 0 base 1 heur 0 | avg reward -0.000 
PPO linea    [#############---------------]  48.3% 24135/50000 |  111.5/s | elapsed 3m 37s | eta 3m 52s | process workers | seats 10 | tracked 30 | cur 2 hist 2 boot 2 teach 3 base 0 heur 1 | avg reward -0.000
PPO linea    [#############---------------]  48.3% 24157/50000 |  111.5/s | elapsed 3m 37s | eta 3m 52s | process workers | seats 8 | tracked 15 | cur 1 hist 3 boot 2 teach 0 base 2 heur 0 | avg reward -0.000 
PPO linea    [#############---------------]  48.4% 24179/50000 |  111.4/s | elapsed 3m 37s | eta 3m 52s | process workers | seats 4 | tracked 15 | cur 1 hist 2 boot 0 teach 1 base 0 heur 0 | avg reward -0.000 
PPO linea    [#############---------------]  48.4% 24201/50000 |  111.4/s | elapsed 3m 37s | eta 3m 52s | process workers | seats 10 | tracked 30 | cur 2 hist 2 boot 1 teach 3 base 2 heur 0 | avg reward -0.000
PPO linea    [#############---------------]  48.4% 24223/50000 |  111.5/s | elapsed 3m 37s | eta 3m 51s | process workers | seats 2 | tracked 15 | cur 1 hist 1 boot 0 teach 0 base 0 heur 0 | avg reward -0.000 
PPO linea    [#############---------------]  48.5% 24245/50000 |  111.4/s | elapsed 3m 38s | eta 3m 51s | process workers | seats 10 | tracked 15 | cur 1 hist 2 boot 4 teach 2 base 1 heur 0 | avg reward -0.000
PPO linea    [#############---------------]  48.5% 24267/50000 |  111.4/s | elapsed 3m 38s | eta 3m 51s | process workers | seats 8 | tracked 15 | cur 1 hist 1 boot 1 teach 5 base 0 heur 0 | avg reward -0.000 
PPO linea    [#############---------------]  48.6% 24289/50000 |  111.4/s | elapsed 3m 38s | eta 3m 51s | process workers | seats 10 | tracked 15 | cur 1 hist 0 boot 3 teach 3 base 2 heur 1 | avg reward -0.000
PPO linea    [#############---------------]  48.6% 24311/50000 |  111.4/s | elapsed 3m 38s | eta 3m 51s | process workers | seats 6 | tracked 15 | cur 1 hist 0 boot 3 teach 2 base 0 heur 0 | avg reward -0.000 
PPO linea    [#############---------------]  48.7% 24333/50000 |  111.4/s | elapsed 3m 38s | eta 3m 50s | process workers | seats 10 | tracked 15 | cur 1 hist 1 boot 2 teach 3 base 2 heur 1 | avg reward -0.000
PPO linea    [#############---------------]  48.7% 24355/50000 |  111.4/s | elapsed 3m 39s | eta 3m 50s | process workers | seats 6 | tracked 15 | cur 1 hist 2 boot 0 teach 3 base 0 heur 0 | avg reward -0.000 
PPO linea    [#############---------------]  48.8% 24377/50000 |  111.4/s | elapsed 3m 39s | eta 3m 50s | process workers | seats 10 | tracked 15 | cur 1 hist 1 boot 2 teach 4 base 1 heur 1 | avg reward -0.000
PPO linea    [#############---------------]  48.8% 24399/50000 |  111.4/s | elapsed 3m 39s | eta 3m 50s | process workers | seats 6 | tracked 15 | cur 1 hist 2 boot 1 teach 2 base 0 heur 0 | avg reward -0.000 
PPO linea    [#############---------------]  48.8% 24421/50000 |  111.4/s | elapsed 3m 39s | eta 3m 50s | process workers | seats 8 | tracked 15 | cur 1 hist 1 boot 0 teach 5 base 1 heur 0 | avg reward -0.000 
PPO linea    [#############---------------]  48.9% 24443/50000 |  111.4/s | elapsed 3m 39s | eta 3m 49s | process workers | seats 6 | tracked 15 | cur 1 hist 1 boot 0 teach 3 base 1 heur 0 | avg reward -0.000 
PPO linea    [#############---------------]  48.9% 24465/50000 |  111.4/s | elapsed 3m 40s | eta 3m 49s | process workers | seats 4 | tracked 15 | cur 1 hist 0 boot 2 teach 0 base 1 heur 0 | avg reward -0.000 
PPO linea    [#############---------------]  49.0% 24487/50000 |  111.4/s | elapsed 3m 40s | eta 3m 49s | process workers | seats 6 | tracked 15 | cur 1 hist 1 boot 0 teach 2 base 1 heur 1 | avg reward -0.000 
PPO linea    [#############---------------]  49.0% 24509/50000 |  111.4/s | elapsed 3m 40s | eta 3m 49s | process workers | seats 4 | tracked 15 | cur 1 hist 0 boot 0 teach 3 base 0 heur 0 | avg reward -0.000 
PPO linea    [#############---------------]  49.1% 24531/50000 |  111.4/s | elapsed 3m 40s | eta 3m 49s | process workers | seats 8 | tracked 15 | cur 1 hist 4 boot 0 teach 2 base 1 heur 0 | avg reward -0.000 
PPO linea    [#############---------------]  49.1% 24553/50000 |  111.4/s | elapsed 3m 40s | eta 3m 48s | process workers | seats 8 | tracked 15 | cur 1 hist 0 boot 4 teach 3 base 0 heur 0 | avg reward -0.000 
PPO linea    [#############---------------]  49.1% 24575/50000 |  111.4/s | elapsed 3m 41s | eta 3m 48s | process workers | seats 2 | tracked 15 | cur 1 hist 1 boot 0 teach 0 base 0 heur 0 | avg reward -0.000 
PPO linea    [#############---------------]  49.2% 24597/50000 |  111.4/s | elapsed 3m 41s | eta 3m 48s | process workers | seats 10 | tracked 15 | cur 1 hist 3 boot 0 teach 3 base 3 heur 0 | avg reward -0.000
PPO linea    [#############---------------]  49.2% 24619/50000 |  111.4/s | elapsed 3m 41s | eta 3m 48s | process workers | seats 6 | tracked 15 | cur 1 hist 1 boot 0 teach 2 base 1 heur 1 | avg reward -0.000 
PPO linea    [#############---------------]  49.3% 24641/50000 |  111.4/s | elapsed 3m 41s | eta 3m 48s | process workers | seats 4 | tracked 15 | cur 1 hist 0 boot 3 teach 0 base 0 heur 0 | avg reward -0.000 
PPO linea    [#############---------------]  49.3% 24663/50000 |  111.4/s | elapsed 3m 41s | eta 3m 47s | process workers | seats 2 | tracked 15 | cur 1 hist 0 boot 1 teach 0 base 0 heur 0 | avg reward -0.000 
PPO linea    [#############---------------]  49.4% 24685/50000 |  111.4/s | elapsed 3m 42s | eta 3m 47s | process workers | seats 6 | tracked 15 | cur 1 hist 2 boot 1 teach 1 base 1 heur 0 | avg reward -0.000 
PPO linea    [#############---------------]  49.4% 24707/50000 |  111.4/s | elapsed 3m 42s | eta 3m 47s | process workers | seats 10 | tracked 15 | cur 1 hist 4 boot 0 teach 4 base 0 heur 1 | avg reward -0.000
PPO linea    [#############---------------]  49.5% 24729/50000 |  111.4/s | elapsed 3m 42s | eta 3m 47s | process workers | seats 6 | tracked 15 | cur 1 hist 1 boot 1 teach 2 base 0 heur 1 | avg reward -0.000 
PPO linea    [#############---------------]  49.5% 24751/50000 |  111.4/s | elapsed 3m 42s | eta 3m 47s | process workers | seats 2 | tracked 15 | cur 1 hist 0 boot 1 teach 0 base 0 heur 0 | avg reward -0.000 
PPO linea    [#############---------------]  49.5% 24773/50000 |  111.4/s | elapsed 3m 42s | eta 3m 47s | process workers | seats 10 | tracked 15 | cur 1 hist 2 boot 1 teach 5 base 1 heur 0 | avg reward -0.000
PPO linea    [#############---------------]  49.6% 24795/50000 |  111.4/s | elapsed 3m 43s | eta 3m 46s | process workers | seats 6 | tracked 15 | cur 1 hist 1 boot 1 teach 2 base 1 heur 0 | avg reward -0.000 
PPO linea    [#############---------------]  49.6% 24817/50000 |  111.3/s | elapsed 3m 43s | eta 3m 46s | process workers | seats 10 | tracked 30 | cur 2 hist 2 boot 2 teach 2 base 1 heur 1 | avg reward -0.000
PPO linea    [#############---------------]  49.7% 24839/50000 |  111.3/s | elapsed 3m 43s | eta 3m 46s | process workers | seats 8 | tracked 15 | cur 1 hist 1 boot 1 teach 1 base 2 heur 2 | avg reward -0.000 
PPO linea    [#############---------------]  49.7% 24861/50000 |  111.3/s | elapsed 3m 43s | eta 3m 46s | process workers | seats 4 | tracked 15 | cur 1 hist 0 boot 0 teach 2 base 0 heur 1 | avg reward -0.000 
PPO linea    [#############---------------]  49.8% 24883/50000 |  111.3/s | elapsed 3m 44s | eta 3m 46s | process workers | seats 6 | tracked 15 | cur 1 hist 1 boot 1 teach 3 base 0 heur 0 | avg reward -0.000 
PPO linea    [#############---------------]  49.8% 24905/50000 |  111.3/s | elapsed 3m 44s | eta 3m 46s | process workers | seats 2 | tracked 15 | cur 1 hist 0 boot 1 teach 0 base 0 heur 0 | avg reward -0.000 
PPO linea    [#############---------------]  49.9% 24927/50000 |  111.3/s | elapsed 3m 44s | eta 3m 45s | process workers | seats 10 | tracked 15 | cur 1 hist 6 boot 0 teach 2 base 1 heur 0 | avg reward -0.000
PPO linea    [#############---------------]  49.9% 24949/50000 |  111.2/s | elapsed 3m 44s | eta 3m 45s | process workers | seats 10 | tracked 30 | cur 2 hist 3 boot 1 teach 2 base 1 heur 1 | avg reward -0.000
PPO linea    [#############---------------]  49.9% 24971/50000 |  111.2/s | elapsed 3m 44s | eta 3m 45s | process workers | seats 10 | tracked 30 | cur 2 hist 2 boot 2 teach 2 base 1 heur 1 | avg reward -0.000
PPO linea    [#############---------------]  50.0% 24993/50000 |  111.2/s | elapsed 3m 45s | eta 3m 45s | process workers | seats 6 | tracked 15 | cur 1 hist 1 boot 1 teach 1 base 2 heur 0 | avg reward -0.000 
PPO linea    [##############--------------]  50.0% 25015/50000 |  111.2/s | elapsed 3m 45s | eta 3m 45s | process workers | seats 2 | tracked 15 | cur 1 hist 0 boot 0 teach 1 base 0 heur 0 | avg reward -0.000 
PPO linea    [##############--------------]  50.1% 25037/50000 |  111.2/s | elapsed 3m 45s | eta 3m 44s | process workers | seats 10 | tracked 15 | cur 1 hist 1 boot 1 teach 6 base 0 heur 1 | avg reward -0.000
PPO linea    [##############--------------]  50.1% 25059/50000 |  111.2/s | elapsed 3m 45s | eta 3m 44s | process workers | seats 6 | tracked 15 | cur 1 hist 1 boot 0 teach 4 base 0 heur 0 | avg reward -0.000 
PPO linea    [##############--------------]  50.2% 25081/50000 |  111.2/s | elapsed 3m 46s | eta 3m 44s | process workers | seats 8 | tracked 15 | cur 1 hist 3 boot 3 teach 1 base 0 heur 0 | avg reward -0.000 
PPO linea    [##############--------------]  50.2% 25103/50000 |  111.2/s | elapsed 3m 46s | eta 3m 44s | process workers | seats 2 | tracked 15 | cur 1 hist 1 boot 0 teach 0 base 0 heur 0 | avg reward -0.000 
PPO linea    [##############--------------]  50.2% 25125/50000 |  111.2/s | elapsed 3m 46s | eta 3m 44s | process workers | seats 10 | tracked 15 | cur 1 hist 4 boot 1 teach 3 base 1 heur 0 | avg reward -0.000
PPO linea    [##############--------------]  50.3% 25147/50000 |  111.1/s | elapsed 3m 46s | eta 3m 44s | process workers | seats 10 | tracked 15 | cur 1 hist 2 boot 1 teach 4 base 1 heur 1 | avg reward -0.000
PPO linea    [##############--------------]  50.3% 25169/50000 |  111.1/s | elapsed 3m 47s | eta 3m 44s | process workers | seats 10 | tracked 30 | cur 2 hist 1 boot 2 teach 4 base 0 heur 1 | avg reward -0.000
PPO linea    [##############--------------]  50.4% 25191/50000 |  111.0/s | elapsed 3m 47s | eta 3m 43s | process workers | seats 8 | tracked 15 | cur 1 hist 2 boot 2 teach 0 base 1 heur 2 | avg reward -0.000 
PPO linea    [##############--------------]  50.4% 25213/50000 |  111.0/s | elapsed 3m 47s | eta 3m 43s | process workers | seats 4 | tracked 15 | cur 1 hist 1 boot 1 teach 1 base 0 heur 0 | avg reward -0.000 
PPO linea    [##############--------------]  50.5% 25235/50000 |  111.0/s | elapsed 3m 47s | eta 3m 43s | process workers | seats 4 | tracked 15 | cur 1 hist 0 boot 0 teach 2 base 1 heur 0 | avg reward -0.000 
PPO linea    [##############--------------]  50.5% 25257/50000 |  111.0/s | elapsed 3m 48s | eta 3m 43s | process workers | seats 6 | tracked 15 | cur 1 hist 2 boot 0 teach 2 base 0 heur 1 | avg reward -0.000 
PPO linea    [##############--------------]  50.6% 25279/50000 |  111.0/s | elapsed 3m 48s | eta 3m 43s | process workers | seats 4 | tracked 15 | cur 1 hist 2 boot 0 teach 0 base 1 heur 0 | avg reward -0.000 
PPO linea    [##############--------------]  50.6% 25301/50000 |  110.9/s | elapsed 3m 48s | eta 3m 43s | process workers | seats 10 | tracked 15 | cur 1 hist 0 boot 2 teach 5 base 2 heur 0 | avg reward -0.000
PPO linea    [##############--------------]  50.6% 25323/50000 |  110.9/s | elapsed 3m 48s | eta 3m 42s | process workers | seats 6 | tracked 15 | cur 1 hist 1 boot 2 teach 2 base 0 heur 0 | avg reward -0.000 
PPO linea    [##############--------------]  50.7% 25345/50000 |  110.9/s | elapsed 3m 49s | eta 3m 42s | process workers | seats 4 | tracked 15 | cur 1 hist 1 boot 2 teach 0 base 0 heur 0 | avg reward -0.000 
PPO linea    [##############--------------]  50.7% 25367/50000 |  110.9/s | elapsed 3m 49s | eta 3m 42s | process workers | seats 4 | tracked 15 | cur 1 hist 0 boot 2 teach 1 base 0 heur 0 | avg reward -0.000 
PPO linea    [##############--------------]  50.8% 25389/50000 |  110.9/s | elapsed 3m 49s | eta 3m 42s | process workers | seats 10 | tracked 15 | cur 1 hist 1 boot 1 teach 5 base 0 heur 2 | avg reward -0.000
PPO linea    [##############--------------]  50.8% 25411/50000 |  110.9/s | elapsed 3m 49s | eta 3m 42s | process workers | seats 6 | tracked 15 | cur 1 hist 1 boot 0 teach 3 base 0 heur 1 | avg reward -0.000 
PPO linea    [##############--------------]  50.9% 25433/50000 |  110.9/s | elapsed 3m 49s | eta 3m 42s | process workers | seats 6 | tracked 15 | cur 1 hist 0 boot 0 teach 5 base 0 heur 0 | avg reward -0.000 
PPO linea    [##############--------------]  50.9% 25455/50000 |  110.9/s | elapsed 3m 50s | eta 3m 41s | process workers | seats 10 | tracked 30 | cur 2 hist 2 boot 2 teach 3 base 1 heur 0 | avg reward -0.000
PPO linea    [##############--------------]  51.0% 25477/50000 |  110.9/s | elapsed 3m 50s | eta 3m 41s | process workers | seats 4 | tracked 15 | cur 1 hist 0 boot 0 teach 3 base 0 heur 0 | avg reward -0.000 
PPO linea    [##############--------------]  51.0% 25499/50000 |  110.9/s | elapsed 3m 50s | eta 3m 41s | process workers | seats 4 | tracked 15 | cur 1 hist 0 boot 0 teach 2 base 1 heur 0 | avg reward -0.000 
PPO linea    [##############--------------]  51.0% 25521/50000 |  110.9/s | elapsed 3m 50s | eta 3m 41s | process workers | seats 6 | tracked 15 | cur 1 hist 1 boot 1 teach 1 base 1 heur 1 | avg reward -0.000 
PPO linea    [##############--------------]  51.1% 25543/50000 |  110.9/s | elapsed 3m 50s | eta 3m 41s | process workers | seats 6 | tracked 15 | cur 1 hist 1 boot 1 teach 3 base 0 heur 0 | avg reward -0.000 
PPO linea    [##############--------------]  51.1% 25565/50000 |  110.9/s | elapsed 3m 51s | eta 3m 40s | process workers | seats 2 | tracked 15 | cur 1 hist 0 boot 0 teach 1 base 0 heur 0 | avg reward -0.000 
PPO linea    [##############--------------]  51.2% 25587/50000 |  110.9/s | elapsed 3m 51s | eta 3m 40s | process workers | seats 10 | tracked 30 | cur 2 hist 2 boot 0 teach 6 base 0 heur 0 | avg reward -0.000
PPO linea    [##############--------------]  51.2% 25609/50000 |  110.9/s | elapsed 3m 51s | eta 3m 40s | process workers | seats 6 | tracked 15 | cur 1 hist 2 boot 1 teach 0 base 2 heur 0 | avg reward -0.000 
PPO linea    [##############--------------]  51.3% 25631/50000 |  110.9/s | elapsed 3m 51s | eta 3m 40s | process workers | seats 6 | tracked 15 | cur 1 hist 2 boot 1 teach 0 base 1 heur 1 | avg reward -0.000 
PPO linea    [##############--------------]  51.3% 25653/50000 |  110.9/s | elapsed 3m 51s | eta 3m 40s | process workers | seats 10 | tracked 30 | cur 2 hist 2 boot 1 teach 3 base 1 heur 1 | avg reward -0.000
PPO linea    [##############--------------]  51.3% 25675/50000 |  110.9/s | elapsed 3m 52s | eta 3m 39s | process workers | seats 8 | tracked 30 | cur 2 hist 1 boot 1 teach 4 base 0 heur 0 | avg reward -0.000 
PPO linea    [##############--------------]  51.4% 25697/50000 |  110.9/s | elapsed 3m 52s | eta 3m 39s | process workers | seats 4 | tracked 15 | cur 1 hist 1 boot 0 teach 1 base 1 heur 0 | avg reward -0.000 
PPO linea    [##############--------------]  51.4% 25719/50000 |  110.9/s | elapsed 3m 52s | eta 3m 39s | process workers | seats 10 | tracked 15 | cur 1 hist 3 boot 2 teach 2 base 2 heur 0 | avg reward -0.000
PPO linea    [##############--------------]  51.5% 25741/50000 |  110.9/s | elapsed 3m 52s | eta 3m 39s | process workers | seats 8 | tracked 30 | cur 2 hist 1 boot 0 teach 3 base 1 heur 1 | avg reward -0.000 
PPO linea    [##############--------------]  51.5% 25763/50000 |  110.9/s | elapsed 3m 52s | eta 3m 39s | process workers | seats 10 | tracked 15 | cur 1 hist 0 boot 1 teach 3 base 2 heur 3 | avg reward -0.000
PPO linea    [##############--------------]  51.6% 25785/50000 |  110.9/s | elapsed 3m 53s | eta 3m 38s | process workers | seats 10 | tracked 15 | cur 1 hist 2 boot 3 teach 4 base 0 heur 0 | avg reward -0.000
PPO linea    [##############--------------]  51.6% 25807/50000 |  110.9/s | elapsed 3m 53s | eta 3m 38s | process workers | seats 6 | tracked 15 | cur 1 hist 1 boot 1 teach 1 base 2 heur 0 | avg reward -0.000 
PPO linea    [##############--------------]  51.7% 25829/50000 |  110.9/s | elapsed 3m 53s | eta 3m 38s | process workers | seats 10 | tracked 15 | cur 1 hist 1 boot 3 teach 4 base 1 heur 0 | avg reward -0.000
PPO linea    [##############--------------]  51.7% 25851/50000 |  110.8/s | elapsed 3m 53s | eta 3m 38s | process workers | seats 10 | tracked 15 | cur 1 hist 4 boot 1 teach 1 base 2 heur 1 | avg reward -0.000
PPO linea    [##############--------------]  51.7% 25873/50000 |  110.8/s | elapsed 3m 53s | eta 3m 38s | process workers | seats 10 | tracked 15 | cur 1 hist 3 boot 4 teach 1 base 1 heur 0 | avg reward -0.000
PPO linea    [##############--------------]  51.8% 25895/50000 |  110.8/s | elapsed 3m 54s | eta 3m 38s | process workers | seats 8 | tracked 30 | cur 2 hist 2 boot 1 teach 0 base 2 heur 1 | avg reward -0.000 
PPO linea    [##############--------------]  51.8% 25917/50000 |  110.8/s | elapsed 3m 54s | eta 3m 37s | process workers | seats 2 | tracked 15 | cur 1 hist 0 boot 0 teach 1 base 0 heur 0 | avg reward -0.000 
PPO linea    [##############--------------]  51.9% 25939/50000 |  110.8/s | elapsed 3m 54s | eta 3m 37s | process workers | seats 6 | tracked 15 | cur 1 hist 0 boot 1 teach 3 base 0 heur 1 | avg reward -0.000 
PPO linea    [##############--------------]  51.9% 25961/50000 |  110.8/s | elapsed 3m 54s | eta 3m 37s | process workers | seats 10 | tracked 15 | cur 1 hist 2 boot 2 teach 3 base 1 heur 1 | avg reward -0.000
PPO linea    [##############--------------]  52.0% 25983/50000 |  110.8/s | elapsed 3m 54s | eta 3m 37s | process workers | seats 8 | tracked 15 | cur 1 hist 2 boot 2 teach 2 base 1 heur 0 | avg reward -0.000 
PPO linea    [##############--------------]  52.0% 26005/50000 |  110.8/s | elapsed 3m 55s | eta 3m 37s | process workers | seats 8 | tracked 15 | cur 1 hist 3 boot 0 teach 4 base 0 heur 0 | avg reward -0.000 
PPO linea    [##############--------------]  52.1% 26027/50000 |  110.8/s | elapsed 3m 55s | eta 3m 36s | process workers | seats 8 | tracked 15 | cur 1 hist 1 boot 1 teach 1 base 2 heur 2 | avg reward -0.000 
PPO linea    [##############--------------]  52.1% 26049/50000 |  110.8/s | elapsed 3m 55s | eta 3m 36s | process workers | seats 6 | tracked 15 | cur 1 hist 0 boot 1 teach 1 base 2 heur 1 | avg reward -0.000 
PPO linea    [##############--------------]  52.1% 26071/50000 |  110.8/s | elapsed 3m 55s | eta 3m 36s | process workers | seats 10 | tracked 15 | cur 1 hist 2 boot 2 teach 1 base 1 heur 3 | avg reward -0.000
PPO linea    [##############--------------]  52.2% 26093/50000 |  110.8/s | elapsed 3m 55s | eta 3m 36s | process workers | seats 10 | tracked 15 | cur 1 hist 3 boot 1 teach 4 base 1 heur 0 | avg reward -0.000
PPO linea    [##############--------------]  52.2% 26115/50000 |  110.8/s | elapsed 3m 56s | eta 3m 36s | process workers | seats 10 | tracked 15 | cur 1 hist 1 boot 1 teach 5 base 0 heur 2 | avg reward -0.000
PPO linea    [##############--------------]  52.3% 26137/50000 |  110.8/s | elapsed 3m 56s | eta 3m 35s | process workers | seats 8 | tracked 15 | cur 1 hist 3 boot 0 teach 1 base 1 heur 2 | avg reward -0.000 
PPO linea    [##############--------------]  52.3% 26159/50000 |  110.8/s | elapsed 3m 56s | eta 3m 35s | process workers | seats 2 | tracked 15 | cur 1 hist 1 boot 0 teach 0 base 0 heur 0 | avg reward -0.000 
PPO linea    [##############--------------]  52.4% 26181/50000 |  110.8/s | elapsed 3m 56s | eta 3m 35s | process workers | seats 10 | tracked 15 | cur 1 hist 2 boot 0 teach 5 base 2 heur 0 | avg reward -0.000
PPO linea    [##############--------------]  52.4% 26203/50000 |  110.8/s | elapsed 3m 57s | eta 3m 35s | process workers | seats 4 | tracked 15 | cur 1 hist 1 boot 0 teach 2 base 0 heur 0 | avg reward -0.000 
PPO linea    [##############--------------]  52.4% 26225/50000 |  110.8/s | elapsed 3m 57s | eta 3m 35s | process workers | seats 4 | tracked 15 | cur 1 hist 1 boot 0 teach 2 base 0 heur 0 | avg reward -0.000 
PPO linea    [##############--------------]  52.5% 26247/50000 |  110.8/s | elapsed 3m 57s | eta 3m 34s | process workers | seats 8 | tracked 15 | cur 1 hist 4 boot 0 teach 2 base 0 heur 1 | avg reward -0.000 
PPO linea    [##############--------------]  52.5% 26269/50000 |  110.8/s | elapsed 3m 57s | eta 3m 34s | process workers | seats 6 | tracked 15 | cur 1 hist 2 boot 2 teach 1 base 0 heur 0 | avg reward -0.000 
PPO linea    [##############--------------]  52.6% 26291/50000 |  110.8/s | elapsed 3m 57s | eta 3m 34s | process workers | seats 4 | tracked 15 | cur 1 hist 1 boot 1 teach 1 base 0 heur 0 | avg reward -0.000 
PPO linea    [##############--------------]  52.6% 26313/50000 |  110.8/s | elapsed 3m 58s | eta 3m 34s | process workers | seats 8 | tracked 30 | cur 2 hist 1 boot 1 teach 2 base 2 heur 0 | avg reward -0.000 
PPO linea    [##############--------------]  52.7% 26335/50000 |  110.8/s | elapsed 3m 58s | eta 3m 34s | process workers | seats 8 | tracked 15 | cur 1 hist 2 boot 0 teach 2 base 3 heur 0 | avg reward -0.000 
PPO linea    [##############--------------]  52.7% 26357/50000 |  110.8/s | elapsed 3m 58s | eta 3m 33s | process workers | seats 10 | tracked 30 | cur 2 hist 2 boot 1 teach 2 base 2 heur 1 | avg reward -0.000
PPO linea    [##############--------------]  52.8% 26379/50000 |  110.8/s | elapsed 3m 58s | eta 3m 33s | process workers | seats 10 | tracked 30 | cur 2 hist 2 boot 0 teach 3 base 1 heur 2 | avg reward -0.000
PPO linea    [##############--------------]  52.8% 26401/50000 |  110.8/s | elapsed 3m 58s | eta 3m 33s | process workers | seats 10 | tracked 15 | cur 1 hist 4 boot 1 teach 3 base 1 heur 0 | avg reward -0.000
PPO linea    [##############--------------]  52.8% 26423/50000 |  110.8/s | elapsed 3m 59s | eta 3m 33s | process workers | seats 4 | tracked 15 | cur 1 hist 1 boot 2 teach 0 base 0 heur 0 | avg reward -0.000 
PPO linea    [##############--------------]  52.9% 26445/50000 |  110.8/s | elapsed 3m 59s | eta 3m 33s | process workers | seats 10 | tracked 30 | cur 2 hist 0 boot 2 teach 4 base 2 heur 0 | avg reward -0.000
PPO linea    [##############--------------]  52.9% 26467/50000 |  110.8/s | elapsed 3m 59s | eta 3m 32s | process workers | seats 6 | tracked 15 | cur 1 hist 2 boot 2 teach 1 base 0 heur 0 | avg reward -0.000 
PPO linea    [##############--------------]  53.0% 26489/50000 |  110.8/s | elapsed 3m 59s | eta 3m 32s | process workers | seats 2 | tracked 15 | cur 1 hist 1 boot 0 teach 0 base 0 heur 0 | avg reward -0.000 
PPO linea    [##############--------------]  53.0% 26511/50000 |  110.8/s | elapsed 3m 59s | eta 3m 32s | process workers | seats 8 | tracked 15 | cur 1 hist 1 boot 1 teach 3 base 1 heur 1 | avg reward -0.000 
PPO linea    [##############--------------]  53.1% 26533/50000 |  110.8/s | elapsed 3m 59s | eta 3m 32s | process workers | seats 4 | tracked 15 | cur 1 hist 0 boot 0 teach 3 base 0 heur 0 | avg reward -0.000 
PPO linea    [##############--------------]  53.1% 26555/50000 |  110.8/s | elapsed 4m 0s | eta 3m 32s | process workers | seats 6 | tracked 15 | cur 1 hist 1 boot 0 teach 2 base 2 heur 0 | avg reward -0.000  
PPO linea    [##############--------------]  53.2% 26577/50000 |  110.8/s | elapsed 4m 0s | eta 3m 31s | process workers | seats 6 | tracked 15 | cur 1 hist 1 boot 0 teach 2 base 1 heur 1 | avg reward -0.000  
PPO linea    [##############--------------]  53.2% 26599/50000 |  110.8/s | elapsed 4m 0s | eta 3m 31s | process workers | seats 10 | tracked 15 | cur 1 hist 3 boot 1 teach 4 base 0 heur 1 | avg reward -0.000 
PPO linea    [##############--------------]  53.2% 26621/50000 |  110.8/s | elapsed 4m 0s | eta 3m 31s | process workers | seats 8 | tracked 15 | cur 1 hist 4 boot 0 teach 2 base 1 heur 0 | avg reward -0.000  
PPO linea    [##############--------------]  53.3% 26643/50000 |  110.8/s | elapsed 4m 0s | eta 3m 31s | process workers | seats 4 | tracked 15 | cur 1 hist 1 boot 0 teach 1 base 1 heur 0 | avg reward -0.000  
PPO linea    [##############--------------]  53.3% 26665/50000 |  110.8/s | elapsed 4m 1s | eta 3m 31s | process workers | seats 2 | tracked 15 | cur 1 hist 0 boot 1 teach 0 base 0 heur 0 | avg reward -0.000  
PPO linea    [##############--------------]  53.4% 26687/50000 |  110.9/s | elapsed 4m 1s | eta 3m 30s | process workers | seats 8 | tracked 15 | cur 1 hist 0 boot 0 teach 5 base 2 heur 0 | avg reward -0.000  
PPO linea    [##############--------------]  53.4% 26709/50000 |  110.8/s | elapsed 4m 1s | eta 3m 30s | process workers | seats 4 | tracked 15 | cur 1 hist 0 boot 1 teach 1 base 1 heur 0 | avg reward -0.000  
PPO linea    [##############--------------]  53.5% 26731/50000 |  110.8/s | elapsed 4m 1s | eta 3m 30s | process workers | seats 10 | tracked 30 | cur 2 hist 1 boot 1 teach 6 base 0 heur 0 | avg reward -0.000 
PPO linea    [##############--------------]  53.5% 26753/50000 |  110.8/s | elapsed 4m 1s | eta 3m 30s | process workers | seats 10 | tracked 30 | cur 2 hist 1 boot 0 teach 4 base 3 heur 0 | avg reward -0.000 
PPO linea    [##############--------------]  53.5% 26775/50000 |  110.8/s | elapsed 4m 2s | eta 3m 30s | process workers | seats 10 | tracked 30 | cur 2 hist 1 boot 1 teach 4 base 2 heur 0 | avg reward -0.000 
PPO linea    [###############-------------]  53.6% 26797/50000 |  110.8/s | elapsed 4m 2s | eta 3m 29s | process workers | seats 10 | tracked 15 | cur 1 hist 2 boot 2 teach 5 base 0 heur 0 | avg reward -0.000 
PPO linea    [###############-------------]  53.6% 26819/50000 |  110.8/s | elapsed 4m 2s | eta 3m 29s | process workers | seats 6 | tracked 15 | cur 1 hist 1 boot 1 teach 1 base 2 heur 0 | avg reward -0.000  
PPO linea    [###############-------------]  53.7% 26841/50000 |  110.8/s | elapsed 4m 2s | eta 3m 29s | process workers | seats 10 | tracked 15 | cur 1 hist 3 boot 1 teach 4 base 1 heur 0 | avg reward -0.000 
PPO linea    [###############-------------]  53.7% 26863/50000 |  110.8/s | elapsed 4m 2s | eta 3m 29s | process workers | seats 10 | tracked 30 | cur 2 hist 0 boot 1 teach 7 base 0 heur 0 | avg reward -0.000 
PPO linea    [###############-------------]  53.8% 26885/50000 |  110.8/s | elapsed 4m 3s | eta 3m 29s | process workers | seats 4 | tracked 15 | cur 1 hist 1 boot 0 teach 1 base 1 heur 0 | avg reward -0.000  
PPO linea    [###############-------------]  53.8% 26907/50000 |  110.8/s | elapsed 4m 3s | eta 3m 28s | process workers | seats 4 | tracked 15 | cur 1 hist 0 boot 0 teach 2 base 1 heur 0 | avg reward -0.000  
PPO linea    [###############-------------]  53.9% 26929/50000 |  110.8/s | elapsed 4m 3s | eta 3m 28s | process workers | seats 6 | tracked 15 | cur 1 hist 2 boot 0 teach 2 base 1 heur 0 | avg reward -0.000  
PPO linea    [###############-------------]  53.9% 26951/50000 |  110.8/s | elapsed 4m 3s | eta 3m 28s | process workers | seats 4 | tracked 15 | cur 1 hist 0 boot 1 teach 1 base 1 heur 0 | avg reward -0.000  
PPO linea    [###############-------------]  53.9% 26973/50000 |  110.8/s | elapsed 4m 3s | eta 3m 28s | process workers | seats 4 | tracked 15 | cur 1 hist 1 boot 1 teach 1 base 0 heur 0 | avg reward -0.000  
PPO linea    [###############-------------]  54.0% 26995/50000 |  110.8/s | elapsed 4m 4s | eta 3m 28s | process workers | seats 8 | tracked 15 | cur 1 hist 2 boot 3 teach 1 base 1 heur 0 | avg reward -0.000  
PPO linea    [###############-------------]  54.0% 27017/50000 |  110.8/s | elapsed 4m 4s | eta 3m 27s | process workers | seats 6 | tracked 15 | cur 1 hist 1 boot 1 teach 3 base 0 heur 0 | avg reward -0.000  
PPO linea    [###############-------------]  54.1% 27039/50000 |  110.8/s | elapsed 4m 4s | eta 3m 27s | process workers | seats 4 | tracked 15 | cur 1 hist 0 boot 0 teach 3 base 0 heur 0 | avg reward -0.000  
PPO linea    [###############-------------]  54.1% 27061/50000 |  110.8/s | elapsed 4m 4s | eta 3m 27s | process workers | seats 4 | tracked 15 | cur 1 hist 1 boot 0 teach 1 base 0 heur 1 | avg reward -0.000  
PPO linea    [###############-------------]  54.2% 27083/50000 |  110.8/s | elapsed 4m 4s | eta 3m 27s | process workers | seats 10 | tracked 30 | cur 2 hist 2 boot 0 teach 3 base 1 heur 2 | avg reward -0.000 
PPO linea    [###############-------------]  54.2% 27105/50000 |  110.9/s | elapsed 4m 5s | eta 3m 27s | process workers | seats 2 | tracked 15 | cur 1 hist 1 boot 0 teach 0 base 0 heur 0 | avg reward -0.000  
PPO linea    [###############-------------]  54.3% 27127/50000 |  110.9/s | elapsed 4m 5s | eta 3m 26s | process workers | seats 4 | tracked 15 | cur 1 hist 0 boot 0 teach 3 base 0 heur 0 | avg reward -0.000  
PPO linea    [###############-------------]  54.3% 27149/50000 |  110.9/s | elapsed 4m 5s | eta 3m 26s | process workers | seats 10 | tracked 15 | cur 1 hist 0 boot 3 teach 3 base 1 heur 2 | avg reward -0.000 
PPO linea    [###############-------------]  54.3% 27171/50000 |  110.9/s | elapsed 4m 5s | eta 3m 26s | process workers | seats 10 | tracked 15 | cur 1 hist 3 boot 2 teach 3 base 1 heur 0 | avg reward -0.000 
PPO linea    [###############-------------]  54.4% 27193/50000 |  110.9/s | elapsed 4m 5s | eta 3m 26s | process workers | seats 6 | tracked 15 | cur 1 hist 1 boot 3 teach 1 base 0 heur 0 | avg reward -0.000  
PPO linea    [###############-------------]  54.4% 27215/50000 |  110.8/s | elapsed 4m 6s | eta 3m 26s | process workers | seats 10 | tracked 30 | cur 2 hist 4 boot 0 teach 2 base 1 heur 1 | avg reward -0.000 
PPO linea    [###############-------------]  54.5% 27237/50000 |  110.9/s | elapsed 4m 6s | eta 3m 25s | process workers | seats 10 | tracked 15 | cur 1 hist 3 boot 3 teach 3 base 0 heur 0 | avg reward -0.000 
PPO linea    [###############-------------]  54.5% 27259/50000 |  110.9/s | elapsed 4m 6s | eta 3m 25s | process workers | seats 10 | tracked 30 | cur 2 hist 2 boot 1 teach 3 base 1 heur 1 | avg reward -0.000 
PPO linea    [###############-------------]  54.6% 27281/50000 |  110.9/s | elapsed 4m 6s | eta 3m 25s | process workers | seats 10 | tracked 15 | cur 1 hist 3 boot 1 teach 5 base 0 heur 0 | avg reward -0.000 
PPO linea    [###############-------------]  54.6% 27303/50000 |  110.9/s | elapsed 4m 6s | eta 3m 25s | process workers | seats 10 | tracked 30 | cur 2 hist 1 boot 0 teach 5 base 2 heur 0 | avg reward -0.000 
PPO linea    [###############-------------]  54.6% 27325/50000 |  110.9/s | elapsed 4m 6s | eta 3m 25s | process workers | seats 10 | tracked 30 | cur 2 hist 2 boot 3 teach 2 base 0 heur 1 | avg reward -0.000 
PPO linea    [###############-------------]  54.7% 27347/50000 |  110.8/s | elapsed 4m 7s | eta 3m 24s | process workers | seats 10 | tracked 15 | cur 1 hist 3 boot 2 teach 3 base 1 heur 0 | avg reward -0.000 
PPO linea    [###############-------------]  54.7% 27369/50000 |  110.9/s | elapsed 4m 7s | eta 3m 24s | process workers | seats 8 | tracked 30 | cur 2 hist 1 boot 1 teach 2 base 1 heur 1 | avg reward -0.000  
PPO linea    [###############-------------]  54.8% 27391/50000 |  110.9/s | elapsed 4m 7s | eta 3m 24s | process workers | seats 10 | tracked 30 | cur 2 hist 2 boot 3 teach 1 base 2 heur 0 | avg reward -0.000 
PPO linea    [###############-------------]  54.8% 27413/50000 |  110.9/s | elapsed 4m 7s | eta 3m 24s | process workers | seats 10 | tracked 30 | cur 2 hist 3 boot 2 teach 1 base 1 heur 1 | avg reward -0.000 
PPO linea    [###############-------------]  54.9% 27435/50000 |  110.9/s | elapsed 4m 7s | eta 3m 24s | process workers | seats 10 | tracked 30 | cur 2 hist 3 boot 2 teach 3 base 0 heur 0 | avg reward -0.000 
PPO linea    [###############-------------]  54.9% 27457/50000 |  110.9/s | elapsed 4m 8s | eta 3m 23s | process workers | seats 2 | tracked 15 | cur 1 hist 0 boot 0 teach 1 base 0 heur 0 | avg reward -0.000  
PPO linea    [###############-------------]  55.0% 27479/50000 |  110.9/s | elapsed 4m 8s | eta 3m 23s | process workers | seats 4 | tracked 15 | cur 1 hist 1 boot 1 teach 0 base 1 heur 0 | avg reward -0.000  
PPO linea    [###############-------------]  55.0% 27501/50000 |  110.8/s | elapsed 4m 8s | eta 3m 23s | process workers | seats 10 | tracked 15 | cur 1 hist 1 boot 2 teach 6 base 0 heur 0 | avg reward -0.000 
PPO linea    [###############-------------]  55.0% 27523/50000 |  110.8/s | elapsed 4m 8s | eta 3m 23s | process workers | seats 4 | tracked 15 | cur 1 hist 0 boot 0 teach 2 base 1 heur 0 | avg reward -0.000  
PPO linea    [###############-------------]  55.1% 27545/50000 |  110.8/s | elapsed 4m 9s | eta 3m 23s | process workers | seats 6 | tracked 15 | cur 1 hist 1 boot 2 teach 0 base 2 heur 0 | avg reward -0.000  
PPO linea    [###############-------------]  55.1% 27567/50000 |  110.8/s | elapsed 4m 9s | eta 3m 22s | process workers | seats 6 | tracked 15 | cur 1 hist 1 boot 0 teach 4 base 0 heur 0 | avg reward -0.000  
PPO linea    [###############-------------]  55.2% 27589/50000 |  110.8/s | elapsed 4m 9s | eta 3m 22s | process workers | seats 10 | tracked 30 | cur 2 hist 0 boot 1 teach 4 base 1 heur 2 | avg reward -0.000 
PPO linea    [###############-------------]  55.2% 27611/50000 |  110.8/s | elapsed 4m 9s | eta 3m 22s | process workers | seats 2 | tracked 15 | cur 1 hist 0 boot 0 teach 1 base 0 heur 0 | avg reward -0.000  
PPO linea    [###############-------------]  55.3% 27633/50000 |  110.9/s | elapsed 4m 9s | eta 3m 22s | process workers | seats 4 | tracked 15 | cur 1 hist 0 boot 1 teach 1 base 0 heur 1 | avg reward -0.000  
PPO linea    [###############-------------]  55.3% 27655/50000 |  110.9/s | elapsed 4m 9s | eta 3m 22s | process workers | seats 8 | tracked 15 | cur 1 hist 1 boot 3 teach 2 base 1 heur 0 | avg reward -0.000  
PPO linea    [###############-------------]  55.4% 27677/50000 |  110.8/s | elapsed 4m 10s | eta 3m 21s | process workers | seats 2 | tracked 15 | cur 1 hist 0 boot 0 teach 0 base 0 heur 1 | avg reward -0.000 
PPO linea    [###############-------------]  55.4% 27699/50000 |  110.8/s | elapsed 4m 10s | eta 3m 21s | process workers | seats 2 | tracked 15 | cur 1 hist 0 boot 1 teach 0 base 0 heur 0 | avg reward -0.000 
PPO linea    [###############-------------]  55.4% 27721/50000 |  110.9/s | elapsed 4m 10s | eta 3m 21s | process workers | seats 6 | tracked 15 | cur 1 hist 1 boot 0 teach 1 base 3 heur 0 | avg reward -0.000 
PPO linea    [###############-------------]  55.5% 27743/50000 |  110.8/s | elapsed 4m 10s | eta 3m 21s | process workers | seats 8 | tracked 30 | cur 2 hist 3 boot 1 teach 2 base 0 heur 0 | avg reward -0.000 
PPO linea    [###############-------------]  55.5% 27765/50000 |  110.8/s | elapsed 4m 10s | eta 3m 21s | process workers | seats 4 | tracked 15 | cur 1 hist 0 boot 2 teach 1 base 0 heur 0 | avg reward -0.000 
PPO linea    [###############-------------]  55.6% 27787/50000 |  110.8/s | elapsed 4m 11s | eta 3m 20s | process workers | seats 6 | tracked 15 | cur 1 hist 1 boot 2 teach 0 base 1 heur 1 | avg reward -0.000 
PPO linea    [###############-------------]  55.6% 27809/50000 |  110.8/s | elapsed 4m 11s | eta 3m 20s | process workers | seats 2 | tracked 15 | cur 1 hist 0 boot 1 teach 0 base 0 heur 0 | avg reward -0.000 
PPO linea    [###############-------------]  55.7% 27831/50000 |  110.9/s | elapsed 4m 11s | eta 3m 20s | process workers | seats 6 | tracked 15 | cur 1 hist 1 boot 1 teach 1 base 2 heur 0 | avg reward -0.000 
PPO linea    [###############-------------]  55.7% 27853/50000 |  110.9/s | elapsed 4m 11s | eta 3m 20s | process workers | seats 8 | tracked 15 | cur 1 hist 1 boot 1 teach 4 base 1 heur 0 | avg reward -0.000 
PPO linea    [###############-------------]  55.8% 27875/50000 |  110.9/s | elapsed 4m 11s | eta 3m 20s | process workers | seats 2 | tracked 15 | cur 1 hist 0 boot 0 teach 0 base 1 heur 0 | avg reward -0.000 
PPO linea    [###############-------------]  55.8% 27897/50000 |  110.9/s | elapsed 4m 12s | eta 3m 19s | process workers | seats 4 | tracked 15 | cur 1 hist 0 boot 0 teach 3 base 0 heur 0 | avg reward -0.000 
PPO linea    [###############-------------]  55.8% 27919/50000 |  110.9/s | elapsed 4m 12s | eta 3m 19s | process workers | seats 4 | tracked 15 | cur 1 hist 1 boot 1 teach 1 base 0 heur 0 | avg reward -0.000 
PPO linea    [###############-------------]  55.9% 27941/50000 |  110.9/s | elapsed 4m 12s | eta 3m 19s | process workers | seats 8 | tracked 15 | cur 1 hist 1 boot 1 teach 3 base 2 heur 0 | avg reward -0.000 
PPO linea    [###############-------------]  55.9% 27963/50000 |  110.9/s | elapsed 4m 12s | eta 3m 19s | process workers | seats 6 | tracked 15 | cur 1 hist 3 boot 2 teach 0 base 0 heur 0 | avg reward -0.000 
PPO linea    [###############-------------]  56.0% 27985/50000 |  110.9/s | elapsed 4m 12s | eta 3m 19s | process workers | seats 6 | tracked 15 | cur 1 hist 3 boot 1 teach 1 base 0 heur 0 | avg reward -0.000 
PPO linea    [###############-------------]  56.0% 28007/50000 |  110.9/s | elapsed 4m 13s | eta 3m 18s | process workers | seats 10 | tracked 30 | cur 2 hist 3 boot 1 teach 4 base 0 heur 0 | avg reward -0.000
PPO linea    [###############-------------]  56.1% 28029/50000 |  110.9/s | elapsed 4m 13s | eta 3m 18s | process workers | seats 8 | tracked 30 | cur 2 hist 1 boot 2 teach 2 base 1 heur 0 | avg reward -0.000 
PPO linea    [###############-------------]  56.1% 28051/50000 |  110.9/s | elapsed 4m 13s | eta 3m 18s | process workers | seats 6 | tracked 15 | cur 1 hist 2 boot 1 teach 1 base 1 heur 0 | avg reward -0.000 
PPO linea    [###############-------------]  56.1% 28073/50000 |  110.9/s | elapsed 4m 13s | eta 3m 18s | process workers | seats 6 | tracked 15 | cur 1 hist 1 boot 0 teach 4 base 0 heur 0 | avg reward -0.000 
PPO linea    [###############-------------]  56.2% 28095/50000 |  110.9/s | elapsed 4m 13s | eta 3m 18s | process workers | seats 6 | tracked 15 | cur 1 hist 2 boot 1 teach 2 base 0 heur 0 | avg reward -0.000 
PPO linea    [###############-------------]  56.2% 28117/50000 |  110.9/s | elapsed 4m 14s | eta 3m 17s | process workers | seats 8 | tracked 30 | cur 2 hist 2 boot 1 teach 1 base 2 heur 0 | avg reward -0.000 
PPO linea    [###############-------------]  56.3% 28139/50000 |  110.9/s | elapsed 4m 14s | eta 3m 17s | process workers | seats 6 | tracked 15 | cur 1 hist 2 boot 2 teach 0 base 0 heur 1 | avg reward -0.000 
PPO linea    [###############-------------]  56.3% 28161/50000 |  110.9/s | elapsed 4m 14s | eta 3m 17s | process workers | seats 8 | tracked 30 | cur 2 hist 1 boot 2 teach 1 base 1 heur 1 | avg reward -0.000 
PPO linea    [###############-------------]  56.4% 28183/50000 |  110.9/s | elapsed 4m 14s | eta 3m 17s | process workers | seats 10 | tracked 15 | cur 1 hist 0 boot 1 teach 5 base 1 heur 2 | avg reward -0.000
PPO linea    [###############-------------]  56.4% 28205/50000 |  110.9/s | elapsed 4m 14s | eta 3m 17s | process workers | seats 8 | tracked 30 | cur 2 hist 2 boot 1 teach 2 base 0 heur 1 | avg reward -0.000 
PPO linea    [###############-------------]  56.5% 28227/50000 |  110.9/s | elapsed 4m 15s | eta 3m 16s | process workers | seats 6 | tracked 15 | cur 1 hist 1 boot 1 teach 1 base 0 heur 2 | avg reward -0.000 
PPO linea    [###############-------------]  56.5% 28249/50000 |  110.9/s | elapsed 4m 15s | eta 3m 16s | process workers | seats 10 | tracked 15 | cur 1 hist 2 boot 1 teach 3 base 2 heur 1 | avg reward -0.000
PPO linea    [###############-------------]  56.5% 28271/50000 |  110.9/s | elapsed 4m 15s | eta 3m 16s | process workers | seats 10 | tracked 15 | cur 1 hist 4 boot 2 teach 1 base 2 heur 0 | avg reward -0.000
PPO linea    [###############-------------]  56.6% 28293/50000 |  110.9/s | elapsed 4m 15s | eta 3m 16s | process workers | seats 8 | tracked 15 | cur 1 hist 1 boot 0 teach 4 base 1 heur 1 | avg reward -0.000 
PPO linea    [###############-------------]  56.6% 28315/50000 |  110.9/s | elapsed 4m 15s | eta 3m 16s | process workers | seats 10 | tracked 30 | cur 2 hist 1 boot 0 teach 5 base 2 heur 0 | avg reward -0.000
PPO linea    [###############-------------]  56.7% 28337/50000 |  110.9/s | elapsed 4m 15s | eta 3m 15s | process workers | seats 8 | tracked 30 | cur 2 hist 3 boot 0 teach 3 base 0 heur 0 | avg reward -0.000 
PPO linea    [###############-------------]  56.7% 28359/50000 |  110.9/s | elapsed 4m 16s | eta 3m 15s | process workers | seats 2 | tracked 15 | cur 1 hist 0 boot 1 teach 0 base 0 heur 0 | avg reward -0.000 
PPO linea    [###############-------------]  56.8% 28381/50000 |  110.9/s | elapsed 4m 16s | eta 3m 15s | process workers | seats 6 | tracked 15 | cur 1 hist 0 boot 0 teach 4 base 0 heur 1 | avg reward -0.000 
PPO linea    [###############-------------]  56.8% 28403/50000 |  110.9/s | elapsed 4m 16s | eta 3m 15s | process workers | seats 8 | tracked 15 | cur 1 hist 1 boot 0 teach 4 base 1 heur 1 | avg reward -0.000 
PPO linea    [###############-------------]  56.9% 28425/50000 |  110.9/s | elapsed 4m 16s | eta 3m 14s | process workers | seats 4 | tracked 15 | cur 1 hist 1 boot 0 teach 2 base 0 heur 0 | avg reward -0.000 
PPO linea    [###############-------------]  56.9% 28447/50000 |  110.9/s | elapsed 4m 16s | eta 3m 14s | process workers | seats 8 | tracked 15 | cur 1 hist 1 boot 2 teach 2 base 2 heur 0 | avg reward -0.000 
PPO linea    [###############-------------]  56.9% 28469/50000 |  110.9/s | elapsed 4m 17s | eta 3m 14s | process workers | seats 10 | tracked 30 | cur 2 hist 0 boot 1 teach 4 base 3 heur 0 | avg reward -0.000
PPO linea    [###############-------------]  57.0% 28491/50000 |  110.9/s | elapsed 4m 17s | eta 3m 14s | process workers | seats 6 | tracked 15 | cur 1 hist 1 boot 0 teach 2 base 0 heur 2 | avg reward -0.000 
PPO linea    [###############-------------]  57.0% 28513/50000 |  110.9/s | elapsed 4m 17s | eta 3m 14s | process workers | seats 10 | tracked 15 | cur 1 hist 2 boot 1 teach 3 base 2 heur 1 | avg reward -0.000
PPO linea    [###############-------------]  57.1% 28535/50000 |  110.9/s | elapsed 4m 17s | eta 3m 13s | process workers | seats 6 | tracked 15 | cur 1 hist 1 boot 1 teach 3 base 0 heur 0 | avg reward -0.000 
PPO linea    [###############-------------]  57.1% 28557/50000 |  110.9/s | elapsed 4m 17s | eta 3m 13s | process workers | seats 6 | tracked 15 | cur 1 hist 1 boot 0 teach 3 base 1 heur 0 | avg reward -0.000 
PPO linea    [################------------]  57.2% 28579/50000 |  110.9/s | elapsed 4m 18s | eta 3m 13s | process workers | seats 4 | tracked 15 | cur 1 hist 2 boot 0 teach 1 base 0 heur 0 | avg reward -0.000 
PPO linea    [################------------]  57.2% 28601/50000 |  110.9/s | elapsed 4m 18s | eta 3m 13s | process workers | seats 8 | tracked 15 | cur 1 hist 2 boot 1 teach 1 base 1 heur 2 | avg reward -0.000 
PPO linea    [################------------]  57.2% 28623/50000 |  110.9/s | elapsed 4m 18s | eta 3m 13s | process workers | seats 10 | tracked 15 | cur 1 hist 3 boot 0 teach 5 base 1 heur 0 | avg reward -0.000
PPO linea    [################------------]  57.3% 28645/50000 |  110.9/s | elapsed 4m 18s | eta 3m 12s | process workers | seats 6 | tracked 15 | cur 1 hist 0 boot 1 teach 3 base 0 heur 1 | avg reward -0.000 
PPO linea    [################------------]  57.3% 28667/50000 |  110.9/s | elapsed 4m 18s | eta 3m 12s | process workers | seats 10 | tracked 15 | cur 1 hist 5 boot 0 teach 2 base 1 heur 1 | avg reward -0.000
PPO linea    [################------------]  57.4% 28689/50000 |  110.9/s | elapsed 4m 19s | eta 3m 12s | process workers | seats 6 | tracked 15 | cur 1 hist 1 boot 2 teach 1 base 1 heur 0 | avg reward -0.000 
PPO linea    [################------------]  57.4% 28711/50000 |  110.9/s | elapsed 4m 19s | eta 3m 12s | process workers | seats 6 | tracked 15 | cur 1 hist 2 boot 2 teach 1 base 0 heur 0 | avg reward -0.000 
PPO linea    [################------------]  57.5% 28733/50000 |  110.9/s | elapsed 4m 19s | eta 3m 12s | process workers | seats 2 | tracked 15 | cur 1 hist 0 boot 1 teach 0 base 0 heur 0 | avg reward -0.000 
PPO linea    [################------------]  57.5% 28755/50000 |  110.9/s | elapsed 4m 19s | eta 3m 12s | process workers | seats 10 | tracked 15 | cur 1 hist 4 boot 0 teach 5 base 0 heur 0 | avg reward -0.000
PPO linea    [################------------]  57.6% 28777/50000 |  110.9/s | elapsed 4m 19s | eta 3m 11s | process workers | seats 8 | tracked 15 | cur 1 hist 0 boot 3 teach 4 base 0 heur 0 | avg reward -0.000 
PPO linea    [################------------]  57.6% 28799/50000 |  110.9/s | elapsed 4m 20s | eta 3m 11s | process workers | seats 4 | tracked 15 | cur 1 hist 1 boot 0 teach 2 base 0 heur 0 | avg reward -0.000 
PPO linea    [################------------]  57.6% 28821/50000 |  110.9/s | elapsed 4m 20s | eta 3m 11s | process workers | seats 10 | tracked 30 | cur 2 hist 1 boot 1 teach 5 base 1 heur 0 | avg reward -0.000
PPO linea    [################------------]  57.7% 28843/50000 |  110.9/s | elapsed 4m 20s | eta 3m 11s | process workers | seats 6 | tracked 15 | cur 1 hist 2 boot 1 teach 2 base 0 heur 0 | avg reward -0.000 
PPO linea    [################------------]  57.7% 28865/50000 |  110.9/s | elapsed 4m 20s | eta 3m 11s | process workers | seats 10 | tracked 15 | cur 1 hist 2 boot 1 teach 4 base 1 heur 1 | avg reward -0.000
PPO linea    [################------------]  57.8% 28887/50000 |  110.9/s | elapsed 4m 20s | eta 3m 10s | process workers | seats 4 | tracked 15 | cur 1 hist 0 boot 2 teach 0 base 1 heur 0 | avg reward -0.000 
PPO linea    [################------------]  57.8% 28909/50000 |  110.9/s | elapsed 4m 21s | eta 3m 10s | process workers | seats 4 | tracked 15 | cur 1 hist 0 boot 0 teach 3 base 0 heur 0 | avg reward -0.000 
PPO linea    [################------------]  57.9% 28931/50000 |  111.0/s | elapsed 4m 21s | eta 3m 10s | process workers | seats 4 | tracked 15 | cur 1 hist 1 boot 0 teach 1 base 0 heur 1 | avg reward -0.000 
PPO linea    [################------------]  57.9% 28953/50000 |  111.0/s | elapsed 4m 21s | eta 3m 10s | process workers | seats 4 | tracked 15 | cur 1 hist 1 boot 0 teach 1 base 1 heur 0 | avg reward -0.000 
PPO linea    [################------------]  58.0% 28975/50000 |  111.0/s | elapsed 4m 21s | eta 3m 9s | process workers | seats 10 | tracked 15 | cur 1 hist 3 boot 1 teach 4 base 1 heur 0 | avg reward -0.000 
PPO linea    [################------------]  58.0% 28997/50000 |  111.0/s | elapsed 4m 21s | eta 3m 9s | process workers | seats 8 | tracked 15 | cur 1 hist 1 boot 0 teach 4 base 1 heur 1 | avg reward -0.000  
PPO linea    [################------------]  58.0% 29019/50000 |  111.0/s | elapsed 4m 21s | eta 3m 9s | process workers | seats 4 | tracked 15 | cur 1 hist 2 boot 1 teach 0 base 0 heur 0 | avg reward -0.000  
PPO linea    [################------------]  58.1% 29041/50000 |  111.0/s | elapsed 4m 22s | eta 3m 9s | process workers | seats 6 | tracked 15 | cur 1 hist 2 boot 0 teach 2 base 1 heur 0 | avg reward -0.000  
PPO linea    [################------------]  58.1% 29063/50000 |  111.0/s | elapsed 4m 22s | eta 3m 9s | process workers | seats 2 | tracked 15 | cur 1 hist 0 boot 0 teach 0 base 1 heur 0 | avg reward -0.000  
PPO linea    [################------------]  58.2% 29085/50000 |  111.0/s | elapsed 4m 22s | eta 3m 8s | process workers | seats 6 | tracked 15 | cur 1 hist 2 boot 0 teach 3 base 0 heur 0 | avg reward -0.000  
PPO linea    [################------------]  58.2% 29107/50000 |  111.0/s | elapsed 4m 22s | eta 3m 8s | process workers | seats 10 | tracked 30 | cur 2 hist 3 boot 0 teach 3 base 1 heur 1 | avg reward -0.000 
PPO linea    [################------------]  58.3% 29129/50000 |  111.0/s | elapsed 4m 22s | eta 3m 8s | process workers | seats 6 | tracked 15 | cur 1 hist 1 boot 1 teach 3 base 0 heur 0 | avg reward -0.000  
PPO linea    [################------------]  58.3% 29151/50000 |  111.0/s | elapsed 4m 23s | eta 3m 8s | process workers | seats 10 | tracked 15 | cur 1 hist 2 boot 3 teach 1 base 2 heur 1 | avg reward -0.000 
PPO linea    [################------------]  58.3% 29173/50000 |  111.0/s | elapsed 4m 23s | eta 3m 8s | process workers | seats 8 | tracked 30 | cur 2 hist 4 boot 0 teach 2 base 0 heur 0 | avg reward -0.000  
PPO linea    [################------------]  58.4% 29195/50000 |  111.0/s | elapsed 4m 23s | eta 3m 7s | process workers | seats 4 | tracked 15 | cur 1 hist 1 boot 0 teach 1 base 0 heur 1 | avg reward -0.000  
PPO linea    [################------------]  58.4% 29217/50000 |  111.0/s | elapsed 4m 23s | eta 3m 7s | process workers | seats 10 | tracked 30 | cur 2 hist 3 boot 1 teach 3 base 1 heur 0 | avg reward -0.000 
PPO linea    [################------------]  58.5% 29239/50000 |  111.0/s | elapsed 4m 23s | eta 3m 7s | process workers | seats 10 | tracked 15 | cur 1 hist 2 boot 2 teach 4 base 0 heur 1 | avg reward -0.000 
PPO linea    [################------------]  58.5% 29261/50000 |  111.0/s | elapsed 4m 24s | eta 3m 7s | process workers | seats 10 | tracked 15 | cur 1 hist 0 boot 3 teach 4 base 2 heur 0 | avg reward -0.000 
PPO linea    [################------------]  58.6% 29283/50000 |  111.0/s | elapsed 4m 24s | eta 3m 7s | process workers | seats 10 | tracked 15 | cur 1 hist 2 boot 1 teach 5 base 1 heur 0 | avg reward -0.000 
PPO linea    [################------------]  58.6% 29305/50000 |  111.0/s | elapsed 4m 24s | eta 3m 6s | process workers | seats 6 | tracked 15 | cur 1 hist 0 boot 0 teach 2 base 3 heur 0 | avg reward -0.000  
PPO linea    [################------------]  58.7% 29327/50000 |  111.1/s | elapsed 4m 24s | eta 3m 6s | process workers | seats 6 | tracked 15 | cur 1 hist 2 boot 1 teach 1 base 1 heur 0 | avg reward -0.000  
PPO linea    [################------------]  58.7% 29349/50000 |  111.1/s | elapsed 4m 24s | eta 3m 6s | process workers | seats 8 | tracked 30 | cur 2 hist 1 boot 0 teach 2 base 2 heur 1 | avg reward -0.000  
PPO linea    [################------------]  58.7% 29371/50000 |  111.1/s | elapsed 4m 24s | eta 3m 6s | process workers | seats 2 | tracked 15 | cur 1 hist 0 boot 0 teach 1 base 0 heur 0 | avg reward -0.000  
PPO linea    [################------------]  58.8% 29393/50000 |  111.1/s | elapsed 4m 25s | eta 3m 6s | process workers | seats 4 | tracked 15 | cur 1 hist 1 boot 0 teach 2 base 0 heur 0 | avg reward -0.000  
PPO linea    [################------------]  58.8% 29415/50000 |  111.1/s | elapsed 4m 25s | eta 3m 5s | process workers | seats 4 | tracked 15 | cur 1 hist 1 boot 1 teach 1 base 0 heur 0 | avg reward -0.000  
PPO linea    [################------------]  58.9% 29437/50000 |  111.1/s | elapsed 4m 25s | eta 3m 5s | process workers | seats 8 | tracked 15 | cur 1 hist 1 boot 1 teach 3 base 1 heur 1 | avg reward -0.000  
PPO linea    [################------------]  58.9% 29459/50000 |  111.1/s | elapsed 4m 25s | eta 3m 5s | process workers | seats 8 | tracked 30 | cur 2 hist 2 boot 1 teach 2 base 1 heur 0 | avg reward -0.000  
PPO linea    [################------------]  59.0% 29481/50000 |  111.1/s | elapsed 4m 25s | eta 3m 5s | process workers | seats 6 | tracked 15 | cur 1 hist 0 boot 1 teach 3 base 1 heur 0 | avg reward -0.000  
PPO linea    [################------------]  59.0% 29503/50000 |  111.1/s | elapsed 4m 26s | eta 3m 5s | process workers | seats 4 | tracked 15 | cur 1 hist 0 boot 0 teach 3 base 0 heur 0 | avg reward -0.000  
PPO linea    [################------------]  59.1% 29525/50000 |  111.1/s | elapsed 4m 26s | eta 3m 4s | process workers | seats 8 | tracked 30 | cur 2 hist 1 boot 3 teach 2 base 0 heur 0 | avg reward -0.000  
PPO linea    [################------------]  59.1% 29547/50000 |  111.1/s | elapsed 4m 26s | eta 3m 4s | process workers | seats 10 | tracked 15 | cur 1 hist 1 boot 2 teach 3 base 2 heur 1 | avg reward -0.000 
PPO linea    [################------------]  59.1% 29569/50000 |  111.1/s | elapsed 4m 26s | eta 3m 4s | process workers | seats 6 | tracked 15 | cur 1 hist 1 boot 1 teach 3 base 0 heur 0 | avg reward -0.000  
PPO linea    [################------------]  59.2% 29591/50000 |  111.1/s | elapsed 4m 26s | eta 3m 4s | process workers | seats 8 | tracked 15 | cur 1 hist 2 boot 0 teach 4 base 0 heur 1 | avg reward -0.000  
PPO linea    [################------------]  59.2% 29613/50000 |  111.1/s | elapsed 4m 27s | eta 3m 4s | process workers | seats 10 | tracked 15 | cur 1 hist 2 boot 3 teach 3 base 1 heur 0 | avg reward -0.000 
PPO linea    [################------------]  59.3% 29635/50000 |  111.1/s | elapsed 4m 27s | eta 3m 3s | process workers | seats 4 | tracked 15 | cur 1 hist 0 boot 1 teach 0 base 1 heur 1 | avg reward -0.000  
PPO linea    [################------------]  59.3% 29657/50000 |  111.1/s | elapsed 4m 27s | eta 3m 3s | process workers | seats 8 | tracked 15 | cur 1 hist 2 boot 0 teach 3 base 0 heur 2 | avg reward -0.000  
PPO linea    [################------------]  59.4% 29679/50000 |  111.1/s | elapsed 4m 27s | eta 3m 3s | process workers | seats 6 | tracked 15 | cur 1 hist 1 boot 0 teach 2 base 0 heur 2 | avg reward -0.000  
PPO linea    [################------------]  59.4% 29701/50000 |  111.1/s | elapsed 4m 27s | eta 3m 3s | process workers | seats 6 | tracked 15 | cur 1 hist 1 boot 1 teach 3 base 0 heur 0 | avg reward -0.000  
PPO linea    [################------------]  59.4% 29723/50000 |  111.1/s | elapsed 4m 28s | eta 3m 3s | process workers | seats 4 | tracked 15 | cur 1 hist 1 boot 1 teach 1 base 0 heur 0 | avg reward -0.000  
PPO linea    [################------------]  59.5% 29745/50000 |  111.1/s | elapsed 4m 28s | eta 3m 2s | process workers | seats 8 | tracked 30 | cur 2 hist 1 boot 1 teach 2 base 1 heur 1 | avg reward -0.000  
PPO linea    [################------------]  59.5% 29767/50000 |  111.1/s | elapsed 4m 28s | eta 3m 2s | process workers | seats 4 | tracked 15 | cur 1 hist 1 boot 0 teach 1 base 1 heur 0 | avg reward -0.000  
PPO linea    [################------------]  59.6% 29789/50000 |  111.1/s | elapsed 4m 28s | eta 3m 2s | process workers | seats 10 | tracked 15 | cur 1 hist 1 boot 2 teach 3 base 1 heur 2 | avg reward -0.000 
PPO linea    [################------------]  59.6% 29811/50000 |  111.1/s | elapsed 4m 28s | eta 3m 2s | process workers | seats 2 | tracked 15 | cur 1 hist 0 boot 0 teach 0 base 1 heur 0 | avg reward -0.000  
PPO linea    [################------------]  59.7% 29833/50000 |  111.1/s | elapsed 4m 29s | eta 3m 2s | process workers | seats 10 | tracked 15 | cur 1 hist 4 boot 1 teach 3 base 1 heur 0 | avg reward -0.000 
PPO linea    [################------------]  59.7% 29855/50000 |  111.1/s | elapsed 4m 29s | eta 3m 1s | process workers | seats 4 | tracked 15 | cur 1 hist 2 boot 0 teach 1 base 0 heur 0 | avg reward -0.000  
PPO linea    [################------------]  59.8% 29877/50000 |  111.1/s | elapsed 4m 29s | eta 3m 1s | process workers | seats 8 | tracked 15 | cur 1 hist 1 boot 0 teach 4 base 1 heur 1 | avg reward -0.000  
PPO linea    [################------------]  59.8% 29899/50000 |  111.1/s | elapsed 4m 29s | eta 3m 1s | process workers | seats 10 | tracked 15 | cur 1 hist 2 boot 3 teach 2 base 2 heur 0 | avg reward -0.000 
PPO linea    [################------------]  59.8% 29921/50000 |  111.1/s | elapsed 4m 29s | eta 3m 1s | process workers | seats 10 | tracked 15 | cur 1 hist 3 boot 1 teach 3 base 2 heur 0 | avg reward -0.000 
PPO linea    [################------------]  59.9% 29943/50000 |  111.1/s | elapsed 4m 30s | eta 3m 1s | process workers | seats 10 | tracked 30 | cur 2 hist 2 boot 0 teach 5 base 1 heur 0 | avg reward -0.000 
PPO linea    [################------------]  59.9% 29965/50000 |  111.1/s | elapsed 4m 30s | eta 3m 0s | process workers | seats 4 | tracked 15 | cur 1 hist 0 boot 1 teach 2 base 0 heur 0 | avg reward -0.000  
PPO linea    [################------------]  60.0% 29987/50000 |  111.1/s | elapsed 4m 30s | eta 3m 0s | process workers | seats 8 | tracked 15 | cur 1 hist 0 boot 2 teach 5 base 0 heur 0 | avg reward -0.000  
PPO linea    [################------------]  60.0% 30009/50000 |  111.1/s | elapsed 4m 30s | eta 3m 0s | process workers | seats 6 | tracked 15 | cur 1 hist 1 boot 1 teach 2 base 1 heur 0 | avg reward -0.000  
PPO linea    [################------------]  60.1% 30031/50000 |  111.1/s | elapsed 4m 30s | eta 3m 0s | process workers | seats 4 | tracked 15 | cur 1 hist 0 boot 0 teach 2 base 1 heur 0 | avg reward -0.000  
PPO linea    [################------------]  60.1% 30053/50000 |  111.1/s | elapsed 4m 31s | eta 3m 0s | process workers | seats 6 | tracked 15 | cur 1 hist 0 boot 1 teach 3 base 1 heur 0 | avg reward -0.000  
PPO linea    [################------------]  60.2% 30075/50000 |  111.1/s | elapsed 4m 31s | eta 2m 59s | process workers | seats 10 | tracked 30 | cur 2 hist 1 boot 0 teach 3 base 4 heur 0 | avg reward -0.000
PPO linea    [################------------]  60.2% 30097/50000 |  111.1/s | elapsed 4m 31s | eta 2m 59s | process workers | seats 6 | tracked 15 | cur 1 hist 0 boot 3 teach 1 base 1 heur 0 | avg reward -0.000 
PPO linea    [################------------]  60.2% 30119/50000 |  111.1/s | elapsed 4m 31s | eta 2m 59s | process workers | seats 6 | tracked 15 | cur 1 hist 2 boot 0 teach 2 base 0 heur 1 | avg reward -0.000 
PPO linea    [################------------]  60.3% 30141/50000 |  111.1/s | elapsed 4m 31s | eta 2m 59s | process workers | seats 4 | tracked 15 | cur 1 hist 0 boot 1 teach 1 base 1 heur 0 | avg reward -0.000 
PPO linea    [################------------]  60.3% 30163/50000 |  111.1/s | elapsed 4m 32s | eta 2m 59s | process workers | seats 8 | tracked 15 | cur 1 hist 2 boot 0 teach 3 base 1 heur 1 | avg reward -0.000 
PPO linea    [################------------]  60.4% 30185/50000 |  111.1/s | elapsed 4m 32s | eta 2m 58s | process workers | seats 6 | tracked 15 | cur 1 hist 2 boot 2 teach 0 base 1 heur 0 | avg reward -0.000 
PPO linea    [################------------]  60.4% 30207/50000 |  111.1/s | elapsed 4m 32s | eta 2m 58s | process workers | seats 8 | tracked 15 | cur 1 hist 2 boot 1 teach 3 base 1 heur 0 | avg reward -0.000 
PPO linea    [################------------]  60.5% 30229/50000 |  111.1/s | elapsed 4m 32s | eta 2m 58s | process workers | seats 8 | tracked 30 | cur 2 hist 2 boot 2 teach 1 base 1 heur 0 | avg reward -0.000 
PPO linea    [################------------]  60.5% 30251/50000 |  111.1/s | elapsed 4m 32s | eta 2m 58s | process workers | seats 2 | tracked 15 | cur 1 hist 0 boot 1 teach 0 base 0 heur 0 | avg reward -0.000 
PPO linea    [################------------]  60.5% 30273/50000 |  111.1/s | elapsed 4m 33s | eta 2m 58s | process workers | seats 4 | tracked 15 | cur 1 hist 0 boot 2 teach 0 base 1 heur 0 | avg reward -0.000 
PPO linea    [################------------]  60.6% 30295/50000 |  111.1/s | elapsed 4m 33s | eta 2m 57s | process workers | seats 10 | tracked 15 | cur 1 hist 2 boot 3 teach 2 base 2 heur 0 | avg reward -0.000
PPO linea    [################------------]  60.6% 30317/50000 |  111.1/s | elapsed 4m 33s | eta 2m 57s | process workers | seats 8 | tracked 30 | cur 2 hist 2 boot 0 teach 3 base 1 heur 0 | avg reward -0.000 
PPO linea    [################------------]  60.7% 30339/50000 |  111.1/s | elapsed 4m 33s | eta 2m 57s | process workers | seats 8 | tracked 15 | cur 1 hist 2 boot 2 teach 0 base 3 heur 0 | avg reward -0.000 
PPO linea    [#################-----------]  60.7% 30361/50000 |  111.1/s | elapsed 4m 33s | eta 2m 57s | process workers | seats 6 | tracked 15 | cur 1 hist 0 boot 0 teach 4 base 1 heur 0 | avg reward -0.000 
PPO linea    [#################-----------]  60.8% 30383/50000 |  111.1/s | elapsed 4m 34s | eta 2m 57s | process workers | seats 8 | tracked 30 | cur 2 hist 0 boot 1 teach 3 base 2 heur 0 | avg reward -0.000 
PPO linea    [#################-----------]  60.8% 30405/50000 |  111.1/s | elapsed 4m 34s | eta 2m 56s | process workers | seats 8 | tracked 15 | cur 1 hist 2 boot 2 teach 2 base 1 heur 0 | avg reward -0.000 
PPO linea    [#################-----------]  60.9% 30427/50000 |  111.1/s | elapsed 4m 34s | eta 2m 56s | process workers | seats 10 | tracked 15 | cur 1 hist 0 boot 2 teach 4 base 1 heur 2 | avg reward -0.000
PPO linea    [#################-----------]  60.9% 30449/50000 |  111.1/s | elapsed 4m 34s | eta 2m 56s | process workers | seats 10 | tracked 15 | cur 1 hist 2 boot 1 teach 4 base 1 heur 1 | avg reward -0.000
PPO linea    [#################-----------]  60.9% 30471/50000 |  111.1/s | elapsed 4m 34s | eta 2m 56s | process workers | seats 4 | tracked 15 | cur 1 hist 2 boot 1 teach 0 base 0 heur 0 | avg reward -0.000 
PPO linea    [#################-----------]  61.0% 30493/50000 |  111.1/s | elapsed 4m 34s | eta 2m 56s | process workers | seats 8 | tracked 30 | cur 2 hist 2 boot 2 teach 2 base 0 heur 0 | avg reward -0.000 
PPO linea    [#################-----------]  61.0% 30515/50000 |  111.1/s | elapsed 4m 35s | eta 2m 55s | process workers | seats 10 | tracked 15 | cur 1 hist 5 boot 1 teach 2 base 0 heur 1 | avg reward -0.000
PPO linea    [#################-----------]  61.1% 30537/50000 |  111.1/s | elapsed 4m 35s | eta 2m 55s | process workers | seats 8 | tracked 15 | cur 1 hist 1 boot 0 teach 5 base 1 heur 0 | avg reward -0.000 
PPO linea    [#################-----------]  61.1% 30559/50000 |  111.1/s | elapsed 4m 35s | eta 2m 55s | process workers | seats 10 | tracked 30 | cur 2 hist 3 boot 1 teach 3 base 1 heur 0 | avg reward -0.000
PPO linea    [#################-----------]  61.2% 30581/50000 |  111.1/s | elapsed 4m 35s | eta 2m 55s | process workers | seats 10 | tracked 30 | cur 2 hist 4 boot 0 teach 2 base 1 heur 1 | avg reward -0.000
PPO linea    [#################-----------]  61.2% 30603/50000 |  111.1/s | elapsed 4m 35s | eta 2m 55s | process workers | seats 6 | tracked 15 | cur 1 hist 1 boot 1 teach 2 base 1 heur 0 | avg reward -0.000 
PPO linea    [#################-----------]  61.3% 30625/50000 |  111.1/s | elapsed 4m 36s | eta 2m 54s | process workers | seats 10 | tracked 15 | cur 1 hist 0 boot 5 teach 4 base 0 heur 0 | avg reward -0.000
PPO linea    [#################-----------]  61.3% 30647/50000 |  111.1/s | elapsed 4m 36s | eta 2m 54s | process workers | seats 6 | tracked 15 | cur 1 hist 0 boot 0 teach 1 base 4 heur 0 | avg reward -0.000 
PPO linea    [#################-----------]  61.3% 30669/50000 |  111.1/s | elapsed 4m 36s | eta 2m 54s | process workers | seats 8 | tracked 15 | cur 1 hist 1 boot 2 teach 3 base 1 heur 0 | avg reward -0.000 
PPO linea    [#################-----------]  61.4% 30691/50000 |  111.1/s | elapsed 4m 36s | eta 2m 54s | process workers | seats 4 | tracked 15 | cur 1 hist 1 boot 0 teach 1 base 1 heur 0 | avg reward -0.000 
PPO linea    [#################-----------]  61.4% 30713/50000 |  111.1/s | elapsed 4m 36s | eta 2m 54s | process workers | seats 4 | tracked 15 | cur 1 hist 0 boot 1 teach 1 base 1 heur 0 | avg reward -0.000 
PPO linea    [#################-----------]  61.5% 30735/50000 |  111.1/s | elapsed 4m 37s | eta 2m 53s | process workers | seats 6 | tracked 15 | cur 1 hist 1 boot 2 teach 2 base 0 heur 0 | avg reward -0.000 
PPO linea    [#################-----------]  61.5% 30757/50000 |  111.2/s | elapsed 4m 37s | eta 2m 53s | process workers | seats 6 | tracked 15 | cur 1 hist 0 boot 2 teach 2 base 1 heur 0 | avg reward -0.000 
PPO linea    [#################-----------]  61.6% 30779/50000 |  111.1/s | elapsed 4m 37s | eta 2m 53s | process workers | seats 10 | tracked 15 | cur 1 hist 1 boot 3 teach 5 base 0 heur 0 | avg reward -0.000
PPO linea    [#################-----------]  61.6% 30801/50000 |  111.1/s | elapsed 4m 37s | eta 2m 53s | process workers | seats 8 | tracked 15 | cur 1 hist 3 boot 2 teach 2 base 0 heur 0 | avg reward -0.000 
PPO linea    [#################-----------]  61.6% 30823/50000 |  111.1/s | elapsed 4m 37s | eta 2m 53s | process workers | seats 4 | tracked 15 | cur 1 hist 1 boot 1 teach 0 base 1 heur 0 | avg reward -0.000 
PPO linea    [#################-----------]  61.7% 30845/50000 |  111.1/s | elapsed 4m 38s | eta 2m 52s | process workers | seats 2 | tracked 15 | cur 1 hist 1 boot 0 teach 0 base 0 heur 0 | avg reward -0.000 
PPO linea    [#################-----------]  61.7% 30867/50000 |  111.1/s | elapsed 4m 38s | eta 2m 52s | process workers | seats 10 | tracked 30 | cur 2 hist 0 boot 1 teach 2 base 4 heur 1 | avg reward -0.000
PPO linea    [#################-----------]  61.8% 30889/50000 |  111.1/s | elapsed 4m 38s | eta 2m 52s | process workers | seats 8 | tracked 30 | cur 2 hist 1 boot 0 teach 3 base 2 heur 0 | avg reward -0.000 
PPO linea    [#################-----------]  61.8% 30911/50000 |  111.1/s | elapsed 4m 38s | eta 2m 52s | process workers | seats 8 | tracked 30 | cur 2 hist 1 boot 2 teach 1 base 1 heur 1 | avg reward -0.000 
PPO linea    [#################-----------]  61.9% 30933/50000 |  111.1/s | elapsed 4m 38s | eta 2m 52s | process workers | seats 10 | tracked 15 | cur 1 hist 4 boot 0 teach 4 base 1 heur 0 | avg reward -0.000
PPO linea    [#################-----------]  61.9% 30955/50000 |  111.1/s | elapsed 4m 39s | eta 2m 51s | process workers | seats 6 | tracked 15 | cur 1 hist 1 boot 1 teach 0 base 3 heur 0 | avg reward -0.000 
PPO linea    [#################-----------]  62.0% 30977/50000 |  111.1/s | elapsed 4m 39s | eta 2m 51s | process workers | seats 6 | tracked 15 | cur 1 hist 2 boot 2 teach 1 base 0 heur 0 | avg reward -0.000 
PPO linea    [#################-----------]  62.0% 30999/50000 |  111.2/s | elapsed 4m 39s | eta 2m 51s | process workers | seats 4 | tracked 15 | cur 1 hist 0 boot 1 teach 1 base 0 heur 1 | avg reward -0.000 
PPO linea    [#################-----------]  62.0% 31021/50000 |  111.2/s | elapsed 4m 39s | eta 2m 51s | process workers | seats 6 | tracked 15 | cur 1 hist 1 boot 0 teach 4 base 0 heur 0 | avg reward -0.000 
PPO linea    [#################-----------]  62.1% 31043/50000 |  111.2/s | elapsed 4m 39s | eta 2m 51s | process workers | seats 10 | tracked 15 | cur 1 hist 1 boot 1 teach 5 base 1 heur 1 | avg reward -0.000
PPO linea    [#################-----------]  62.1% 31065/50000 |  111.2/s | elapsed 4m 39s | eta 2m 50s | process workers | seats 8 | tracked 15 | cur 1 hist 0 boot 0 teach 5 base 2 heur 0 | avg reward -0.000 
PPO linea    [#################-----------]  62.2% 31087/50000 |  111.2/s | elapsed 4m 40s | eta 2m 50s | process workers | seats 2 | tracked 15 | cur 1 hist 0 boot 0 teach 1 base 0 heur 0 | avg reward -0.000 
PPO linea    [#################-----------]  62.2% 31109/50000 |  111.2/s | elapsed 4m 40s | eta 2m 50s | process workers | seats 8 | tracked 15 | cur 1 hist 2 boot 1 teach 2 base 2 heur 0 | avg reward -0.000 
PPO linea    [#################-----------]  62.3% 31131/50000 |  111.2/s | elapsed 4m 40s | eta 2m 50s | process workers | seats 10 | tracked 30 | cur 2 hist 2 boot 0 teach 5 base 1 heur 0 | avg reward -0.000
PPO linea    [#################-----------]  62.3% 31153/50000 |  111.2/s | elapsed 4m 40s | eta 2m 50s | process workers | seats 8 | tracked 15 | cur 1 hist 3 boot 0 teach 4 base 0 heur 0 | avg reward -0.000 
PPO linea    [#################-----------]  62.4% 31175/50000 |  111.2/s | elapsed 4m 40s | eta 2m 49s | process workers | seats 4 | tracked 15 | cur 1 hist 0 boot 0 teach 2 base 1 heur 0 | avg reward -0.000 
PPO linea    [#################-----------]  62.4% 31197/50000 |  111.2/s | elapsed 4m 41s | eta 2m 49s | process workers | seats 6 | tracked 15 | cur 1 hist 1 boot 0 teach 4 base 0 heur 0 | avg reward -0.000 
PPO linea    [#################-----------]  62.4% 31219/50000 |  111.2/s | elapsed 4m 41s | eta 2m 49s | process workers | seats 4 | tracked 15 | cur 1 hist 2 boot 0 teach 1 base 0 heur 0 | avg reward -0.000 
PPO linea    [#################-----------]  62.5% 31241/50000 |  111.2/s | elapsed 4m 41s | eta 2m 49s | process workers | seats 10 | tracked 15 | cur 1 hist 2 boot 1 teach 4 base 0 heur 2 | avg reward -0.000
PPO linea    [#################-----------]  62.5% 31263/50000 |  111.2/s | elapsed 4m 41s | eta 2m 48s | process workers | seats 10 | tracked 15 | cur 1 hist 2 boot 3 teach 1 base 2 heur 1 | avg reward -0.000
PPO linea    [#################-----------]  62.6% 31285/50000 |  111.2/s | elapsed 4m 41s | eta 2m 48s | process workers | seats 2 | tracked 15 | cur 1 hist 0 boot 0 teach 0 base 1 heur 0 | avg reward -0.000 
PPO linea    [#################-----------]  62.6% 31307/50000 |  111.2/s | elapsed 4m 41s | eta 2m 48s | process workers | seats 4 | tracked 15 | cur 1 hist 1 boot 1 teach 1 base 0 heur 0 | avg reward -0.000 
PPO linea    [#################-----------]  62.7% 31329/50000 |  111.2/s | elapsed 4m 42s | eta 2m 48s | process workers | seats 6 | tracked 15 | cur 1 hist 2 boot 0 teach 3 base 0 heur 0 | avg reward -0.000 
PPO linea    [#################-----------]  62.7% 31351/50000 |  111.2/s | elapsed 4m 42s | eta 2m 48s | process workers | seats 8 | tracked 15 | cur 1 hist 2 boot 1 teach 3 base 1 heur 0 | avg reward -0.000 
PPO linea    [#################-----------]  62.7% 31373/50000 |  111.2/s | elapsed 4m 42s | eta 2m 47s | process workers | seats 10 | tracked 15 | cur 1 hist 2 boot 0 teach 4 base 2 heur 1 | avg reward -0.000
PPO linea    [#################-----------]  62.8% 31395/50000 |  111.2/s | elapsed 4m 42s | eta 2m 47s | process workers | seats 10 | tracked 15 | cur 1 hist 3 boot 2 teach 4 base 0 heur 0 | avg reward -0.000
PPO linea    [#################-----------]  62.8% 31417/50000 |  111.2/s | elapsed 4m 42s | eta 2m 47s | process workers | seats 10 | tracked 30 | cur 2 hist 1 boot 1 teach 4 base 1 heur 1 | avg reward -0.000
PPO linea    [#################-----------]  62.9% 31439/50000 |  111.3/s | elapsed 4m 43s | eta 2m 47s | process workers | seats 8 | tracked 15 | cur 1 hist 2 boot 1 teach 1 base 3 heur 0 | avg reward -0.000 
PPO linea    [#################-----------]  62.9% 31461/50000 |  111.3/s | elapsed 4m 43s | eta 2m 47s | process workers | seats 6 | tracked 15 | cur 1 hist 2 boot 0 teach 1 base 1 heur 1 | avg reward -0.000 
PPO linea    [#################-----------]  63.0% 31483/50000 |  111.3/s | elapsed 4m 43s | eta 2m 46s | process workers | seats 6 | tracked 15 | cur 1 hist 1 boot 1 teach 2 base 1 heur 0 | avg reward -0.000 
PPO linea    [#################-----------]  63.0% 31505/50000 |  111.3/s | elapsed 4m 43s | eta 2m 46s | process workers | seats 4 | tracked 15 | cur 1 hist 0 boot 0 teach 1 base 2 heur 0 | avg reward -0.000 
PPO linea    [#################-----------]  63.1% 31527/50000 |  111.3/s | elapsed 4m 43s | eta 2m 46s | process workers | seats 8 | tracked 30 | cur 2 hist 4 boot 1 teach 0 base 1 heur 0 | avg reward -0.000 
PPO linea    [#################-----------]  63.1% 31549/50000 |  111.2/s | elapsed 4m 44s | eta 2m 46s | process workers | seats 4 | tracked 15 | cur 1 hist 2 boot 0 teach 1 base 0 heur 0 | avg reward -0.000 
PPO linea    [#################-----------]  63.1% 31571/50000 |  111.2/s | elapsed 4m 44s | eta 2m 46s | process workers | seats 10 | tracked 30 | cur 2 hist 2 boot 1 teach 3 base 2 heur 0 | avg reward -0.000
PPO linea    [#################-----------]  63.2% 31593/50000 |  111.3/s | elapsed 4m 44s | eta 2m 45s | process workers | seats 8 | tracked 15 | cur 1 hist 0 boot 2 teach 1 base 3 heur 1 | avg reward -0.000 
PPO linea    [#################-----------]  63.2% 31615/50000 |  111.2/s | elapsed 4m 44s | eta 2m 45s | process workers | seats 6 | tracked 15 | cur 1 hist 3 boot 0 teach 1 base 1 heur 0 | avg reward -0.000 
PPO linea    [#################-----------]  63.3% 31637/50000 |  111.2/s | elapsed 4m 44s | eta 2m 45s | process workers | seats 6 | tracked 15 | cur 1 hist 1 boot 1 teach 1 base 2 heur 0 | avg reward -0.000 
PPO linea    [#################-----------]  63.3% 31659/50000 |  111.2/s | elapsed 4m 45s | eta 2m 45s | process workers | seats 2 | tracked 15 | cur 1 hist 0 boot 0 teach 1 base 0 heur 0 | avg reward -0.000 
PPO linea    [#################-----------]  63.4% 31681/50000 |  111.2/s | elapsed 4m 45s | eta 2m 45s | process workers | seats 8 | tracked 15 | cur 1 hist 0 boot 2 teach 4 base 1 heur 0 | avg reward -0.000 
PPO linea    [#################-----------]  63.4% 31703/50000 |  111.2/s | elapsed 4m 45s | eta 2m 45s | process workers | seats 8 | tracked 15 | cur 1 hist 2 boot 2 teach 2 base 1 heur 0 | avg reward -0.000 
PPO linea    [#################-----------]  63.4% 31725/50000 |  111.2/s | elapsed 4m 45s | eta 2m 44s | process workers | seats 2 | tracked 15 | cur 1 hist 0 boot 0 teach 0 base 1 heur 0 | avg reward -0.000 
PPO linea    [#################-----------]  63.5% 31747/50000 |  111.2/s | elapsed 4m 45s | eta 2m 44s | process workers | seats 4 | tracked 15 | cur 1 hist 1 boot 0 teach 2 base 0 heur 0 | avg reward -0.000 
PPO linea    [#################-----------]  63.5% 31769/50000 |  111.3/s | elapsed 4m 46s | eta 2m 44s | process workers | seats 8 | tracked 15 | cur 1 hist 1 boot 0 teach 4 base 2 heur 0 | avg reward -0.000 
PPO linea    [#################-----------]  63.6% 31791/50000 |  111.3/s | elapsed 4m 46s | eta 2m 44s | process workers | seats 6 | tracked 15 | cur 1 hist 1 boot 0 teach 1 base 2 heur 1 | avg reward -0.000 
PPO linea    [#################-----------]  63.6% 31813/50000 |  111.3/s | elapsed 4m 46s | eta 2m 43s | process workers | seats 4 | tracked 15 | cur 1 hist 0 boot 0 teach 1 base 1 heur 1 | avg reward -0.000 
PPO linea    [#################-----------]  63.7% 31835/50000 |  111.3/s | elapsed 4m 46s | eta 2m 43s | process workers | seats 6 | tracked 15 | cur 1 hist 0 boot 1 teach 3 base 1 heur 0 | avg reward -0.000 
PPO linea    [#################-----------]  63.7% 31857/50000 |  111.3/s | elapsed 4m 46s | eta 2m 43s | process workers | seats 6 | tracked 15 | cur 1 hist 0 boot 1 teach 2 base 1 heur 1 | avg reward -0.000 
PPO linea    [#################-----------]  63.8% 31879/50000 |  111.3/s | elapsed 4m 47s | eta 2m 43s | process workers | seats 10 | tracked 30 | cur 2 hist 2 boot 1 teach 3 base 1 heur 1 | avg reward -0.000
PPO linea    [#################-----------]  63.8% 31901/50000 |  111.3/s | elapsed 4m 47s | eta 2m 43s | process workers | seats 2 | tracked 15 | cur 1 hist 0 boot 0 teach 0 base 0 heur 1 | avg reward -0.000 
PPO linea    [#################-----------]  63.8% 31923/50000 |  111.3/s | elapsed 4m 47s | eta 2m 42s | process workers | seats 4 | tracked 15 | cur 1 hist 1 boot 0 teach 2 base 0 heur 0 | avg reward -0.000 
PPO linea    [#################-----------]  63.9% 31945/50000 |  111.3/s | elapsed 4m 47s | eta 2m 42s | process workers | seats 8 | tracked 15 | cur 1 hist 2 boot 2 teach 3 base 0 heur 0 | avg reward -0.000 
PPO linea    [#################-----------]  63.9% 31967/50000 |  111.3/s | elapsed 4m 47s | eta 2m 42s | process workers | seats 4 | tracked 15 | cur 1 hist 1 boot 1 teach 1 base 0 heur 0 | avg reward -0.000 
PPO linea    [#################-----------]  64.0% 31989/50000 |  111.3/s | elapsed 4m 47s | eta 2m 42s | process workers | seats 10 | tracked 15 | cur 1 hist 1 boot 2 teach 5 base 1 heur 0 | avg reward -0.000
PPO linea    [#################-----------]  64.0% 32011/50000 |  111.3/s | elapsed 4m 48s | eta 2m 42s | process workers | seats 4 | tracked 15 | cur 1 hist 0 boot 1 teach 2 base 0 heur 0 | avg reward -0.000 
PPO linea    [#################-----------]  64.1% 32033/50000 |  111.3/s | elapsed 4m 48s | eta 2m 41s | process workers | seats 2 | tracked 15 | cur 1 hist 1 boot 0 teach 0 base 0 heur 0 | avg reward -0.000 
PPO linea    [#################-----------]  64.1% 32055/50000 |  111.3/s | elapsed 4m 48s | eta 2m 41s | process workers | seats 4 | tracked 15 | cur 1 hist 2 boot 1 teach 0 base 0 heur 0 | avg reward -0.000 
PPO linea    [#################-----------]  64.2% 32077/50000 |  111.3/s | elapsed 4m 48s | eta 2m 41s | process workers | seats 10 | tracked 15 | cur 1 hist 4 boot 0 teach 2 base 2 heur 1 | avg reward -0.000
PPO linea    [#################-----------]  64.2% 32099/50000 |  111.3/s | elapsed 4m 48s | eta 2m 41s | process workers | seats 10 | tracked 30 | cur 2 hist 0 boot 1 teach 5 base 2 heur 0 | avg reward -0.000
PPO linea    [#################-----------]  64.2% 32121/50000 |  111.3/s | elapsed 4m 49s | eta 2m 41s | process workers | seats 6 | tracked 15 | cur 1 hist 3 boot 0 teach 1 base 1 heur 0 | avg reward -0.000 
PPO linea    [##################----------]  64.3% 32143/50000 |  111.3/s | elapsed 4m 49s | eta 2m 40s | process workers | seats 10 | tracked 15 | cur 1 hist 4 boot 2 teach 2 base 1 heur 0 | avg reward -0.000
PPO linea    [##################----------]  64.3% 32165/50000 |  111.3/s | elapsed 4m 49s | eta 2m 40s | process workers | seats 10 | tracked 15 | cur 1 hist 0 boot 2 teach 5 base 2 heur 0 | avg reward -0.000
PPO linea    [##################----------]  64.4% 32187/50000 |  111.3/s | elapsed 4m 49s | eta 2m 40s | process workers | seats 2 | tracked 15 | cur 1 hist 0 boot 0 teach 1 base 0 heur 0 | avg reward -0.000 
PPO linea    [##################----------]  64.4% 32209/50000 |  111.3/s | elapsed 4m 49s | eta 2m 40s | process workers | seats 10 | tracked 15 | cur 1 hist 1 boot 0 teach 2 base 4 heur 2 | avg reward -0.000
PPO linea    [##################----------]  64.5% 32231/50000 |  111.3/s | elapsed 4m 50s | eta 2m 40s | process workers | seats 10 | tracked 30 | cur 2 hist 2 boot 0 teach 4 base 1 heur 1 | avg reward -0.000
PPO linea    [##################----------]  64.5% 32253/50000 |  111.3/s | elapsed 4m 50s | eta 2m 39s | process workers | seats 6 | tracked 15 | cur 1 hist 1 boot 1 teach 2 base 1 heur 0 | avg reward -0.000 
PPO linea    [##################----------]  64.5% 32275/50000 |  111.3/s | elapsed 4m 50s | eta 2m 39s | process workers | seats 8 | tracked 15 | cur 1 hist 1 boot 1 teach 3 base 2 heur 0 | avg reward -0.000 
PPO linea    [##################----------]  64.6% 32297/50000 |  111.3/s | elapsed 4m 50s | eta 2m 39s | process workers | seats 10 | tracked 15 | cur 1 hist 0 boot 4 teach 4 base 1 heur 0 | avg reward -0.000
PPO linea    [##################----------]  64.6% 32319/50000 |  111.3/s | elapsed 4m 50s | eta 2m 39s | process workers | seats 10 | tracked 15 | cur 1 hist 2 boot 1 teach 4 base 2 heur 0 | avg reward -0.000
PPO linea    [##################----------]  64.7% 32341/50000 |  111.3/s | elapsed 4m 51s | eta 2m 39s | process workers | seats 4 | tracked 15 | cur 1 hist 1 boot 1 teach 1 base 0 heur 0 | avg reward -0.000 
PPO linea    [##################----------]  64.7% 32363/50000 |  111.3/s | elapsed 4m 51s | eta 2m 38s | process workers | seats 10 | tracked 15 | cur 1 hist 3 boot 2 teach 2 base 1 heur 1 | avg reward -0.000
PPO linea    [##################----------]  64.8% 32385/50000 |  111.3/s | elapsed 4m 51s | eta 2m 38s | process workers | seats 6 | tracked 15 | cur 1 hist 1 boot 1 teach 1 base 2 heur 0 | avg reward -0.000 
PPO linea    [##################----------]  64.8% 32407/50000 |  111.3/s | elapsed 4m 51s | eta 2m 38s | process workers | seats 4 | tracked 15 | cur 1 hist 0 boot 1 teach 1 base 0 heur 1 | avg reward -0.000 
PPO linea    [##################----------]  64.9% 32429/50000 |  111.3/s | elapsed 4m 51s | eta 2m 38s | process workers | seats 10 | tracked 30 | cur 2 hist 1 boot 0 teach 6 base 1 heur 0 | avg reward -0.000
PPO linea    [##################----------]  64.9% 32451/50000 |  111.3/s | elapsed 4m 52s | eta 2m 38s | process workers | seats 6 | tracked 15 | cur 1 hist 0 boot 1 teach 3 base 0 heur 1 | avg reward -0.000 
PPO linea    [##################----------]  64.9% 32473/50000 |  111.3/s | elapsed 4m 52s | eta 2m 37s | process workers | seats 6 | tracked 15 | cur 1 hist 1 boot 0 teach 4 base 0 heur 0 | avg reward -0.000 
PPO linea    [##################----------]  65.0% 32495/50000 |  111.3/s | elapsed 4m 52s | eta 2m 37s | process workers | seats 6 | tracked 15 | cur 1 hist 2 boot 0 teach 1 base 2 heur 0 | avg reward -0.000 
PPO linea    [##################----------]  65.0% 32517/50000 |  111.3/s | elapsed 4m 52s | eta 2m 37s | process workers | seats 10 | tracked 15 | cur 1 hist 4 boot 0 teach 3 base 2 heur 0 | avg reward -0.000
PPO linea    [##################----------]  65.1% 32539/50000 |  111.3/s | elapsed 4m 52s | eta 2m 37s | process workers | seats 6 | tracked 15 | cur 1 hist 2 boot 0 teach 1 base 2 heur 0 | avg reward -0.000 
PPO linea    [##################----------]  65.1% 32561/50000 |  111.3/s | elapsed 4m 53s | eta 2m 37s | process workers | seats 8 | tracked 15 | cur 1 hist 0 boot 1 teach 3 base 3 heur 0 | avg reward -0.000 
PPO linea    [##################----------]  65.2% 32583/50000 |  111.3/s | elapsed 4m 53s | eta 2m 37s | process workers | seats 10 | tracked 15 | cur 1 hist 2 boot 0 teach 7 base 0 heur 0 | avg reward -0.000
PPO linea    [##################----------]  65.2% 32605/50000 |  111.3/s | elapsed 4m 53s | eta 2m 36s | process workers | seats 8 | tracked 30 | cur 2 hist 1 boot 1 teach 4 base 0 heur 0 | avg reward -0.000 
PPO linea    [##################----------]  65.3% 32627/50000 |  111.3/s | elapsed 4m 53s | eta 2m 36s | process workers | seats 4 | tracked 15 | cur 1 hist 1 boot 0 teach 1 base 0 heur 1 | avg reward -0.000 
PPO linea    [##################----------]  65.3% 32649/50000 |  111.3/s | elapsed 4m 53s | eta 2m 36s | process workers | seats 10 | tracked 30 | cur 2 hist 1 boot 2 teach 5 base 0 heur 0 | avg reward -0.000
PPO linea    [##################----------]  65.3% 32671/50000 |  111.3/s | elapsed 4m 54s | eta 2m 36s | process workers | seats 10 | tracked 15 | cur 1 hist 3 boot 3 teach 2 base 1 heur 0 | avg reward -0.000
PPO linea    [##################----------]  65.4% 32693/50000 |  111.3/s | elapsed 4m 54s | eta 2m 36s | process workers | seats 4 | tracked 15 | cur 1 hist 1 boot 1 teach 1 base 0 heur 0 | avg reward -0.000 
PPO linea    [##################----------]  65.4% 32715/50000 |  111.3/s | elapsed 4m 54s | eta 2m 35s | process workers | seats 10 | tracked 30 | cur 2 hist 0 boot 1 teach 6 base 1 heur 0 | avg reward -0.000
PPO linea    [##################----------]  65.5% 32737/50000 |  111.3/s | elapsed 4m 54s | eta 2m 35s | process workers | seats 10 | tracked 15 | cur 1 hist 1 boot 2 teach 3 base 3 heur 0 | avg reward -0.000
PPO linea    [##################----------]  65.5% 32759/50000 |  111.3/s | elapsed 4m 54s | eta 2m 35s | process workers | seats 6 | tracked 15 | cur 1 hist 3 boot 2 teach 0 base 0 heur 0 | avg reward -0.000 
PPO linea    [##################----------]  65.6% 32781/50000 |  111.3/s | elapsed 4m 55s | eta 2m 35s | process workers | seats 2 | tracked 15 | cur 1 hist 0 boot 0 teach 1 base 0 heur 0 | avg reward -0.000 
PPO linea    [##################----------]  65.6% 32803/50000 |  111.3/s | elapsed 4m 55s | eta 2m 35s | process workers | seats 8 | tracked 30 | cur 2 hist 2 boot 2 teach 2 base 0 heur 0 | avg reward -0.000 
PPO linea    [##################----------]  65.6% 32825/50000 |  111.3/s | elapsed 4m 55s | eta 2m 34s | process workers | seats 10 | tracked 30 | cur 2 hist 2 boot 2 teach 1 base 2 heur 1 | avg reward -0.000
PPO linea    [##################----------]  65.7% 32847/50000 |  111.3/s | elapsed 4m 55s | eta 2m 34s | process workers | seats 6 | tracked 15 | cur 1 hist 0 boot 2 teach 1 base 0 heur 2 | avg reward -0.000 
PPO linea    [##################----------]  65.7% 32869/50000 |  111.3/s | elapsed 4m 55s | eta 2m 34s | process workers | seats 10 | tracked 15 | cur 1 hist 1 boot 0 teach 5 base 3 heur 0 | avg reward -0.000
PPO linea    [##################----------]  65.8% 32891/50000 |  111.3/s | elapsed 4m 56s | eta 2m 34s | process workers | seats 8 | tracked 15 | cur 1 hist 1 boot 1 teach 3 base 2 heur 0 | avg reward -0.000 
PPO linea    [##################----------]  65.8% 32913/50000 |  111.3/s | elapsed 4m 56s | eta 2m 34s | process workers | seats 10 | tracked 15 | cur 1 hist 3 boot 3 teach 3 base 0 heur 0 | avg reward -0.000
PPO linea    [##################----------]  65.9% 32935/50000 |  111.3/s | elapsed 4m 56s | eta 2m 33s | process workers | seats 10 | tracked 30 | cur 2 hist 1 boot 2 teach 4 base 1 heur 0 | avg reward -0.000
PPO linea    [##################----------]  65.9% 32957/50000 |  111.3/s | elapsed 4m 56s | eta 2m 33s | process workers | seats 2 | tracked 15 | cur 1 hist 1 boot 0 teach 0 base 0 heur 0 | avg reward -0.000 
PPO linea    [##################----------]  66.0% 32979/50000 |  111.3/s | elapsed 4m 56s | eta 2m 33s | process workers | seats 8 | tracked 15 | cur 1 hist 1 boot 0 teach 5 base 1 heur 0 | avg reward -0.000 
PPO linea    [##################----------]  66.0% 33001/50000 |  111.3/s | elapsed 4m 57s | eta 2m 33s | process workers | seats 6 | tracked 15 | cur 1 hist 2 boot 0 teach 1 base 1 heur 1 | avg reward -0.000 
PPO linea    [##################----------]  66.0% 33023/50000 |  111.3/s | elapsed 4m 57s | eta 2m 33s | process workers | seats 10 | tracked 30 | cur 2 hist 2 boot 0 teach 2 base 2 heur 2 | avg reward -0.000
PPO linea    [##################----------]  66.1% 33045/50000 |  111.3/s | elapsed 4m 57s | eta 2m 32s | process workers | seats 6 | tracked 15 | cur 1 hist 1 boot 0 teach 3 base 1 heur 0 | avg reward -0.000 
PPO linea    [##################----------]  66.1% 33067/50000 |  111.3/s | elapsed 4m 57s | eta 2m 32s | process workers | seats 8 | tracked 30 | cur 2 hist 1 boot 2 teach 1 base 2 heur 0 | avg reward -0.000 
PPO linea    [##################----------]  66.2% 33089/50000 |  111.3/s | elapsed 4m 57s | eta 2m 32s | process workers | seats 10 | tracked 30 | cur 2 hist 1 boot 0 teach 5 base 2 heur 0 | avg reward -0.000
PPO linea    [##################----------]  66.2% 33111/50000 |  111.3/s | elapsed 4m 58s | eta 2m 32s | process workers | seats 8 | tracked 30 | cur 2 hist 3 boot 1 teach 1 base 1 heur 0 | avg reward -0.000 
PPO linea    [##################----------]  66.3% 33133/50000 |  111.3/s | elapsed 4m 58s | eta 2m 32s | process workers | seats 8 | tracked 15 | cur 1 hist 1 boot 1 teach 3 base 2 heur 0 | avg reward -0.000 
PPO linea    [##################----------]  66.3% 33155/50000 |  111.3/s | elapsed 4m 58s | eta 2m 31s | process workers | seats 4 | tracked 15 | cur 1 hist 1 boot 0 teach 2 base 0 heur 0 | avg reward -0.000 
PPO linea    [##################----------]  66.4% 33177/50000 |  111.3/s | elapsed 4m 58s | eta 2m 31s | process workers | seats 10 | tracked 15 | cur 1 hist 4 boot 1 teach 2 base 2 heur 0 | avg reward -0.000
PPO linea    [##################----------]  66.4% 33199/50000 |  111.3/s | elapsed 4m 58s | eta 2m 31s | process workers | seats 10 | tracked 15 | cur 1 hist 3 boot 1 teach 3 base 1 heur 1 | avg reward -0.000
PPO linea    [##################----------]  66.4% 33221/50000 |  111.3/s | elapsed 4m 59s | eta 2m 31s | process workers | seats 6 | tracked 15 | cur 1 hist 0 boot 1 teach 3 base 1 heur 0 | avg reward -0.000 
PPO linea    [##################----------]  66.5% 33243/50000 |  111.3/s | elapsed 4m 59s | eta 2m 31s | process workers | seats 4 | tracked 15 | cur 1 hist 1 boot 0 teach 1 base 1 heur 0 | avg reward -0.000 
PPO linea    [##################----------]  66.5% 33265/50000 |  111.3/s | elapsed 4m 59s | eta 2m 30s | process workers | seats 2 | tracked 15 | cur 1 hist 0 boot 1 teach 0 base 0 heur 0 | avg reward -0.000 
PPO linea    [##################----------]  66.6% 33287/50000 |  111.3/s | elapsed 4m 59s | eta 2m 30s | process workers | seats 6 | tracked 15 | cur 1 hist 2 boot 1 teach 0 base 2 heur 0 | avg reward -0.000 
PPO linea    [##################----------]  66.6% 33309/50000 |  111.3/s | elapsed 4m 59s | eta 2m 30s | process workers | seats 4 | tracked 15 | cur 1 hist 0 boot 1 teach 1 base 0 heur 1 | avg reward -0.000 
PPO linea    [##################----------]  66.7% 33331/50000 |  111.3/s | elapsed 4m 59s | eta 2m 30s | process workers | seats 2 | tracked 15 | cur 1 hist 0 boot 1 teach 0 base 0 heur 0 | avg reward -0.000 
PPO linea    [##################----------]  66.7% 33353/50000 |  111.3/s | elapsed 5m 0s | eta 2m 30s | process workers | seats 6 | tracked 15 | cur 1 hist 1 boot 2 teach 2 base 0 heur 0 | avg reward -0.000  
PPO linea    [##################----------]  66.8% 33375/50000 |  111.3/s | elapsed 5m 0s | eta 2m 29s | process workers | seats 10 | tracked 30 | cur 2 hist 1 boot 1 teach 3 base 2 heur 1 | avg reward -0.000 
PPO linea    [##################----------]  66.8% 33397/50000 |  111.3/s | elapsed 5m 0s | eta 2m 29s | process workers | seats 10 | tracked 15 | cur 1 hist 1 boot 1 teach 3 base 2 heur 2 | avg reward -0.000 
PPO linea    [##################----------]  66.8% 33419/50000 |  111.3/s | elapsed 5m 0s | eta 2m 29s | process workers | seats 8 | tracked 15 | cur 1 hist 1 boot 2 teach 2 base 1 heur 1 | avg reward -0.000  
PPO linea    [##################----------]  66.9% 33441/50000 |  111.3/s | elapsed 5m 0s | eta 2m 29s | process workers | seats 8 | tracked 15 | cur 1 hist 1 boot 2 teach 3 base 1 heur 0 | avg reward -0.000  
PPO linea    [##################----------]  66.9% 33463/50000 |  111.3/s | elapsed 5m 1s | eta 2m 29s | process workers | seats 8 | tracked 15 | cur 1 hist 2 boot 1 teach 3 base 0 heur 1 | avg reward -0.000  
PPO linea    [##################----------]  67.0% 33485/50000 |  111.3/s | elapsed 5m 1s | eta 2m 28s | process workers | seats 10 | tracked 30 | cur 2 hist 1 boot 2 teach 4 base 0 heur 1 | avg reward -0.000 
PPO linea    [##################----------]  67.0% 33507/50000 |  111.3/s | elapsed 5m 1s | eta 2m 28s | process workers | seats 10 | tracked 15 | cur 1 hist 4 boot 2 teach 3 base 0 heur 0 | avg reward -0.000 
PPO linea    [##################----------]  67.1% 33529/50000 |  111.3/s | elapsed 5m 1s | eta 2m 28s | process workers | seats 10 | tracked 15 | cur 1 hist 2 boot 2 teach 0 base 3 heur 2 | avg reward -0.000 
PPO linea    [##################----------]  67.1% 33551/50000 |  111.4/s | elapsed 5m 1s | eta 2m 28s | process workers | seats 8 | tracked 30 | cur 2 hist 0 boot 1 teach 3 base 2 heur 0 | avg reward -0.000  
PPO linea    [##################----------]  67.1% 33573/50000 |  111.4/s | elapsed 5m 1s | eta 2m 28s | process workers | seats 6 | tracked 15 | cur 1 hist 1 boot 0 teach 3 base 1 heur 0 | avg reward -0.000  
PPO linea    [##################----------]  67.2% 33595/50000 |  111.4/s | elapsed 5m 2s | eta 2m 27s | process workers | seats 10 | tracked 15 | cur 1 hist 1 boot 2 teach 4 base 2 heur 0 | avg reward -0.000 
PPO linea    [##################----------]  67.2% 33617/50000 |  111.4/s | elapsed 5m 2s | eta 2m 27s | process workers | seats 10 | tracked 30 | cur 2 hist 0 boot 1 teach 6 base 1 heur 0 | avg reward -0.000 
PPO linea    [##################----------]  67.3% 33639/50000 |  111.4/s | elapsed 5m 2s | eta 2m 27s | process workers | seats 6 | tracked 15 | cur 1 hist 1 boot 1 teach 3 base 0 heur 0 | avg reward -0.000  
PPO linea    [##################----------]  67.3% 33661/50000 |  111.4/s | elapsed 5m 2s | eta 2m 27s | process workers | seats 10 | tracked 15 | cur 1 hist 2 boot 2 teach 5 base 0 heur 0 | avg reward -0.000 
PPO linea    [##################----------]  67.4% 33683/50000 |  111.4/s | elapsed 5m 2s | eta 2m 27s | process workers | seats 8 | tracked 15 | cur 1 hist 0 boot 0 teach 3 base 4 heur 0 | avg reward -0.000  
PPO linea    [##################----------]  67.4% 33705/50000 |  111.4/s | elapsed 5m 3s | eta 2m 26s | process workers | seats 10 | tracked 30 | cur 2 hist 4 boot 1 teach 2 base 1 heur 0 | avg reward -0.000 
PPO linea    [##################----------]  67.5% 33727/50000 |  111.4/s | elapsed 5m 3s | eta 2m 26s | process workers | seats 8 | tracked 30 | cur 2 hist 3 boot 2 teach 1 base 0 heur 0 | avg reward -0.000  
PPO linea    [##################----------]  67.5% 33749/50000 |  111.4/s | elapsed 5m 3s | eta 2m 26s | process workers | seats 10 | tracked 30 | cur 2 hist 1 boot 1 teach 2 base 3 heur 1 | avg reward -0.000 
PPO linea    [##################----------]  67.5% 33771/50000 |  111.4/s | elapsed 5m 3s | eta 2m 26s | process workers | seats 10 | tracked 30 | cur 2 hist 2 boot 1 teach 5 base 0 heur 0 | avg reward -0.000 
PPO linea    [##################----------]  67.6% 33793/50000 |  111.4/s | elapsed 5m 3s | eta 2m 26s | process workers | seats 4 | tracked 15 | cur 1 hist 1 boot 0 teach 2 base 0 heur 0 | avg reward -0.000  
PPO linea    [##################----------]  67.6% 33815/50000 |  111.4/s | elapsed 5m 4s | eta 2m 25s | process workers | seats 6 | tracked 15 | cur 1 hist 0 boot 2 teach 2 base 1 heur 0 | avg reward -0.000  
PPO linea    [##################----------]  67.7% 33837/50000 |  111.4/s | elapsed 5m 4s | eta 2m 25s | process workers | seats 4 | tracked 15 | cur 1 hist 0 boot 0 teach 3 base 0 heur 0 | avg reward -0.000  
PPO linea    [##################----------]  67.7% 33859/50000 |  111.4/s | elapsed 5m 4s | eta 2m 25s | process workers | seats 4 | tracked 15 | cur 1 hist 1 boot 0 teach 2 base 0 heur 0 | avg reward -0.000  
PPO linea    [##################----------]  67.8% 33881/50000 |  111.4/s | elapsed 5m 4s | eta 2m 25s | process workers | seats 6 | tracked 15 | cur 1 hist 1 boot 1 teach 2 base 1 heur 0 | avg reward -0.000  
PPO linea    [##################----------]  67.8% 33903/50000 |  111.4/s | elapsed 5m 4s | eta 2m 25s | process workers | seats 6 | tracked 15 | cur 1 hist 1 boot 1 teach 2 base 1 heur 0 | avg reward -0.000  
PPO linea    [##################----------]  67.8% 33925/50000 |  111.4/s | elapsed 5m 5s | eta 2m 24s | process workers | seats 6 | tracked 15 | cur 1 hist 2 boot 0 teach 3 base 0 heur 0 | avg reward -0.000  
PPO linea    [###################---------]  67.9% 33947/50000 |  111.4/s | elapsed 5m 5s | eta 2m 24s | process workers | seats 2 | tracked 15 | cur 1 hist 0 boot 0 teach 0 base 1 heur 0 | avg reward -0.000  
PPO linea    [###################---------]  67.9% 33969/50000 |  111.4/s | elapsed 5m 5s | eta 2m 24s | process workers | seats 6 | tracked 15 | cur 1 hist 0 boot 1 teach 3 base 1 heur 0 | avg reward -0.000  
PPO linea    [###################---------]  68.0% 33991/50000 |  111.4/s | elapsed 5m 5s | eta 2m 24s | process workers | seats 8 | tracked 15 | cur 1 hist 4 boot 0 teach 2 base 0 heur 1 | avg reward -0.000  
PPO linea    [###################---------]  68.0% 34013/50000 |  111.4/s | elapsed 5m 5s | eta 2m 23s | process workers | seats 4 | tracked 15 | cur 1 hist 1 boot 0 teach 2 base 0 heur 0 | avg reward -0.000  
PPO linea    [###################---------]  68.1% 34035/50000 |  111.4/s | elapsed 5m 6s | eta 2m 23s | process workers | seats 10 | tracked 30 | cur 2 hist 2 boot 3 teach 2 base 1 heur 0 | avg reward -0.000 
PPO linea    [###################---------]  68.1% 34057/50000 |  111.4/s | elapsed 5m 6s | eta 2m 23s | process workers | seats 4 | tracked 15 | cur 1 hist 2 boot 0 teach 0 base 1 heur 0 | avg reward -0.000  
PPO linea    [###################---------]  68.2% 34079/50000 |  111.4/s | elapsed 5m 6s | eta 2m 23s | process workers | seats 6 | tracked 15 | cur 1 hist 1 boot 0 teach 1 base 3 heur 0 | avg reward -0.000  
PPO linea    [###################---------]  68.2% 34101/50000 |  111.4/s | elapsed 5m 6s | eta 2m 23s | process workers | seats 8 | tracked 15 | cur 1 hist 3 boot 1 teach 1 base 2 heur 0 | avg reward -0.000  
PPO linea    [###################---------]  68.2% 34123/50000 |  111.4/s | elapsed 5m 6s | eta 2m 22s | process workers | seats 8 | tracked 15 | cur 1 hist 2 boot 0 teach 5 base 0 heur 0 | avg reward -0.000  
PPO linea    [###################---------]  68.3% 34145/50000 |  111.4/s | elapsed 5m 6s | eta 2m 22s | process workers | seats 6 | tracked 15 | cur 1 hist 1 boot 0 teach 2 base 0 heur 2 | avg reward -0.000  
PPO linea    [###################---------]  68.3% 34167/50000 |  111.5/s | elapsed 5m 7s | eta 2m 22s | process workers | seats 4 | tracked 15 | cur 1 hist 0 boot 0 teach 2 base 1 heur 0 | avg reward -0.000  
PPO linea    [###################---------]  68.4% 34189/50000 |  111.5/s | elapsed 5m 7s | eta 2m 22s | process workers | seats 2 | tracked 15 | cur 1 hist 1 boot 0 teach 0 base 0 heur 0 | avg reward -0.000  
PPO linea    [###################---------]  68.4% 34211/50000 |  111.5/s | elapsed 5m 7s | eta 2m 22s | process workers | seats 6 | tracked 15 | cur 1 hist 1 boot 1 teach 2 base 1 heur 0 | avg reward -0.000  
PPO linea    [###################---------]  68.5% 34233/50000 |  111.5/s | elapsed 5m 7s | eta 2m 21s | process workers | seats 6 | tracked 15 | cur 1 hist 0 boot 2 teach 3 base 0 heur 0 | avg reward -0.000  
PPO linea    [###################---------]  68.5% 34255/50000 |  111.5/s | elapsed 5m 7s | eta 2m 21s | process workers | seats 10 | tracked 30 | cur 2 hist 2 boot 2 teach 3 base 1 heur 0 | avg reward -0.000 
PPO linea    [###################---------]  68.6% 34277/50000 |  111.5/s | elapsed 5m 7s | eta 2m 21s | process workers | seats 6 | tracked 15 | cur 1 hist 1 boot 0 teach 1 base 2 heur 1 | avg reward -0.000  
PPO linea    [###################---------]  68.6% 34299/50000 |  111.5/s | elapsed 5m 8s | eta 2m 21s | process workers | seats 2 | tracked 15 | cur 1 hist 0 boot 0 teach 1 base 0 heur 0 | avg reward -0.000  
PPO linea    [###################---------]  68.6% 34321/50000 |  111.5/s | elapsed 5m 8s | eta 2m 21s | process workers | seats 10 | tracked 30 | cur 2 hist 1 boot 2 teach 4 base 1 heur 0 | avg reward -0.000 
PPO linea    [###################---------]  68.7% 34343/50000 |  111.5/s | elapsed 5m 8s | eta 2m 20s | process workers | seats 2 | tracked 15 | cur 1 hist 0 boot 0 teach 1 base 0 heur 0 | avg reward -0.000  
PPO linea    [###################---------]  68.7% 34365/50000 |  111.5/s | elapsed 5m 8s | eta 2m 20s | process workers | seats 8 | tracked 30 | cur 2 hist 1 boot 2 teach 1 base 2 heur 0 | avg reward -0.000  
PPO linea    [###################---------]  68.8% 34387/50000 |  111.5/s | elapsed 5m 8s | eta 2m 20s | process workers | seats 2 | tracked 15 | cur 1 hist 0 boot 1 teach 0 base 0 heur 0 | avg reward -0.000  
PPO linea    [###################---------]  68.8% 34409/50000 |  111.5/s | elapsed 5m 9s | eta 2m 20s | process workers | seats 6 | tracked 15 | cur 1 hist 1 boot 1 teach 2 base 1 heur 0 | avg reward -0.000  
PPO linea    [###################---------]  68.9% 34431/50000 |  111.5/s | elapsed 5m 9s | eta 2m 20s | process workers | seats 8 | tracked 30 | cur 2 hist 2 boot 1 teach 3 base 0 heur 0 | avg reward -0.000  
PPO linea    [###################---------]  68.9% 34453/50000 |  111.5/s | elapsed 5m 9s | eta 2m 19s | process workers | seats 8 | tracked 15 | cur 1 hist 2 boot 1 teach 3 base 0 heur 1 | avg reward -0.000  
PPO linea    [###################---------]  69.0% 34475/50000 |  111.5/s | elapsed 5m 9s | eta 2m 19s | process workers | seats 6 | tracked 15 | cur 1 hist 1 boot 0 teach 4 base 0 heur 0 | avg reward -0.000  
PPO linea    [###################---------]  69.0% 34497/50000 |  111.5/s | elapsed 5m 9s | eta 2m 19s | process workers | seats 10 | tracked 15 | cur 1 hist 0 boot 2 teach 6 base 1 heur 0 | avg reward -0.000 
PPO linea    [###################---------]  69.0% 34519/50000 |  111.5/s | elapsed 5m 10s | eta 2m 19s | process workers | seats 4 | tracked 15 | cur 1 hist 1 boot 0 teach 0 base 2 heur 0 | avg reward -0.000 
PPO linea    [###################---------]  69.1% 34541/50000 |  111.5/s | elapsed 5m 10s | eta 2m 19s | process workers | seats 10 | tracked 30 | cur 2 hist 2 boot 1 teach 4 base 1 heur 0 | avg reward -0.000
PPO linea    [###################---------]  69.1% 34563/50000 |  111.5/s | elapsed 5m 10s | eta 2m 18s | process workers | seats 4 | tracked 15 | cur 1 hist 1 boot 0 teach 1 base 1 heur 0 | avg reward -0.000 
PPO linea    [###################---------]  69.2% 34585/50000 |  111.5/s | elapsed 5m 10s | eta 2m 18s | process workers | seats 10 | tracked 15 | cur 1 hist 4 boot 1 teach 3 base 0 heur 1 | avg reward -0.000
PPO linea    [###################---------]  69.2% 34607/50000 |  111.5/s | elapsed 5m 10s | eta 2m 18s | process workers | seats 6 | tracked 15 | cur 1 hist 1 boot 3 teach 1 base 0 heur 0 | avg reward -0.000 
PPO linea    [###################---------]  69.3% 34629/50000 |  111.5/s | elapsed 5m 10s | eta 2m 18s | process workers | seats 10 | tracked 15 | cur 1 hist 1 boot 3 teach 4 base 1 heur 0 | avg reward -0.000
PPO linea    [###################---------]  69.3% 34651/50000 |  111.5/s | elapsed 5m 11s | eta 2m 18s | process workers | seats 2 | tracked 15 | cur 1 hist 0 boot 0 teach 1 base 0 heur 0 | avg reward -0.000 
PPO linea    [###################---------]  69.3% 34673/50000 |  111.5/s | elapsed 5m 11s | eta 2m 17s | process workers | seats 2 | tracked 15 | cur 1 hist 1 boot 0 teach 0 base 0 heur 0 | avg reward -0.000 
PPO linea    [###################---------]  69.4% 34695/50000 |  111.5/s | elapsed 5m 11s | eta 2m 17s | process workers | seats 10 | tracked 15 | cur 1 hist 3 boot 2 teach 2 base 2 heur 0 | avg reward -0.000
PPO linea    [###################---------]  69.4% 34717/50000 |  111.5/s | elapsed 5m 11s | eta 2m 17s | process workers | seats 4 | tracked 15 | cur 1 hist 0 boot 0 teach 2 base 1 heur 0 | avg reward -0.000 
PPO linea    [###################---------]  69.5% 34739/50000 |  111.6/s | elapsed 5m 11s | eta 2m 17s | process workers | seats 6 | tracked 15 | cur 1 hist 1 boot 0 teach 2 base 2 heur 0 | avg reward -0.000 
PPO linea    [###################---------]  69.5% 34761/50000 |  111.6/s | elapsed 5m 12s | eta 2m 17s | process workers | seats 6 | tracked 15 | cur 1 hist 2 boot 0 teach 2 base 1 heur 0 | avg reward -0.000 
PPO linea    [###################---------]  69.6% 34783/50000 |  111.6/s | elapsed 5m 12s | eta 2m 16s | process workers | seats 4 | tracked 15 | cur 1 hist 0 boot 2 teach 0 base 1 heur 0 | avg reward -0.000 
PPO linea    [###################---------]  69.6% 34805/50000 |  111.6/s | elapsed 5m 12s | eta 2m 16s | process workers | seats 10 | tracked 15 | cur 1 hist 4 boot 0 teach 2 base 3 heur 0 | avg reward -0.000
PPO linea    [###################---------]  69.7% 34827/50000 |  111.6/s | elapsed 5m 12s | eta 2m 16s | process workers | seats 6 | tracked 15 | cur 1 hist 1 boot 1 teach 1 base 1 heur 1 | avg reward -0.000 
PPO linea    [###################---------]  69.7% 34849/50000 |  111.6/s | elapsed 5m 12s | eta 2m 16s | process workers | seats 10 | tracked 30 | cur 2 hist 0 boot 2 teach 5 base 1 heur 0 | avg reward -0.000
PPO linea    [###################---------]  69.7% 34871/50000 |  111.6/s | elapsed 5m 13s | eta 2m 16s | process workers | seats 10 | tracked 15 | cur 1 hist 4 boot 3 teach 2 base 0 heur 0 | avg reward -0.000
PPO linea    [###################---------]  69.8% 34893/50000 |  111.6/s | elapsed 5m 13s | eta 2m 15s | process workers | seats 10 | tracked 15 | cur 1 hist 2 boot 1 teach 5 base 1 heur 0 | avg reward -0.000
PPO linea    [###################---------]  69.8% 34915/50000 |  111.6/s | elapsed 5m 13s | eta 2m 15s | process workers | seats 6 | tracked 15 | cur 1 hist 1 boot 1 teach 2 base 1 heur 0 | avg reward -0.000 
PPO linea    [###################---------]  69.9% 34937/50000 |  111.6/s | elapsed 5m 13s | eta 2m 15s | process workers | seats 10 | tracked 15 | cur 1 hist 4 boot 2 teach 1 base 1 heur 1 | avg reward -0.000
PPO linea    [###################---------]  69.9% 34959/50000 |  111.6/s | elapsed 5m 13s | eta 2m 15s | process workers | seats 2 | tracked 15 | cur 1 hist 0 boot 0 teach 0 base 1 heur 0 | avg reward -0.000 
PPO linea    [###################---------]  70.0% 34981/50000 |  111.6/s | elapsed 5m 14s | eta 2m 15s | process workers | seats 8 | tracked 30 | cur 2 hist 1 boot 0 teach 3 base 2 heur 0 | avg reward -0.000 
PPO linea    [###################---------]  70.0% 35003/50000 |  111.6/s | elapsed 5m 14s | eta 2m 14s | process workers | seats 6 | tracked 15 | cur 1 hist 2 boot 1 teach 2 base 0 heur 0 | avg reward -0.000 
PPO linea    [###################---------]  70.0% 35025/50000 |  111.6/s | elapsed 5m 14s | eta 2m 14s | process workers | seats 10 | tracked 15 | cur 1 hist 0 boot 2 teach 5 base 1 heur 1 | avg reward -0.000
PPO linea    [###################---------]  70.1% 35047/50000 |  111.6/s | elapsed 5m 14s | eta 2m 14s | process workers | seats 6 | tracked 15 | cur 1 hist 3 boot 0 teach 2 base 0 heur 0 | avg reward -0.000 
PPO linea    [###################---------]  70.1% 35069/50000 |  111.6/s | elapsed 5m 14s | eta 2m 14s | process workers | seats 8 | tracked 15 | cur 1 hist 4 boot 2 teach 1 base 0 heur 0 | avg reward -0.000 
PPO linea    [###################---------]  70.2% 35091/50000 |  111.6/s | elapsed 5m 15s | eta 2m 14s | process workers | seats 2 | tracked 15 | cur 1 hist 0 boot 0 teach 1 base 0 heur 0 | avg reward -0.000 
PPO linea    [###################---------]  70.2% 35113/50000 |  111.6/s | elapsed 5m 15s | eta 2m 13s | process workers | seats 4 | tracked 15 | cur 1 hist 0 boot 1 teach 1 base 1 heur 0 | avg reward -0.000 
PPO linea    [###################---------]  70.3% 35135/50000 |  111.6/s | elapsed 5m 15s | eta 2m 13s | process workers | seats 10 | tracked 15 | cur 1 hist 1 boot 1 teach 4 base 2 heur 1 | avg reward -0.000
PPO linea    [###################---------]  70.3% 35157/50000 |  111.6/s | elapsed 5m 15s | eta 2m 13s | process workers | seats 6 | tracked 15 | cur 1 hist 2 boot 0 teach 2 base 1 heur 0 | avg reward -0.000 
PPO linea    [###################---------]  70.4% 35179/50000 |  111.6/s | elapsed 5m 15s | eta 2m 13s | process workers | seats 8 | tracked 15 | cur 1 hist 0 boot 1 teach 5 base 1 heur 0 | avg reward -0.000 
PPO linea    [###################---------]  70.4% 35201/50000 |  111.6/s | elapsed 5m 16s | eta 2m 13s | process workers | seats 10 | tracked 15 | cur 1 hist 1 boot 2 teach 6 base 0 heur 0 | avg reward -0.000
PPO linea    [###################---------]  70.4% 35223/50000 |  111.6/s | elapsed 5m 16s | eta 2m 12s | process workers | seats 4 | tracked 15 | cur 1 hist 2 boot 0 teach 0 base 1 heur 0 | avg reward -0.000 
PPO linea    [###################---------]  70.5% 35245/50000 |  111.6/s | elapsed 5m 16s | eta 2m 12s | process workers | seats 6 | tracked 15 | cur 1 hist 1 boot 0 teach 3 base 0 heur 1 | avg reward -0.000 
PPO linea    [###################---------]  70.5% 35267/50000 |  111.6/s | elapsed 5m 16s | eta 2m 12s | process workers | seats 4 | tracked 15 | cur 1 hist 0 boot 1 teach 2 base 0 heur 0 | avg reward -0.000 
PPO linea    [###################---------]  70.6% 35289/50000 |  111.6/s | elapsed 5m 16s | eta 2m 12s | process workers | seats 4 | tracked 15 | cur 1 hist 0 boot 1 teach 2 base 0 heur 0 | avg reward -0.000 
PPO linea    [###################---------]  70.6% 35311/50000 |  111.6/s | elapsed 5m 16s | eta 2m 12s | process workers | seats 2 | tracked 15 | cur 1 hist 1 boot 0 teach 0 base 0 heur 0 | avg reward -0.000 
PPO linea    [###################---------]  70.7% 35333/50000 |  111.6/s | elapsed 5m 17s | eta 2m 11s | process workers | seats 2 | tracked 15 | cur 1 hist 0 boot 0 teach 1 base 0 heur 0 | avg reward -0.000 
PPO linea    [###################---------]  70.7% 35355/50000 |  111.6/s | elapsed 5m 17s | eta 2m 11s | process workers | seats 8 | tracked 30 | cur 2 hist 2 boot 0 teach 2 base 0 heur 2 | avg reward -0.000 
PPO linea    [###################---------]  70.8% 35377/50000 |  111.6/s | elapsed 5m 17s | eta 2m 11s | process workers | seats 10 | tracked 15 | cur 1 hist 0 boot 1 teach 5 base 0 heur 3 | avg reward -0.000
PPO linea    [###################---------]  70.8% 35399/50000 |  111.6/s | elapsed 5m 17s | eta 2m 11s | process workers | seats 10 | tracked 15 | cur 1 hist 3 boot 1 teach 4 base 1 heur 0 | avg reward -0.000
PPO linea    [###################---------]  70.8% 35421/50000 |  111.6/s | elapsed 5m 17s | eta 2m 11s | process workers | seats 10 | tracked 30 | cur 2 hist 3 boot 0 teach 2 base 2 heur 1 | avg reward -0.000
PPO linea    [###################---------]  70.9% 35443/50000 |  111.6/s | elapsed 5m 18s | eta 2m 10s | process workers | seats 10 | tracked 15 | cur 1 hist 1 boot 2 teach 4 base 1 heur 1 | avg reward -0.000
PPO linea    [###################---------]  70.9% 35465/50000 |  111.6/s | elapsed 5m 18s | eta 2m 10s | process workers | seats 4 | tracked 15 | cur 1 hist 1 boot 0 teach 1 base 1 heur 0 | avg reward -0.000 
PPO linea    [###################---------]  71.0% 35487/50000 |  111.6/s | elapsed 5m 18s | eta 2m 10s | process workers | seats 10 | tracked 15 | cur 1 hist 2 boot 1 teach 4 base 0 heur 2 | avg reward -0.000
PPO linea    [###################---------]  71.0% 35509/50000 |  111.6/s | elapsed 5m 18s | eta 2m 10s | process workers | seats 2 | tracked 15 | cur 1 hist 0 boot 0 teach 1 base 0 heur 0 | avg reward -0.000 
PPO linea    [###################---------]  71.1% 35531/50000 |  111.6/s | elapsed 5m 18s | eta 2m 10s | process workers | seats 4 | tracked 15 | cur 1 hist 0 boot 1 teach 0 base 2 heur 0 | avg reward -0.000 
PPO linea    [###################---------]  71.1% 35553/50000 |  111.6/s | elapsed 5m 19s | eta 2m 9s | process workers | seats 10 | tracked 15 | cur 1 hist 3 boot 2 teach 3 base 1 heur 0 | avg reward -0.000 
PPO linea    [###################---------]  71.2% 35575/50000 |  111.6/s | elapsed 5m 19s | eta 2m 9s | process workers | seats 10 | tracked 15 | cur 1 hist 2 boot 2 teach 3 base 1 heur 1 | avg reward -0.000 
PPO linea    [###################---------]  71.2% 35597/50000 |  111.6/s | elapsed 5m 19s | eta 2m 9s | process workers | seats 10 | tracked 30 | cur 2 hist 2 boot 1 teach 4 base 1 heur 0 | avg reward -0.000 
PPO linea    [###################---------]  71.2% 35619/50000 |  111.6/s | elapsed 5m 19s | eta 2m 9s | process workers | seats 4 | tracked 15 | cur 1 hist 1 boot 1 teach 1 base 0 heur 0 | avg reward -0.000  
PPO linea    [###################---------]  71.3% 35641/50000 |  111.6/s | elapsed 5m 19s | eta 2m 9s | process workers | seats 6 | tracked 15 | cur 1 hist 0 boot 2 teach 3 base 0 heur 0 | avg reward -0.000  
PPO linea    [###################---------]  71.3% 35663/50000 |  111.6/s | elapsed 5m 20s | eta 2m 8s | process workers | seats 10 | tracked 15 | cur 1 hist 3 boot 2 teach 3 base 0 heur 1 | avg reward -0.000 
PPO linea    [###################---------]  71.4% 35685/50000 |  111.6/s | elapsed 5m 20s | eta 2m 8s | process workers | seats 2 | tracked 15 | cur 1 hist 0 boot 0 teach 0 base 1 heur 0 | avg reward -0.000  
PPO linea    [###################---------]  71.4% 35707/50000 |  111.6/s | elapsed 5m 20s | eta 2m 8s | process workers | seats 8 | tracked 15 | cur 1 hist 1 boot 2 teach 3 base 1 heur 0 | avg reward -0.000  
PPO linea    [####################--------]  71.5% 35729/50000 |  111.6/s | elapsed 5m 20s | eta 2m 8s | process workers | seats 4 | tracked 15 | cur 1 hist 0 boot 2 teach 0 base 0 heur 1 | avg reward -0.000  
PPO linea    [####################--------]  71.5% 35751/50000 |  111.6/s | elapsed 5m 20s | eta 2m 8s | process workers | seats 4 | tracked 15 | cur 1 hist 0 boot 0 teach 1 base 2 heur 0 | avg reward -0.000  
PPO linea    [####################--------]  71.5% 35773/50000 |  111.6/s | elapsed 5m 21s | eta 2m 7s | process workers | seats 10 | tracked 15 | cur 1 hist 3 boot 4 teach 1 base 1 heur 0 | avg reward -0.000 
PPO linea    [####################--------]  71.6% 35795/50000 |  111.6/s | elapsed 5m 21s | eta 2m 7s | process workers | seats 2 | tracked 15 | cur 1 hist 1 boot 0 teach 0 base 0 heur 0 | avg reward -0.000  
PPO linea    [####################--------]  71.6% 35817/50000 |  111.6/s | elapsed 5m 21s | eta 2m 7s | process workers | seats 8 | tracked 15 | cur 1 hist 4 boot 0 teach 3 base 0 heur 0 | avg reward -0.000  
PPO linea    [####################--------]  71.7% 35839/50000 |  111.6/s | elapsed 5m 21s | eta 2m 7s | process workers | seats 4 | tracked 15 | cur 1 hist 2 boot 0 teach 1 base 0 heur 0 | avg reward -0.000  
PPO linea    [####################--------]  71.7% 35861/50000 |  111.6/s | elapsed 5m 21s | eta 2m 7s | process workers | seats 2 | tracked 15 | cur 1 hist 0 boot 1 teach 0 base 0 heur 0 | avg reward -0.000  
PPO linea    [####################--------]  71.8% 35883/50000 |  111.6/s | elapsed 5m 21s | eta 2m 6s | process workers | seats 6 | tracked 15 | cur 1 hist 2 boot 0 teach 3 base 0 heur 0 | avg reward -0.000  
PPO linea    [####################--------]  71.8% 35905/50000 |  111.6/s | elapsed 5m 22s | eta 2m 6s | process workers | seats 4 | tracked 15 | cur 1 hist 1 boot 0 teach 2 base 0 heur 0 | avg reward -0.000  
PPO linea    [####################--------]  71.9% 35927/50000 |  111.6/s | elapsed 5m 22s | eta 2m 6s | process workers | seats 10 | tracked 15 | cur 1 hist 1 boot 1 teach 6 base 1 heur 0 | avg reward -0.000 
PPO linea    [####################--------]  71.9% 35949/50000 |  111.6/s | elapsed 5m 22s | eta 2m 6s | process workers | seats 4 | tracked 15 | cur 1 hist 0 boot 0 teach 2 base 0 heur 1 | avg reward -0.000  
PPO linea    [####################--------]  71.9% 35971/50000 |  111.6/s | elapsed 5m 22s | eta 2m 6s | process workers | seats 4 | tracked 15 | cur 1 hist 2 boot 0 teach 1 base 0 heur 0 | avg reward -0.000  
PPO linea    [####################--------]  72.0% 35993/50000 |  111.6/s | elapsed 5m 22s | eta 2m 5s | process workers | seats 8 | tracked 15 | cur 1 hist 1 boot 0 teach 4 base 2 heur 0 | avg reward -0.000  
PPO linea    [####################--------]  72.0% 36015/50000 |  111.6/s | elapsed 5m 23s | eta 2m 5s | process workers | seats 10 | tracked 15 | cur 1 hist 2 boot 3 teach 4 base 0 heur 0 | avg reward -0.000 
PPO linea    [####################--------]  72.1% 36037/50000 |  111.6/s | elapsed 5m 23s | eta 2m 5s | process workers | seats 4 | tracked 15 | cur 1 hist 0 boot 0 teach 2 base 0 heur 1 | avg reward -0.000  
PPO linea    [####################--------]  72.1% 36059/50000 |  111.6/s | elapsed 5m 23s | eta 2m 5s | process workers | seats 4 | tracked 15 | cur 1 hist 0 boot 1 teach 2 base 0 heur 0 | avg reward -0.000  
PPO linea    [####################--------]  72.2% 36081/50000 |  111.6/s | elapsed 5m 23s | eta 2m 5s | process workers | seats 2 | tracked 15 | cur 1 hist 0 boot 0 teach 0 base 0 heur 1 | avg reward -0.000  
PPO linea    [####################--------]  72.2% 36103/50000 |  111.6/s | elapsed 5m 23s | eta 2m 4s | process workers | seats 10 | tracked 30 | cur 2 hist 1 boot 0 teach 6 base 1 heur 0 | avg reward -0.000 
PPO linea    [####################--------]  72.2% 36125/50000 |  111.7/s | elapsed 5m 24s | eta 2m 4s | process workers | seats 6 | tracked 15 | cur 1 hist 0 boot 2 teach 3 base 0 heur 0 | avg reward -0.000  
PPO linea    [####################--------]  72.3% 36147/50000 |  111.6/s | elapsed 5m 24s | eta 2m 4s | process workers | seats 10 | tracked 15 | cur 1 hist 1 boot 3 teach 4 base 1 heur 0 | avg reward -0.000 
PPO linea    [####################--------]  72.3% 36169/50000 |  111.6/s | elapsed 5m 24s | eta 2m 4s | process workers | seats 8 | tracked 15 | cur 1 hist 0 boot 3 teach 4 base 0 heur 0 | avg reward -0.000  
PPO linea    [####################--------]  72.4% 36191/50000 |  111.6/s | elapsed 5m 24s | eta 2m 4s | process workers | seats 8 | tracked 30 | cur 2 hist 1 boot 3 teach 2 base 0 heur 0 | avg reward -0.000  
PPO linea    [####################--------]  72.4% 36213/50000 |  111.6/s | elapsed 5m 24s | eta 2m 3s | process workers | seats 10 | tracked 15 | cur 1 hist 2 boot 1 teach 3 base 2 heur 1 | avg reward -0.000 
PPO linea    [####################--------]  72.5% 36235/50000 |  111.7/s | elapsed 5m 25s | eta 2m 3s | process workers | seats 10 | tracked 15 | cur 1 hist 2 boot 0 teach 6 base 1 heur 0 | avg reward -0.000 
PPO linea    [####################--------]  72.5% 36257/50000 |  111.6/s | elapsed 5m 25s | eta 2m 3s | process workers | seats 10 | tracked 30 | cur 2 hist 3 boot 2 teach 2 base 1 heur 0 | avg reward -0.000 
PPO linea    [####################--------]  72.6% 36279/50000 |  111.6/s | elapsed 5m 25s | eta 2m 3s | process workers | seats 4 | tracked 15 | cur 1 hist 0 boot 1 teach 1 base 0 heur 1 | avg reward -0.000  
PPO linea    [####################--------]  72.6% 36301/50000 |  111.7/s | elapsed 5m 25s | eta 2m 3s | process workers | seats 4 | tracked 15 | cur 1 hist 1 boot 0 teach 2 base 0 heur 0 | avg reward -0.000  
PPO linea    [####################--------]  72.6% 36323/50000 |  111.7/s | elapsed 5m 25s | eta 2m 2s | process workers | seats 6 | tracked 15 | cur 1 hist 0 boot 0 teach 4 base 1 heur 0 | avg reward -0.000  
PPO linea    [####################--------]  72.7% 36345/50000 |  111.7/s | elapsed 5m 25s | eta 2m 2s | process workers | seats 10 | tracked 15 | cur 1 hist 0 boot 2 teach 3 base 3 heur 1 | avg reward -0.000 
PPO linea    [####################--------]  72.7% 36367/50000 |  111.7/s | elapsed 5m 26s | eta 2m 2s | process workers | seats 6 | tracked 15 | cur 1 hist 1 boot 2 teach 1 base 0 heur 1 | avg reward -0.000  
PPO linea    [####################--------]  72.8% 36389/50000 |  111.7/s | elapsed 5m 26s | eta 2m 2s | process workers | seats 8 | tracked 15 | cur 1 hist 1 boot 1 teach 4 base 0 heur 1 | avg reward -0.000  
PPO linea    [####################--------]  72.8% 36411/50000 |  111.7/s | elapsed 5m 26s | eta 2m 2s | process workers | seats 4 | tracked 15 | cur 1 hist 0 boot 0 teach 2 base 1 heur 0 | avg reward -0.000  
PPO linea    [####################--------]  72.9% 36433/50000 |  111.7/s | elapsed 5m 26s | eta 2m 1s | process workers | seats 4 | tracked 15 | cur 1 hist 1 boot 0 teach 1 base 1 heur 0 | avg reward -0.000  
PPO linea    [####################--------]  72.9% 36455/50000 |  111.7/s | elapsed 5m 26s | eta 2m 1s | process workers | seats 8 | tracked 15 | cur 1 hist 0 boot 3 teach 4 base 0 heur 0 | avg reward -0.000  
PPO linea    [####################--------]  73.0% 36477/50000 |  111.7/s | elapsed 5m 27s | eta 2m 1s | process workers | seats 4 | tracked 15 | cur 1 hist 1 boot 1 teach 1 base 0 heur 0 | avg reward -0.000  
PPO linea    [####################--------]  73.0% 36499/50000 |  111.7/s | elapsed 5m 27s | eta 2m 1s | process workers | seats 10 | tracked 15 | cur 1 hist 0 boot 2 teach 6 base 0 heur 1 | avg reward -0.000 
PPO linea    [####################--------]  73.0% 36521/50000 |  111.7/s | elapsed 5m 27s | eta 2m 1s | process workers | seats 10 | tracked 30 | cur 2 hist 3 boot 1 teach 3 base 1 heur 0 | avg reward -0.000 
PPO linea    [####################--------]  73.1% 36543/50000 |  111.7/s | elapsed 5m 27s | eta 2m 0s | process workers | seats 8 | tracked 15 | cur 1 hist 1 boot 1 teach 1 base 4 heur 0 | avg reward -0.000  
PPO linea    [####################--------]  73.1% 36565/50000 |  111.7/s | elapsed 5m 27s | eta 2m 0s | process workers | seats 6 | tracked 15 | cur 1 hist 2 boot 0 teach 2 base 1 heur 0 | avg reward -0.000  
PPO linea    [####################--------]  73.2% 36587/50000 |  111.7/s | elapsed 5m 28s | eta 2m 0s | process workers | seats 10 | tracked 30 | cur 2 hist 1 boot 2 teach 4 base 1 heur 0 | avg reward -0.000 
PPO linea    [####################--------]  73.2% 36609/50000 |  111.7/s | elapsed 5m 28s | eta 2m 0s | process workers | seats 8 | tracked 15 | cur 1 hist 2 boot 0 teach 1 base 2 heur 2 | avg reward -0.000  
PPO linea    [####################--------]  73.3% 36631/50000 |  111.7/s | elapsed 5m 28s | eta 2m 0s | process workers | seats 10 | tracked 15 | cur 1 hist 1 boot 0 teach 6 base 2 heur 0 | avg reward -0.000 
PPO linea    [####################--------]  73.3% 36653/50000 |  111.7/s | elapsed 5m 28s | eta 1m 59s | process workers | seats 10 | tracked 15 | cur 1 hist 3 boot 1 teach 1 base 3 heur 1 | avg reward -0.000
PPO linea    [####################--------]  73.4% 36675/50000 |  111.7/s | elapsed 5m 28s | eta 1m 59s | process workers | seats 4 | tracked 15 | cur 1 hist 1 boot 1 teach 0 base 1 heur 0 | avg reward -0.000 
PPO linea    [####################--------]  73.4% 36697/50000 |  111.7/s | elapsed 5m 29s | eta 1m 59s | process workers | seats 10 | tracked 30 | cur 2 hist 2 boot 2 teach 4 base 0 heur 0 | avg reward -0.000
PPO linea    [####################--------]  73.4% 36719/50000 |  111.7/s | elapsed 5m 29s | eta 1m 59s | process workers | seats 4 | tracked 15 | cur 1 hist 0 boot 2 teach 1 base 0 heur 0 | avg reward -0.000 
PPO linea    [####################--------]  73.5% 36741/50000 |  111.7/s | elapsed 5m 29s | eta 1m 59s | process workers | seats 2 | tracked 15 | cur 1 hist 0 boot 0 teach 0 base 0 heur 1 | avg reward -0.000 
PPO linea    [####################--------]  73.5% 36763/50000 |  111.7/s | elapsed 5m 29s | eta 1m 59s | process workers | seats 10 | tracked 30 | cur 2 hist 3 boot 1 teach 4 base 0 heur 0 | avg reward -0.000
PPO linea    [####################--------]  73.6% 36785/50000 |  111.7/s | elapsed 5m 29s | eta 1m 58s | process workers | seats 6 | tracked 15 | cur 1 hist 1 boot 1 teach 3 base 0 heur 0 | avg reward -0.000 
PPO linea    [####################--------]  73.6% 36807/50000 |  111.7/s | elapsed 5m 29s | eta 1m 58s | process workers | seats 4 | tracked 15 | cur 1 hist 1 boot 0 teach 2 base 0 heur 0 | avg reward -0.000 
PPO linea    [####################--------]  73.7% 36829/50000 |  111.7/s | elapsed 5m 30s | eta 1m 58s | process workers | seats 10 | tracked 15 | cur 1 hist 6 boot 0 teach 0 base 3 heur 0 | avg reward -0.000
PPO linea    [####################--------]  73.7% 36851/50000 |  111.7/s | elapsed 5m 30s | eta 1m 58s | process workers | seats 8 | tracked 15 | cur 1 hist 3 boot 0 teach 2 base 2 heur 0 | avg reward -0.000 
PPO linea    [####################--------]  73.7% 36873/50000 |  111.7/s | elapsed 5m 30s | eta 1m 57s | process workers | seats 2 | tracked 15 | cur 1 hist 0 boot 1 teach 0 base 0 heur 0 | avg reward -0.000 
PPO linea    [####################--------]  73.8% 36895/50000 |  111.7/s | elapsed 5m 30s | eta 1m 57s | process workers | seats 2 | tracked 15 | cur 1 hist 1 boot 0 teach 0 base 0 heur 0 | avg reward -0.000 
PPO linea    [####################--------]  73.8% 36917/50000 |  111.7/s | elapsed 5m 30s | eta 1m 57s | process workers | seats 10 | tracked 30 | cur 2 hist 2 boot 0 teach 5 base 0 heur 1 | avg reward -0.000
PPO linea    [####################--------]  73.9% 36939/50000 |  111.7/s | elapsed 5m 31s | eta 1m 57s | process workers | seats 8 | tracked 15 | cur 1 hist 0 boot 0 teach 4 base 2 heur 1 | avg reward -0.000 
PPO linea    [####################--------]  73.9% 36961/50000 |  111.7/s | elapsed 5m 31s | eta 1m 57s | process workers | seats 10 | tracked 30 | cur 2 hist 1 boot 2 teach 4 base 0 heur 1 | avg reward -0.000
PPO linea    [####################--------]  74.0% 36983/50000 |  111.8/s | elapsed 5m 31s | eta 1m 56s | process workers | seats 4 | tracked 15 | cur 1 hist 0 boot 1 teach 2 base 0 heur 0 | avg reward -0.000 
PPO linea    [####################--------]  74.0% 37005/50000 |  111.7/s | elapsed 5m 31s | eta 1m 56s | process workers | seats 8 | tracked 30 | cur 2 hist 0 boot 1 teach 3 base 1 heur 1 | avg reward -0.000 
PPO linea    [####################--------]  74.1% 37027/50000 |  111.8/s | elapsed 5m 31s | eta 1m 56s | process workers | seats 6 | tracked 15 | cur 1 hist 0 boot 2 teach 1 base 1 heur 1 | avg reward -0.000 
PPO linea    [####################--------]  74.1% 37049/50000 |  111.8/s | elapsed 5m 32s | eta 1m 56s | process workers | seats 4 | tracked 15 | cur 1 hist 0 boot 0 teach 1 base 2 heur 0 | avg reward -0.000 
PPO linea    [####################--------]  74.1% 37071/50000 |  111.8/s | elapsed 5m 32s | eta 1m 56s | process workers | seats 4 | tracked 15 | cur 1 hist 1 boot 1 teach 1 base 0 heur 0 | avg reward -0.000 
PPO linea    [####################--------]  74.2% 37093/50000 |  111.8/s | elapsed 5m 32s | eta 1m 55s | process workers | seats 8 | tracked 15 | cur 1 hist 1 boot 0 teach 2 base 4 heur 0 | avg reward -0.000 
PPO linea    [####################--------]  74.2% 37115/50000 |  111.8/s | elapsed 5m 32s | eta 1m 55s | process workers | seats 4 | tracked 15 | cur 1 hist 2 boot 0 teach 1 base 0 heur 0 | avg reward -0.000 
PPO linea    [####################--------]  74.3% 37137/50000 |  111.8/s | elapsed 5m 32s | eta 1m 55s | process workers | seats 4 | tracked 15 | cur 1 hist 1 boot 0 teach 1 base 1 heur 0 | avg reward -0.000 
PPO linea    [####################--------]  74.3% 37159/50000 |  111.8/s | elapsed 5m 32s | eta 1m 55s | process workers | seats 8 | tracked 30 | cur 2 hist 1 boot 1 teach 2 base 1 heur 1 | avg reward -0.000 
PPO linea    [####################--------]  74.4% 37181/50000 |  111.8/s | elapsed 5m 33s | eta 1m 55s | process workers | seats 8 | tracked 15 | cur 1 hist 4 boot 0 teach 1 base 1 heur 1 | avg reward -0.000 
PPO linea    [####################--------]  74.4% 37203/50000 |  111.8/s | elapsed 5m 33s | eta 1m 54s | process workers | seats 8 | tracked 15 | cur 1 hist 4 boot 0 teach 2 base 1 heur 0 | avg reward -0.000 
PPO linea    [####################--------]  74.5% 37225/50000 |  111.8/s | elapsed 5m 33s | eta 1m 54s | process workers | seats 6 | tracked 15 | cur 1 hist 0 boot 4 teach 1 base 0 heur 0 | avg reward -0.000 
PPO linea    [####################--------]  74.5% 37247/50000 |  111.8/s | elapsed 5m 33s | eta 1m 54s | process workers | seats 2 | tracked 15 | cur 1 hist 0 boot 0 teach 1 base 0 heur 0 | avg reward -0.000 
PPO linea    [####################--------]  74.5% 37269/50000 |  111.8/s | elapsed 5m 33s | eta 1m 54s | process workers | seats 4 | tracked 15 | cur 1 hist 0 boot 0 teach 3 base 0 heur 0 | avg reward -0.000 
PPO linea    [####################--------]  74.6% 37291/50000 |  111.8/s | elapsed 5m 34s | eta 1m 54s | process workers | seats 4 | tracked 15 | cur 1 hist 1 boot 1 teach 0 base 1 heur 0 | avg reward -0.000 
PPO linea    [####################--------]  74.6% 37313/50000 |  111.8/s | elapsed 5m 34s | eta 1m 53s | process workers | seats 10 | tracked 30 | cur 2 hist 2 boot 1 teach 5 base 0 heur 0 | avg reward -0.000
PPO linea    [####################--------]  74.7% 37335/50000 |  111.8/s | elapsed 5m 34s | eta 1m 53s | process workers | seats 10 | tracked 15 | cur 1 hist 4 boot 2 teach 3 base 0 heur 0 | avg reward -0.000
PPO linea    [####################--------]  74.7% 37357/50000 |  111.8/s | elapsed 5m 34s | eta 1m 53s | process workers | seats 6 | tracked 15 | cur 1 hist 5 boot 0 teach 0 base 0 heur 0 | avg reward -0.000 
PPO linea    [####################--------]  74.8% 37379/50000 |  111.8/s | elapsed 5m 34s | eta 1m 53s | process workers | seats 10 | tracked 15 | cur 1 hist 1 boot 5 teach 2 base 0 heur 1 | avg reward -0.000
PPO linea    [####################--------]  74.8% 37401/50000 |  111.8/s | elapsed 5m 35s | eta 1m 53s | process workers | seats 10 | tracked 15 | cur 1 hist 1 boot 2 teach 5 base 0 heur 1 | avg reward -0.000
PPO linea    [####################--------]  74.8% 37423/50000 |  111.8/s | elapsed 5m 35s | eta 1m 53s | process workers | seats 4 | tracked 15 | cur 1 hist 0 boot 0 teach 2 base 1 heur 0 | avg reward -0.000 
PPO linea    [####################--------]  74.9% 37445/50000 |  111.8/s | elapsed 5m 35s | eta 1m 52s | process workers | seats 10 | tracked 15 | cur 1 hist 2 boot 3 teach 3 base 0 heur 1 | avg reward -0.000
PPO linea    [####################--------]  74.9% 37467/50000 |  111.8/s | elapsed 5m 35s | eta 1m 52s | process workers | seats 8 | tracked 15 | cur 1 hist 0 boot 3 teach 2 base 0 heur 2 | avg reward -0.000 
PPO linea    [####################--------]  75.0% 37489/50000 |  111.8/s | elapsed 5m 35s | eta 1m 52s | process workers | seats 10 | tracked 15 | cur 1 hist 1 boot 1 teach 5 base 2 heur 0 | avg reward -0.000
PPO linea    [#####################-------]  75.0% 37511/50000 |  111.8/s | elapsed 5m 36s | eta 1m 52s | process workers | seats 10 | tracked 15 | cur 1 hist 1 boot 3 teach 3 base 2 heur 0 | avg reward -0.000
PPO linea    [#####################-------]  75.1% 37533/50000 |  111.8/s | elapsed 5m 36s | eta 1m 52s | process workers | seats 8 | tracked 15 | cur 1 hist 0 boot 2 teach 4 base 0 heur 1 | avg reward -0.000 
PPO linea    [#####################-------]  75.1% 37555/50000 |  111.8/s | elapsed 5m 36s | eta 1m 51s | process workers | seats 4 | tracked 15 | cur 1 hist 0 boot 1 teach 2 base 0 heur 0 | avg reward -0.000 
PPO linea    [#####################-------]  75.2% 37577/50000 |  111.8/s | elapsed 5m 36s | eta 1m 51s | process workers | seats 2 | tracked 15 | cur 1 hist 0 boot 0 teach 0 base 1 heur 0 | avg reward -0.000 
PPO linea    [#####################-------]  75.2% 37599/50000 |  111.8/s | elapsed 5m 36s | eta 1m 51s | process workers | seats 8 | tracked 15 | cur 1 hist 2 boot 1 teach 3 base 1 heur 0 | avg reward -0.000 
PPO linea    [#####################-------]  75.2% 37621/50000 |  111.8/s | elapsed 5m 37s | eta 1m 51s | process workers | seats 4 | tracked 15 | cur 1 hist 0 boot 0 teach 1 base 1 heur 1 | avg reward -0.000 
PPO linea    [#####################-------]  75.3% 37643/50000 |  111.8/s | elapsed 5m 37s | eta 1m 51s | process workers | seats 2 | tracked 15 | cur 1 hist 0 boot 0 teach 0 base 1 heur 0 | avg reward -0.000 
PPO linea    [#####################-------]  75.3% 37665/50000 |  111.8/s | elapsed 5m 37s | eta 1m 50s | process workers | seats 4 | tracked 15 | cur 1 hist 1 boot 1 teach 1 base 0 heur 0 | avg reward -0.000 
PPO linea    [#####################-------]  75.4% 37687/50000 |  111.8/s | elapsed 5m 37s | eta 1m 50s | process workers | seats 10 | tracked 15 | cur 1 hist 3 boot 2 teach 2 base 2 heur 0 | avg reward -0.000
PPO linea    [#####################-------]  75.4% 37709/50000 |  111.8/s | elapsed 5m 37s | eta 1m 50s | process workers | seats 8 | tracked 15 | cur 1 hist 1 boot 1 teach 4 base 1 heur 0 | avg reward -0.000 
PPO linea    [#####################-------]  75.5% 37731/50000 |  111.8/s | elapsed 5m 37s | eta 1m 50s | process workers | seats 8 | tracked 15 | cur 1 hist 1 boot 2 teach 2 base 1 heur 1 | avg reward -0.000 
PPO linea    [#####################-------]  75.5% 37753/50000 |  111.8/s | elapsed 5m 38s | eta 1m 50s | process workers | seats 4 | tracked 15 | cur 1 hist 1 boot 1 teach 1 base 0 heur 0 | avg reward -0.000 
PPO linea    [#####################-------]  75.5% 37775/50000 |  111.8/s | elapsed 5m 38s | eta 1m 49s | process workers | seats 10 | tracked 15 | cur 1 hist 2 boot 1 teach 3 base 2 heur 1 | avg reward -0.000
PPO linea    [#####################-------]  75.6% 37797/50000 |  111.8/s | elapsed 5m 38s | eta 1m 49s | process workers | seats 6 | tracked 15 | cur 1 hist 1 boot 1 teach 3 base 0 heur 0 | avg reward -0.000 
PPO linea    [#####################-------]  75.6% 37819/50000 |  111.8/s | elapsed 5m 38s | eta 1m 49s | process workers | seats 4 | tracked 15 | cur 1 hist 0 boot 1 teach 1 base 1 heur 0 | avg reward -0.000 
PPO linea    [#####################-------]  75.7% 37841/50000 |  111.8/s | elapsed 5m 38s | eta 1m 49s | process workers | seats 4 | tracked 15 | cur 1 hist 1 boot 0 teach 2 base 0 heur 0 | avg reward -0.000 
PPO linea    [#####################-------]  75.7% 37863/50000 |  111.8/s | elapsed 5m 39s | eta 1m 49s | process workers | seats 6 | tracked 15 | cur 1 hist 1 boot 2 teach 1 base 0 heur 1 | avg reward -0.000 
PPO linea    [#####################-------]  75.8% 37885/50000 |  111.8/s | elapsed 5m 39s | eta 1m 48s | process workers | seats 4 | tracked 15 | cur 1 hist 1 boot 0 teach 1 base 1 heur 0 | avg reward -0.000 
PPO linea    [#####################-------]  75.8% 37907/50000 |  111.8/s | elapsed 5m 39s | eta 1m 48s | process workers | seats 2 | tracked 15 | cur 1 hist 0 boot 0 teach 1 base 0 heur 0 | avg reward -0.000 
PPO linea    [#####################-------]  75.9% 37929/50000 |  111.8/s | elapsed 5m 39s | eta 1m 48s | process workers | seats 4 | tracked 15 | cur 1 hist 0 boot 1 teach 2 base 0 heur 0 | avg reward -0.000 
PPO linea    [#####################-------]  75.9% 37951/50000 |  111.8/s | elapsed 5m 39s | eta 1m 48s | process workers | seats 8 | tracked 15 | cur 1 hist 1 boot 1 teach 3 base 2 heur 0 | avg reward -0.000 
PPO linea    [#####################-------]  75.9% 37973/50000 |  111.8/s | elapsed 5m 40s | eta 1m 48s | process workers | seats 6 | tracked 15 | cur 1 hist 1 boot 0 teach 3 base 1 heur 0 | avg reward -0.000 
PPO linea    [#####################-------]  76.0% 37995/50000 |  111.8/s | elapsed 5m 40s | eta 1m 47s | process workers | seats 4 | tracked 15 | cur 1 hist 1 boot 0 teach 2 base 0 heur 0 | avg reward -0.000 
PPO linea    [#####################-------]  76.0% 38017/50000 |  111.8/s | elapsed 5m 40s | eta 1m 47s | process workers | seats 6 | tracked 15 | cur 1 hist 0 boot 0 teach 2 base 2 heur 1 | avg reward -0.000 
PPO linea    [#####################-------]  76.1% 38039/50000 |  111.8/s | elapsed 5m 40s | eta 1m 47s | process workers | seats 10 | tracked 15 | cur 1 hist 2 boot 1 teach 5 base 0 heur 1 | avg reward -0.000
PPO linea    [#####################-------]  76.1% 38061/50000 |  111.8/s | elapsed 5m 40s | eta 1m 47s | process workers | seats 10 | tracked 15 | cur 1 hist 2 boot 2 teach 1 base 4 heur 0 | avg reward -0.000
PPO linea    [#####################-------]  76.2% 38083/50000 |  111.8/s | elapsed 5m 41s | eta 1m 47s | process workers | seats 10 | tracked 30 | cur 2 hist 3 boot 1 teach 0 base 3 heur 1 | avg reward -0.000
PPO linea    [#####################-------]  76.2% 38105/50000 |  111.8/s | elapsed 5m 41s | eta 1m 46s | process workers | seats 4 | tracked 15 | cur 1 hist 0 boot 1 teach 2 base 0 heur 0 | avg reward -0.000 
PPO linea    [#####################-------]  76.3% 38127/50000 |  111.8/s | elapsed 5m 41s | eta 1m 46s | process workers | seats 2 | tracked 15 | cur 1 hist 0 boot 1 teach 0 base 0 heur 0 | avg reward -0.000 
PPO linea    [#####################-------]  76.3% 38149/50000 |  111.8/s | elapsed 5m 41s | eta 1m 46s | process workers | seats 10 | tracked 15 | cur 1 hist 3 boot 0 teach 5 base 1 heur 0 | avg reward -0.000
PPO linea    [#####################-------]  76.3% 38171/50000 |  111.8/s | elapsed 5m 41s | eta 1m 46s | process workers | seats 10 | tracked 15 | cur 1 hist 1 boot 3 teach 4 base 1 heur 0 | avg reward -0.000
PPO linea    [#####################-------]  76.4% 38193/50000 |  111.8/s | elapsed 5m 42s | eta 1m 46s | process workers | seats 4 | tracked 15 | cur 1 hist 2 boot 0 teach 1 base 0 heur 0 | avg reward -0.000 
PPO linea    [#####################-------]  76.4% 38215/50000 |  111.8/s | elapsed 5m 42s | eta 1m 45s | process workers | seats 10 | tracked 30 | cur 2 hist 1 boot 2 teach 2 base 1 heur 2 | avg reward -0.000
PPO linea    [#####################-------]  76.5% 38237/50000 |  111.8/s | elapsed 5m 42s | eta 1m 45s | process workers | seats 10 | tracked 15 | cur 1 hist 0 boot 0 teach 7 base 1 heur 1 | avg reward -0.000
PPO linea    [#####################-------]  76.5% 38259/50000 |  111.8/s | elapsed 5m 42s | eta 1m 45s | process workers | seats 8 | tracked 15 | cur 1 hist 2 boot 0 teach 4 base 1 heur 0 | avg reward -0.000 
PPO linea    [#####################-------]  76.6% 38281/50000 |  111.8/s | elapsed 5m 42s | eta 1m 45s | process workers | seats 4 | tracked 15 | cur 1 hist 0 boot 2 teach 0 base 1 heur 0 | avg reward -0.000 
PPO linea    [#####################-------]  76.6% 38303/50000 |  111.8/s | elapsed 5m 43s | eta 1m 45s | process workers | seats 6 | tracked 15 | cur 1 hist 2 boot 1 teach 0 base 1 heur 1 | avg reward -0.000 
PPO linea    [#####################-------]  76.6% 38325/50000 |  111.8/s | elapsed 5m 43s | eta 1m 44s | process workers | seats 10 | tracked 15 | cur 1 hist 2 boot 0 teach 4 base 1 heur 2 | avg reward -0.000
PPO linea    [#####################-------]  76.7% 38347/50000 |  111.8/s | elapsed 5m 43s | eta 1m 44s | process workers | seats 10 | tracked 15 | cur 1 hist 1 boot 2 teach 4 base 2 heur 0 | avg reward -0.000
PPO linea    [#####################-------]  76.7% 38369/50000 |  111.8/s | elapsed 5m 43s | eta 1m 44s | process workers | seats 8 | tracked 15 | cur 1 hist 0 boot 3 teach 3 base 1 heur 0 | avg reward -0.000 
PPO linea    [#####################-------]  76.8% 38391/50000 |  111.8/s | elapsed 5m 43s | eta 1m 44s | process workers | seats 4 | tracked 15 | cur 1 hist 0 boot 3 teach 0 base 0 heur 0 | avg reward -0.000 
PPO linea    [#####################-------]  76.8% 38413/50000 |  111.8/s | elapsed 5m 44s | eta 1m 44s | process workers | seats 6 | tracked 15 | cur 1 hist 0 boot 1 teach 3 base 1 heur 0 | avg reward -0.000 
PPO linea    [#####################-------]  76.9% 38435/50000 |  111.8/s | elapsed 5m 44s | eta 1m 43s | process workers | seats 10 | tracked 15 | cur 1 hist 0 boot 1 teach 6 base 1 heur 1 | avg reward -0.000
PPO linea    [#####################-------]  76.9% 38457/50000 |  111.8/s | elapsed 5m 44s | eta 1m 43s | process workers | seats 8 | tracked 30 | cur 2 hist 1 boot 0 teach 4 base 1 heur 0 | avg reward -0.000 
PPO linea    [#####################-------]  77.0% 38479/50000 |  111.8/s | elapsed 5m 44s | eta 1m 43s | process workers | seats 8 | tracked 15 | cur 1 hist 3 boot 1 teach 1 base 1 heur 1 | avg reward -0.000 
PPO linea    [#####################-------]  77.0% 38501/50000 |  111.8/s | elapsed 5m 44s | eta 1m 43s | process workers | seats 4 | tracked 15 | cur 1 hist 1 boot 1 teach 1 base 0 heur 0 | avg reward -0.000 
PPO linea    [#####################-------]  77.0% 38523/50000 |  111.8/s | elapsed 5m 45s | eta 1m 43s | process workers | seats 2 | tracked 15 | cur 1 hist 0 boot 1 teach 0 base 0 heur 0 | avg reward -0.000 
PPO linea    [#####################-------]  77.1% 38545/50000 |  111.8/s | elapsed 5m 45s | eta 1m 42s | process workers | seats 6 | tracked 15 | cur 1 hist 2 boot 2 teach 0 base 0 heur 1 | avg reward -0.000 
PPO linea    [#####################-------]  77.1% 38567/50000 |  111.8/s | elapsed 5m 45s | eta 1m 42s | process workers | seats 4 | tracked 15 | cur 1 hist 0 boot 1 teach 2 base 0 heur 0 | avg reward -0.000 
PPO linea    [#####################-------]  77.2% 38589/50000 |  111.8/s | elapsed 5m 45s | eta 1m 42s | process workers | seats 6 | tracked 15 | cur 1 hist 1 boot 0 teach 1 base 2 heur 1 | avg reward -0.000 
PPO linea    [#####################-------]  77.2% 38611/50000 |  111.8/s | elapsed 5m 45s | eta 1m 42s | process workers | seats 6 | tracked 15 | cur 1 hist 1 boot 2 teach 1 base 1 heur 0 | avg reward -0.000 
PPO linea    [#####################-------]  77.3% 38633/50000 |  111.8/s | elapsed 5m 45s | eta 1m 42s | process workers | seats 4 | tracked 15 | cur 1 hist 0 boot 1 teach 1 base 0 heur 1 | avg reward -0.000 
PPO linea    [#####################-------]  77.3% 38655/50000 |  111.8/s | elapsed 5m 46s | eta 1m 41s | process workers | seats 8 | tracked 15 | cur 1 hist 2 boot 1 teach 2 base 0 heur 2 | avg reward -0.000 
PPO linea    [#####################-------]  77.4% 38677/50000 |  111.8/s | elapsed 5m 46s | eta 1m 41s | process workers | seats 6 | tracked 15 | cur 1 hist 0 boot 2 teach 3 base 0 heur 0 | avg reward -0.000 
PPO linea    [#####################-------]  77.4% 38699/50000 |  111.8/s | elapsed 5m 46s | eta 1m 41s | process workers | seats 8 | tracked 15 | cur 1 hist 1 boot 1 teach 4 base 1 heur 0 | avg reward -0.000 
PPO linea    [#####################-------]  77.4% 38721/50000 |  111.8/s | elapsed 5m 46s | eta 1m 41s | process workers | seats 8 | tracked 30 | cur 2 hist 1 boot 0 teach 2 base 2 heur 1 | avg reward -0.000 
PPO linea    [#####################-------]  77.5% 38743/50000 |  111.8/s | elapsed 5m 46s | eta 1m 41s | process workers | seats 6 | tracked 15 | cur 1 hist 1 boot 2 teach 1 base 1 heur 0 | avg reward -0.000 
PPO linea    [#####################-------]  77.5% 38765/50000 |  111.8/s | elapsed 5m 47s | eta 1m 40s | process workers | seats 10 | tracked 30 | cur 2 hist 2 boot 0 teach 5 base 1 heur 0 | avg reward -0.000
PPO linea    [#####################-------]  77.6% 38787/50000 |  111.8/s | elapsed 5m 47s | eta 1m 40s | process workers | seats 8 | tracked 30 | cur 2 hist 0 boot 1 teach 5 base 0 heur 0 | avg reward -0.000 
PPO linea    [#####################-------]  77.6% 38809/50000 |  111.8/s | elapsed 5m 47s | eta 1m 40s | process workers | seats 10 | tracked 30 | cur 2 hist 1 boot 2 teach 3 base 2 heur 0 | avg reward -0.000
PPO linea    [#####################-------]  77.7% 38831/50000 |  111.8/s | elapsed 5m 47s | eta 1m 40s | process workers | seats 4 | tracked 15 | cur 1 hist 0 boot 0 teach 2 base 1 heur 0 | avg reward -0.000 
PPO linea    [#####################-------]  77.7% 38853/50000 |  111.8/s | elapsed 5m 47s | eta 1m 40s | process workers | seats 4 | tracked 15 | cur 1 hist 1 boot 0 teach 1 base 0 heur 1 | avg reward -0.000 
PPO linea    [#####################-------]  77.8% 38875/50000 |  111.8/s | elapsed 5m 48s | eta 1m 39s | process workers | seats 10 | tracked 15 | cur 1 hist 2 boot 3 teach 3 base 1 heur 0 | avg reward -0.000
PPO linea    [#####################-------]  77.8% 38897/50000 |  111.8/s | elapsed 5m 48s | eta 1m 39s | process workers | seats 6 | tracked 15 | cur 1 hist 2 boot 0 teach 1 base 0 heur 2 | avg reward -0.000 
PPO linea    [#####################-------]  77.8% 38919/50000 |  111.8/s | elapsed 5m 48s | eta 1m 39s | process workers | seats 6 | tracked 15 | cur 1 hist 2 boot 0 teach 2 base 1 heur 0 | avg reward -0.000 
PPO linea    [#####################-------]  77.9% 38941/50000 |  111.8/s | elapsed 5m 48s | eta 1m 39s | process workers | seats 8 | tracked 30 | cur 2 hist 1 boot 0 teach 4 base 1 heur 0 | avg reward -0.000 
PPO linea    [#####################-------]  77.9% 38963/50000 |  111.8/s | elapsed 5m 48s | eta 1m 39s | process workers | seats 6 | tracked 15 | cur 1 hist 1 boot 1 teach 1 base 2 heur 0 | avg reward -0.000 
PPO linea    [#####################-------]  78.0% 38985/50000 |  111.8/s | elapsed 5m 49s | eta 1m 38s | process workers | seats 6 | tracked 15 | cur 1 hist 3 boot 1 teach 1 base 0 heur 0 | avg reward -0.000 
PPO linea    [#####################-------]  78.0% 39007/50000 |  111.8/s | elapsed 5m 49s | eta 1m 38s | process workers | seats 6 | tracked 15 | cur 1 hist 2 boot 1 teach 2 base 0 heur 0 | avg reward -0.000 
PPO linea    [#####################-------]  78.1% 39029/50000 |  111.8/s | elapsed 5m 49s | eta 1m 38s | process workers | seats 10 | tracked 30 | cur 2 hist 1 boot 1 teach 6 base 0 heur 0 | avg reward -0.000
PPO linea    [#####################-------]  78.1% 39051/50000 |  111.9/s | elapsed 5m 49s | eta 1m 38s | process workers | seats 6 | tracked 15 | cur 1 hist 2 boot 1 teach 2 base 0 heur 0 | avg reward -0.000 
PPO linea    [#####################-------]  78.1% 39073/50000 |  111.9/s | elapsed 5m 49s | eta 1m 38s | process workers | seats 10 | tracked 15 | cur 1 hist 2 boot 2 teach 2 base 2 heur 1 | avg reward -0.000
PPO linea    [#####################-------]  78.2% 39095/50000 |  111.9/s | elapsed 5m 49s | eta 1m 37s | process workers | seats 10 | tracked 15 | cur 1 hist 2 boot 1 teach 4 base 2 heur 0 | avg reward -0.000
PPO linea    [#####################-------]  78.2% 39117/50000 |  111.9/s | elapsed 5m 50s | eta 1m 37s | process workers | seats 10 | tracked 15 | cur 1 hist 3 boot 0 teach 5 base 1 heur 0 | avg reward -0.000
PPO linea    [#####################-------]  78.3% 39139/50000 |  111.9/s | elapsed 5m 50s | eta 1m 37s | process workers | seats 10 | tracked 15 | cur 1 hist 3 boot 2 teach 2 base 1 heur 1 | avg reward -0.000
PPO linea    [#####################-------]  78.3% 39161/50000 |  111.9/s | elapsed 5m 50s | eta 1m 37s | process workers | seats 6 | tracked 15 | cur 1 hist 1 boot 0 teach 2 base 1 heur 1 | avg reward -0.000 
PPO linea    [#####################-------]  78.4% 39183/50000 |  111.9/s | elapsed 5m 50s | eta 1m 37s | process workers | seats 10 | tracked 15 | cur 1 hist 1 boot 4 teach 4 base 0 heur 0 | avg reward -0.000
PPO linea    [#####################-------]  78.4% 39205/50000 |  111.9/s | elapsed 5m 50s | eta 1m 37s | process workers | seats 2 | tracked 15 | cur 1 hist 0 boot 0 teach 0 base 1 heur 0 | avg reward -0.000 
PPO linea    [#####################-------]  78.5% 39227/50000 |  111.9/s | elapsed 5m 51s | eta 1m 36s | process workers | seats 10 | tracked 30 | cur 2 hist 3 boot 0 teach 0 base 5 heur 0 | avg reward -0.000
PPO linea    [#####################-------]  78.5% 39249/50000 |  111.9/s | elapsed 5m 51s | eta 1m 36s | process workers | seats 4 | tracked 15 | cur 1 hist 1 boot 0 teach 0 base 2 heur 0 | avg reward -0.000 
PPO linea    [#####################-------]  78.5% 39271/50000 |  111.9/s | elapsed 5m 51s | eta 1m 36s | process workers | seats 8 | tracked 15 | cur 1 hist 1 boot 1 teach 4 base 1 heur 0 | avg reward -0.000 
PPO linea    [######################------]  78.6% 39293/50000 |  111.9/s | elapsed 5m 51s | eta 1m 36s | process workers | seats 4 | tracked 15 | cur 1 hist 0 boot 1 teach 2 base 0 heur 0 | avg reward -0.000 
PPO linea    [######################------]  78.6% 39315/50000 |  111.9/s | elapsed 5m 51s | eta 1m 36s | process workers | seats 10 | tracked 15 | cur 1 hist 3 boot 0 teach 3 base 3 heur 0 | avg reward -0.000
PPO linea    [######################------]  78.7% 39337/50000 |  111.9/s | elapsed 5m 52s | eta 1m 35s | process workers | seats 10 | tracked 30 | cur 2 hist 1 boot 0 teach 6 base 0 heur 1 | avg reward -0.000
PPO linea    [######################------]  78.7% 39359/50000 |  111.9/s | elapsed 5m 52s | eta 1m 35s | process workers | seats 4 | tracked 15 | cur 1 hist 0 boot 0 teach 1 base 1 heur 1 | avg reward -0.000 
PPO linea    [######################------]  78.8% 39381/50000 |  111.9/s | elapsed 5m 52s | eta 1m 35s | process workers | seats 8 | tracked 15 | cur 1 hist 2 boot 1 teach 4 base 0 heur 0 | avg reward -0.000 
PPO linea    [######################------]  78.8% 39403/50000 |  111.9/s | elapsed 5m 52s | eta 1m 35s | process workers | seats 8 | tracked 30 | cur 2 hist 3 boot 1 teach 2 base 0 heur 0 | avg reward -0.000 
PPO linea    [######################------]  78.8% 39425/50000 |  111.9/s | elapsed 5m 52s | eta 1m 35s | process workers | seats 6 | tracked 15 | cur 1 hist 1 boot 1 teach 3 base 0 heur 0 | avg reward -0.000 
PPO linea    [######################------]  78.9% 39447/50000 |  111.9/s | elapsed 5m 53s | eta 1m 34s | process workers | seats 4 | tracked 15 | cur 1 hist 1 boot 0 teach 1 base 1 heur 0 | avg reward -0.000 
PPO linea    [######################------]  78.9% 39469/50000 |  111.9/s | elapsed 5m 53s | eta 1m 34s | process workers | seats 6 | tracked 15 | cur 1 hist 2 boot 0 teach 1 base 2 heur 0 | avg reward -0.000 
PPO linea    [######################------]  79.0% 39491/50000 |  111.9/s | elapsed 5m 53s | eta 1m 34s | process workers | seats 6 | tracked 15 | cur 1 hist 1 boot 1 teach 2 base 0 heur 1 | avg reward -0.000 
PPO linea    [######################------]  79.0% 39513/50000 |  111.9/s | elapsed 5m 53s | eta 1m 34s | process workers | seats 10 | tracked 15 | cur 1 hist 0 boot 2 teach 7 base 0 heur 0 | avg reward -0.000
PPO linea    [######################------]  79.1% 39535/50000 |  111.9/s | elapsed 5m 53s | eta 1m 34s | process workers | seats 4 | tracked 15 | cur 1 hist 1 boot 0 teach 1 base 0 heur 1 | avg reward -0.000 
PPO linea    [######################------]  79.1% 39557/50000 |  111.9/s | elapsed 5m 54s | eta 1m 33s | process workers | seats 8 | tracked 15 | cur 1 hist 2 boot 3 teach 2 base 0 heur 0 | avg reward -0.000 
PPO linea    [######################------]  79.2% 39579/50000 |  111.9/s | elapsed 5m 54s | eta 1m 33s | process workers | seats 8 | tracked 15 | cur 1 hist 0 boot 2 teach 4 base 1 heur 0 | avg reward -0.000 
PPO linea    [######################------]  79.2% 39601/50000 |  111.9/s | elapsed 5m 54s | eta 1m 33s | process workers | seats 4 | tracked 15 | cur 1 hist 0 boot 0 teach 1 base 1 heur 1 | avg reward -0.000 
PPO linea    [######################------]  79.2% 39623/50000 |  111.9/s | elapsed 5m 54s | eta 1m 33s | process workers | seats 10 | tracked 30 | cur 2 hist 2 boot 1 teach 5 base 0 heur 0 | avg reward -0.000
PPO linea    [######################------]  79.3% 39645/50000 |  111.9/s | elapsed 5m 54s | eta 1m 33s | process workers | seats 4 | tracked 15 | cur 1 hist 1 boot 0 teach 2 base 0 heur 0 | avg reward -0.000 
PPO linea    [######################------]  79.3% 39667/50000 |  111.9/s | elapsed 5m 55s | eta 1m 32s | process workers | seats 6 | tracked 15 | cur 1 hist 1 boot 2 teach 2 base 0 heur 0 | avg reward -0.000 
PPO linea    [######################------]  79.4% 39689/50000 |  111.9/s | elapsed 5m 55s | eta 1m 32s | process workers | seats 2 | tracked 15 | cur 1 hist 1 boot 0 teach 0 base 0 heur 0 | avg reward -0.000 
PPO linea    [######################------]  79.4% 39711/50000 |  111.9/s | elapsed 5m 55s | eta 1m 32s | process workers | seats 8 | tracked 15 | cur 1 hist 0 boot 0 teach 6 base 1 heur 0 | avg reward -0.000 
PPO linea    [######################------]  79.5% 39733/50000 |  111.9/s | elapsed 5m 55s | eta 1m 32s | process workers | seats 6 | tracked 15 | cur 1 hist 0 boot 1 teach 2 base 2 heur 0 | avg reward -0.000 
PPO linea    [######################------]  79.5% 39755/50000 |  111.9/s | elapsed 5m 55s | eta 1m 32s | process workers | seats 10 | tracked 15 | cur 1 hist 3 boot 0 teach 5 base 1 heur 0 | avg reward -0.000
PPO linea    [######################------]  79.6% 39777/50000 |  111.9/s | elapsed 5m 56s | eta 1m 31s | process workers | seats 10 | tracked 30 | cur 2 hist 0 boot 2 teach 6 base 0 heur 0 | avg reward -0.000
PPO linea    [######################------]  79.6% 39799/50000 |  111.9/s | elapsed 5m 56s | eta 1m 31s | process workers | seats 4 | tracked 15 | cur 1 hist 0 boot 1 teach 0 base 2 heur 0 | avg reward -0.000 
PPO linea    [######################------]  79.6% 39821/50000 |  111.9/s | elapsed 5m 56s | eta 1m 31s | process workers | seats 8 | tracked 15 | cur 1 hist 1 boot 2 teach 2 base 2 heur 0 | avg reward -0.000 
PPO linea    [######################------]  79.7% 39843/50000 |  111.9/s | elapsed 5m 56s | eta 1m 31s | process workers | seats 6 | tracked 15 | cur 1 hist 2 boot 1 teach 2 base 0 heur 0 | avg reward -0.000 
PPO linea    [######################------]  79.7% 39865/50000 |  111.9/s | elapsed 5m 56s | eta 1m 31s | process workers | seats 8 | tracked 15 | cur 1 hist 1 boot 4 teach 1 base 1 heur 0 | avg reward -0.000 
PPO linea    [######################------]  79.8% 39887/50000 |  111.9/s | elapsed 5m 56s | eta 1m 30s | process workers | seats 4 | tracked 15 | cur 1 hist 1 boot 1 teach 1 base 0 heur 0 | avg reward -0.000 
PPO linea    [######################------]  79.8% 39909/50000 |  111.9/s | elapsed 5m 57s | eta 1m 30s | process workers | seats 6 | tracked 15 | cur 1 hist 0 boot 1 teach 2 base 1 heur 1 | avg reward -0.000 
PPO linea    [######################------]  79.9% 39931/50000 |  111.9/s | elapsed 5m 57s | eta 1m 30s | process workers | seats 8 | tracked 30 | cur 2 hist 2 boot 2 teach 2 base 0 heur 0 | avg reward -0.000 
PPO linea    [######################------]  79.9% 39953/50000 |  111.9/s | elapsed 5m 57s | eta 1m 30s | process workers | seats 4 | tracked 15 | cur 1 hist 0 boot 0 teach 2 base 1 heur 0 | avg reward -0.000 
PPO linea    [######################------]  80.0% 39975/50000 |  111.9/s | elapsed 5m 57s | eta 1m 30s | process workers | seats 6 | tracked 15 | cur 1 hist 1 boot 1 teach 2 base 1 heur 0 | avg reward -0.000 
PPO linea    [######################------]  80.0% 39997/50000 |  111.9/s | elapsed 5m 57s | eta 1m 29s | process workers | seats 6 | tracked 15 | cur 1 hist 1 boot 3 teach 0 base 1 heur 0 | avg reward -0.000 
PPO linea    [######################------]  80.0% 40019/50000 |  111.9/s | elapsed 5m 58s | eta 1m 29s | process workers | seats 10 | tracked 15 | cur 1 hist 1 boot 0 teach 8 base 0 heur 0 | avg reward -0.000
PPO linea    [######################------]  80.1% 40041/50000 |  111.9/s | elapsed 5m 58s | eta 1m 29s | process workers | seats 8 | tracked 30 | cur 2 hist 1 boot 3 teach 2 base 0 heur 0 | avg reward -0.000 
PPO linea    [######################------]  80.1% 40063/50000 |  111.9/s | elapsed 5m 58s | eta 1m 29s | process workers | seats 8 | tracked 30 | cur 2 hist 0 boot 1 teach 4 base 1 heur 0 | avg reward -0.000 
PPO linea    [######################------]  80.2% 40085/50000 |  111.9/s | elapsed 5m 58s | eta 1m 29s | process workers | seats 4 | tracked 15 | cur 1 hist 1 boot 1 teach 1 base 0 heur 0 | avg reward -0.000 
PPO linea    [######################------]  80.2% 40107/50000 |  111.9/s | elapsed 5m 58s | eta 1m 28s | process workers | seats 2 | tracked 15 | cur 1 hist 0 boot 0 teach 0 base 1 heur 0 | avg reward -0.000 
PPO linea    [######################------]  80.3% 40129/50000 |  111.9/s | elapsed 5m 59s | eta 1m 28s | process workers | seats 4 | tracked 15 | cur 1 hist 2 boot 0 teach 1 base 0 heur 0 | avg reward -0.000 
PPO linea    [######################------]  80.3% 40151/50000 |  111.9/s | elapsed 5m 59s | eta 1m 28s | process workers | seats 10 | tracked 15 | cur 1 hist 3 boot 0 teach 3 base 3 heur 0 | avg reward -0.000
PPO linea    [######################------]  80.3% 40173/50000 |  111.9/s | elapsed 5m 59s | eta 1m 28s | process workers | seats 4 | tracked 15 | cur 1 hist 0 boot 0 teach 3 base 0 heur 0 | avg reward -0.000 
PPO linea    [######################------]  80.4% 40195/50000 |  111.9/s | elapsed 5m 59s | eta 1m 28s | process workers | seats 10 | tracked 15 | cur 1 hist 3 boot 1 teach 3 base 2 heur 0 | avg reward -0.000
PPO linea    [######################------]  80.4% 40217/50000 |  111.9/s | elapsed 5m 59s | eta 1m 27s | process workers | seats 4 | tracked 15 | cur 1 hist 1 boot 1 teach 0 base 0 heur 1 | avg reward -0.000 
PPO linea    [######################------]  80.5% 40239/50000 |  111.9/s | elapsed 5m 59s | eta 1m 27s | process workers | seats 6 | tracked 15 | cur 1 hist 1 boot 1 teach 3 base 0 heur 0 | avg reward -0.000 
PPO linea    [######################------]  80.5% 40261/50000 |  111.9/s | elapsed 6m 0s | eta 1m 27s | process workers | seats 4 | tracked 15 | cur 1 hist 1 boot 1 teach 1 base 0 heur 0 | avg reward -0.000  
PPO linea    [######################------]  80.6% 40283/50000 |  111.9/s | elapsed 6m 0s | eta 1m 27s | process workers | seats 4 | tracked 15 | cur 1 hist 0 boot 1 teach 1 base 1 heur 0 | avg reward -0.000  
PPO linea    [######################------]  80.6% 40305/50000 |  111.9/s | elapsed 6m 0s | eta 1m 27s | process workers | seats 8 | tracked 15 | cur 1 hist 3 boot 1 teach 2 base 0 heur 1 | avg reward -0.000  
PPO linea    [######################------]  80.7% 40327/50000 |  111.9/s | elapsed 6m 0s | eta 1m 26s | process workers | seats 10 | tracked 30 | cur 2 hist 1 boot 3 teach 1 base 2 heur 1 | avg reward -0.000 
PPO linea    [######################------]  80.7% 40349/50000 |  111.9/s | elapsed 6m 0s | eta 1m 26s | process workers | seats 4 | tracked 15 | cur 1 hist 0 boot 1 teach 2 base 0 heur 0 | avg reward -0.000  
PPO linea    [######################------]  80.7% 40371/50000 |  111.9/s | elapsed 6m 1s | eta 1m 26s | process workers | seats 8 | tracked 30 | cur 2 hist 3 boot 0 teach 2 base 0 heur 1 | avg reward -0.000  
PPO linea    [######################------]  80.8% 40393/50000 |  111.9/s | elapsed 6m 1s | eta 1m 26s | process workers | seats 6 | tracked 15 | cur 1 hist 0 boot 1 teach 2 base 2 heur 0 | avg reward -0.000  
PPO linea    [######################------]  80.8% 40415/50000 |  111.9/s | elapsed 6m 1s | eta 1m 26s | process workers | seats 4 | tracked 15 | cur 1 hist 0 boot 1 teach 1 base 1 heur 0 | avg reward -0.000  
PPO linea    [######################------]  80.9% 40437/50000 |  111.9/s | elapsed 6m 1s | eta 1m 25s | process workers | seats 4 | tracked 15 | cur 1 hist 1 boot 0 teach 2 base 0 heur 0 | avg reward -0.000  
PPO linea    [######################------]  80.9% 40459/50000 |  112.0/s | elapsed 6m 1s | eta 1m 25s | process workers | seats 10 | tracked 15 | cur 1 hist 1 boot 2 teach 5 base 1 heur 0 | avg reward -0.000 
PPO linea    [######################------]  81.0% 40481/50000 |  112.0/s | elapsed 6m 2s | eta 1m 25s | process workers | seats 4 | tracked 15 | cur 1 hist 0 boot 0 teach 2 base 1 heur 0 | avg reward -0.000  
PPO linea    [######################------]  81.0% 40503/50000 |  112.0/s | elapsed 6m 2s | eta 1m 25s | process workers | seats 4 | tracked 15 | cur 1 hist 0 boot 1 teach 1 base 0 heur 1 | avg reward -0.000  
PPO linea    [######################------]  81.0% 40525/50000 |  112.0/s | elapsed 6m 2s | eta 1m 25s | process workers | seats 8 | tracked 30 | cur 2 hist 2 boot 0 teach 3 base 1 heur 0 | avg reward -0.000  
PPO linea    [######################------]  81.1% 40547/50000 |  112.0/s | elapsed 6m 2s | eta 1m 24s | process workers | seats 10 | tracked 30 | cur 2 hist 0 boot 3 teach 3 base 2 heur 0 | avg reward -0.000 
PPO linea    [######################------]  81.1% 40569/50000 |  112.0/s | elapsed 6m 2s | eta 1m 24s | process workers | seats 2 | tracked 15 | cur 1 hist 1 boot 0 teach 0 base 0 heur 0 | avg reward -0.000  
PPO linea    [######################------]  81.2% 40591/50000 |  112.0/s | elapsed 6m 3s | eta 1m 24s | process workers | seats 8 | tracked 30 | cur 2 hist 1 boot 0 teach 4 base 0 heur 1 | avg reward -0.000  
PPO linea    [######################------]  81.2% 40613/50000 |  112.0/s | elapsed 6m 3s | eta 1m 24s | process workers | seats 8 | tracked 15 | cur 1 hist 0 boot 2 teach 3 base 2 heur 0 | avg reward -0.000  
PPO linea    [######################------]  81.3% 40635/50000 |  112.0/s | elapsed 6m 3s | eta 1m 24s | process workers | seats 8 | tracked 30 | cur 2 hist 0 boot 1 teach 1 base 3 heur 1 | avg reward -0.000  
PPO linea    [######################------]  81.3% 40657/50000 |  112.0/s | elapsed 6m 3s | eta 1m 23s | process workers | seats 4 | tracked 15 | cur 1 hist 1 boot 0 teach 0 base 2 heur 0 | avg reward -0.000  
PPO linea    [######################------]  81.4% 40679/50000 |  112.0/s | elapsed 6m 3s | eta 1m 23s | process workers | seats 8 | tracked 15 | cur 1 hist 2 boot 0 teach 4 base 1 heur 0 | avg reward -0.000  
PPO linea    [######################------]  81.4% 40701/50000 |  112.0/s | elapsed 6m 4s | eta 1m 23s | process workers | seats 6 | tracked 15 | cur 1 hist 2 boot 2 teach 0 base 1 heur 0 | avg reward -0.000  
PPO linea    [######################------]  81.4% 40723/50000 |  112.0/s | elapsed 6m 4s | eta 1m 23s | process workers | seats 6 | tracked 15 | cur 1 hist 0 boot 0 teach 3 base 0 heur 2 | avg reward -0.000  
PPO linea    [######################------]  81.5% 40745/50000 |  112.0/s | elapsed 6m 4s | eta 1m 23s | process workers | seats 8 | tracked 30 | cur 2 hist 2 boot 0 teach 3 base 1 heur 0 | avg reward -0.000  
PPO linea    [######################------]  81.5% 40767/50000 |  112.0/s | elapsed 6m 4s | eta 1m 22s | process workers | seats 4 | tracked 15 | cur 1 hist 0 boot 1 teach 1 base 0 heur 1 | avg reward -0.000  
PPO linea    [######################------]  81.6% 40789/50000 |  112.0/s | elapsed 6m 4s | eta 1m 22s | process workers | seats 8 | tracked 15 | cur 1 hist 1 boot 1 teach 3 base 1 heur 1 | avg reward -0.000  
PPO linea    [######################------]  81.6% 40811/50000 |  112.0/s | elapsed 6m 4s | eta 1m 22s | process workers | seats 4 | tracked 15 | cur 1 hist 1 boot 1 teach 1 base 0 heur 0 | avg reward -0.000  
PPO linea    [######################------]  81.7% 40833/50000 |  112.0/s | elapsed 6m 5s | eta 1m 22s | process workers | seats 10 | tracked 30 | cur 2 hist 3 boot 0 teach 2 base 3 heur 0 | avg reward -0.000 
PPO linea    [######################------]  81.7% 40855/50000 |  112.0/s | elapsed 6m 5s | eta 1m 22s | process workers | seats 6 | tracked 15 | cur 1 hist 1 boot 1 teach 1 base 0 heur 2 | avg reward -0.000  
PPO linea    [######################------]  81.8% 40877/50000 |  112.0/s | elapsed 6m 5s | eta 1m 21s | process workers | seats 6 | tracked 15 | cur 1 hist 2 boot 2 teach 1 base 0 heur 0 | avg reward -0.000  
PPO linea    [######################------]  81.8% 40899/50000 |  112.0/s | elapsed 6m 5s | eta 1m 21s | process workers | seats 8 | tracked 15 | cur 1 hist 0 boot 4 teach 3 base 0 heur 0 | avg reward -0.000  
PPO linea    [######################------]  81.8% 40921/50000 |  112.0/s | elapsed 6m 5s | eta 1m 21s | process workers | seats 8 | tracked 15 | cur 1 hist 1 boot 2 teach 3 base 0 heur 1 | avg reward -0.000  
PPO linea    [######################------]  81.9% 40943/50000 |  112.0/s | elapsed 6m 6s | eta 1m 21s | process workers | seats 4 | tracked 15 | cur 1 hist 0 boot 0 teach 1 base 2 heur 0 | avg reward -0.000  
PPO linea    [######################------]  81.9% 40965/50000 |  112.0/s | elapsed 6m 6s | eta 1m 21s | process workers | seats 6 | tracked 15 | cur 1 hist 1 boot 2 teach 2 base 0 heur 0 | avg reward -0.000  
PPO linea    [######################------]  82.0% 40987/50000 |  112.0/s | elapsed 6m 6s | eta 1m 20s | process workers | seats 8 | tracked 15 | cur 1 hist 5 boot 1 teach 1 base 0 heur 0 | avg reward -0.000  
PPO linea    [######################------]  82.0% 41009/50000 |  112.0/s | elapsed 6m 6s | eta 1m 20s | process workers | seats 6 | tracked 15 | cur 1 hist 1 boot 0 teach 3 base 1 heur 0 | avg reward -0.000  
PPO linea    [######################------]  82.1% 41031/50000 |  112.0/s | elapsed 6m 6s | eta 1m 20s | process workers | seats 4 | tracked 15 | cur 1 hist 1 boot 1 teach 1 base 0 heur 0 | avg reward -0.000  
PPO linea    [######################------]  82.1% 41053/50000 |  112.0/s | elapsed 6m 7s | eta 1m 20s | process workers | seats 6 | tracked 15 | cur 1 hist 0 boot 0 teach 2 base 1 heur 2 | avg reward -0.000  
PPO linea    [#######################-----]  82.2% 41075/50000 |  112.0/s | elapsed 6m 7s | eta 1m 20s | process workers | seats 4 | tracked 15 | cur 1 hist 0 boot 1 teach 1 base 0 heur 1 | avg reward -0.000  
PPO linea    [#######################-----]  82.2% 41097/50000 |  112.0/s | elapsed 6m 7s | eta 1m 20s | process workers | seats 8 | tracked 30 | cur 2 hist 0 boot 3 teach 1 base 2 heur 0 | avg reward -0.000  
PPO linea    [#######################-----]  82.2% 41119/50000 |  112.0/s | elapsed 6m 7s | eta 1m 19s | process workers | seats 10 | tracked 30 | cur 2 hist 1 boot 0 teach 2 base 4 heur 1 | avg reward -0.000 
PPO linea    [#######################-----]  82.3% 41141/50000 |  112.0/s | elapsed 6m 7s | eta 1m 19s | process workers | seats 6 | tracked 15 | cur 1 hist 1 boot 0 teach 2 base 0 heur 2 | avg reward -0.000  
PPO linea    [#######################-----]  82.3% 41163/50000 |  112.0/s | elapsed 6m 8s | eta 1m 19s | process workers | seats 4 | tracked 15 | cur 1 hist 0 boot 0 teach 2 base 0 heur 1 | avg reward -0.000  
PPO linea    [#######################-----]  82.4% 41185/50000 |  112.0/s | elapsed 6m 8s | eta 1m 19s | process workers | seats 6 | tracked 15 | cur 1 hist 1 boot 0 teach 4 base 0 heur 0 | avg reward -0.000  
PPO linea    [#######################-----]  82.4% 41207/50000 |  112.0/s | elapsed 6m 8s | eta 1m 19s | process workers | seats 6 | tracked 15 | cur 1 hist 1 boot 1 teach 2 base 1 heur 0 | avg reward -0.000  
PPO linea    [#######################-----]  82.5% 41229/50000 |  112.0/s | elapsed 6m 8s | eta 1m 18s | process workers | seats 10 | tracked 15 | cur 1 hist 5 boot 0 teach 3 base 1 heur 0 | avg reward -0.000 
PPO linea    [#######################-----]  82.5% 41251/50000 |  112.0/s | elapsed 6m 8s | eta 1m 18s | process workers | seats 2 | tracked 15 | cur 1 hist 0 boot 0 teach 1 base 0 heur 0 | avg reward -0.000  
PPO linea    [#######################-----]  82.5% 41273/50000 |  112.0/s | elapsed 6m 9s | eta 1m 18s | process workers | seats 8 | tracked 30 | cur 2 hist 0 boot 0 teach 5 base 1 heur 0 | avg reward -0.000  
PPO linea    [#######################-----]  82.6% 41295/50000 |  112.0/s | elapsed 6m 9s | eta 1m 18s | process workers | seats 6 | tracked 15 | cur 1 hist 1 boot 2 teach 2 base 0 heur 0 | avg reward -0.000  
PPO linea    [#######################-----]  82.6% 41317/50000 |  112.0/s | elapsed 6m 9s | eta 1m 18s | process workers | seats 6 | tracked 15 | cur 1 hist 1 boot 1 teach 3 base 0 heur 0 | avg reward -0.000  
PPO linea    [#######################-----]  82.7% 41339/50000 |  112.0/s | elapsed 6m 9s | eta 1m 17s | process workers | seats 6 | tracked 15 | cur 1 hist 0 boot 2 teach 3 base 0 heur 0 | avg reward -0.000  
PPO linea    [#######################-----]  82.7% 41361/50000 |  112.0/s | elapsed 6m 9s | eta 1m 17s | process workers | seats 8 | tracked 30 | cur 2 hist 2 boot 0 teach 3 base 1 heur 0 | avg reward -0.000  
PPO linea    [#######################-----]  82.8% 41383/50000 |  112.0/s | elapsed 6m 9s | eta 1m 17s | process workers | seats 10 | tracked 30 | cur 2 hist 4 boot 1 teach 2 base 0 heur 1 | avg reward -0.000 
PPO linea    [#######################-----]  82.8% 41405/50000 |  112.0/s | elapsed 6m 10s | eta 1m 17s | process workers | seats 8 | tracked 15 | cur 1 hist 3 boot 2 teach 2 base 0 heur 0 | avg reward -0.000 
PPO linea    [#######################-----]  82.9% 41427/50000 |  112.0/s | elapsed 6m 10s | eta 1m 17s | process workers | seats 2 | tracked 15 | cur 1 hist 1 boot 0 teach 0 base 0 heur 0 | avg reward -0.000 
PPO linea    [#######################-----]  82.9% 41449/50000 |  112.0/s | elapsed 6m 10s | eta 1m 16s | process workers | seats 10 | tracked 15 | cur 1 hist 3 boot 2 teach 4 base 0 heur 0 | avg reward -0.000
PPO linea    [#######################-----]  82.9% 41471/50000 |  112.0/s | elapsed 6m 10s | eta 1m 16s | process workers | seats 4 | tracked 15 | cur 1 hist 1 boot 1 teach 1 base 0 heur 0 | avg reward -0.000 
PPO linea    [#######################-----]  83.0% 41493/50000 |  112.0/s | elapsed 6m 10s | eta 1m 16s | process workers | seats 4 | tracked 15 | cur 1 hist 1 boot 0 teach 1 base 1 heur 0 | avg reward -0.000 
PPO linea    [#######################-----]  83.0% 41515/50000 |  112.0/s | elapsed 6m 11s | eta 1m 16s | process workers | seats 10 | tracked 15 | cur 1 hist 2 boot 0 teach 3 base 2 heur 2 | avg reward -0.000
PPO linea    [#######################-----]  83.1% 41537/50000 |  112.0/s | elapsed 6m 11s | eta 1m 16s | process workers | seats 4 | tracked 15 | cur 1 hist 0 boot 1 teach 1 base 0 heur 1 | avg reward -0.000 
PPO linea    [#######################-----]  83.1% 41559/50000 |  112.0/s | elapsed 6m 11s | eta 1m 15s | process workers | seats 6 | tracked 15 | cur 1 hist 1 boot 0 teach 2 base 2 heur 0 | avg reward -0.000 
PPO linea    [#######################-----]  83.2% 41581/50000 |  112.0/s | elapsed 6m 11s | eta 1m 15s | process workers | seats 8 | tracked 15 | cur 1 hist 1 boot 1 teach 3 base 1 heur 1 | avg reward -0.000 
PPO linea    [#######################-----]  83.2% 41603/50000 |  112.0/s | elapsed 6m 11s | eta 1m 15s | process workers | seats 6 | tracked 15 | cur 1 hist 1 boot 1 teach 2 base 1 heur 0 | avg reward -0.000 
PPO linea    [#######################-----]  83.2% 41625/50000 |  112.0/s | elapsed 6m 12s | eta 1m 15s | process workers | seats 4 | tracked 15 | cur 1 hist 0 boot 1 teach 0 base 2 heur 0 | avg reward -0.000 
PPO linea    [#######################-----]  83.3% 41647/50000 |  112.0/s | elapsed 6m 12s | eta 1m 15s | process workers | seats 6 | tracked 15 | cur 1 hist 2 boot 1 teach 1 base 0 heur 1 | avg reward -0.000 
PPO linea    [#######################-----]  83.3% 41669/50000 |  112.0/s | elapsed 6m 12s | eta 1m 14s | process workers | seats 6 | tracked 15 | cur 1 hist 0 boot 1 teach 4 base 0 heur 0 | avg reward -0.000 
PPO linea    [#######################-----]  83.4% 41691/50000 |  112.0/s | elapsed 6m 12s | eta 1m 14s | process workers | seats 4 | tracked 15 | cur 1 hist 0 boot 1 teach 1 base 1 heur 0 | avg reward -0.000 
PPO linea    [#######################-----]  83.4% 41713/50000 |  112.0/s | elapsed 6m 12s | eta 1m 14s | process workers | seats 6 | tracked 15 | cur 1 hist 1 boot 2 teach 1 base 1 heur 0 | avg reward -0.000 
PPO linea    [#######################-----]  83.5% 41735/50000 |  112.0/s | elapsed 6m 13s | eta 1m 14s | process workers | seats 4 | tracked 15 | cur 1 hist 0 boot 1 teach 2 base 0 heur 0 | avg reward -0.000 
PPO linea    [#######################-----]  83.5% 41757/50000 |  112.0/s | elapsed 6m 13s | eta 1m 14s | process workers | seats 10 | tracked 30 | cur 2 hist 2 boot 2 teach 4 base 0 heur 0 | avg reward -0.000
PPO linea    [#######################-----]  83.6% 41779/50000 |  112.0/s | elapsed 6m 13s | eta 1m 13s | process workers | seats 10 | tracked 15 | cur 1 hist 5 boot 0 teach 3 base 0 heur 1 | avg reward -0.000
PPO linea    [#######################-----]  83.6% 41801/50000 |  112.0/s | elapsed 6m 13s | eta 1m 13s | process workers | seats 8 | tracked 15 | cur 1 hist 2 boot 1 teach 2 base 2 heur 0 | avg reward -0.000 
PPO linea    [#######################-----]  83.6% 41823/50000 |  112.0/s | elapsed 6m 13s | eta 1m 13s | process workers | seats 6 | tracked 15 | cur 1 hist 2 boot 1 teach 2 base 0 heur 0 | avg reward -0.000 
PPO linea    [#######################-----]  83.7% 41845/50000 |  112.0/s | elapsed 6m 14s | eta 1m 13s | process workers | seats 8 | tracked 15 | cur 1 hist 1 boot 3 teach 2 base 1 heur 0 | avg reward -0.000 
PPO linea    [#######################-----]  83.7% 41867/50000 |  112.0/s | elapsed 6m 14s | eta 1m 13s | process workers | seats 6 | tracked 15 | cur 1 hist 0 boot 1 teach 3 base 1 heur 0 | avg reward -0.000 
PPO linea    [#######################-----]  83.8% 41889/50000 |  112.0/s | elapsed 6m 14s | eta 1m 12s | process workers | seats 8 | tracked 30 | cur 2 hist 2 boot 2 teach 2 base 0 heur 0 | avg reward -0.000 
PPO linea    [#######################-----]  83.8% 41911/50000 |  112.0/s | elapsed 6m 14s | eta 1m 12s | process workers | seats 10 | tracked 30 | cur 2 hist 1 boot 2 teach 1 base 4 heur 0 | avg reward -0.000
PPO linea    [#######################-----]  83.9% 41933/50000 |  112.0/s | elapsed 6m 14s | eta 1m 12s | process workers | seats 10 | tracked 15 | cur 1 hist 1 boot 0 teach 6 base 1 heur 1 | avg reward -0.000
PPO linea    [#######################-----]  83.9% 41955/50000 |  112.0/s | elapsed 6m 14s | eta 1m 12s | process workers | seats 8 | tracked 30 | cur 2 hist 2 boot 2 teach 2 base 0 heur 0 | avg reward -0.000 
PPO linea    [#######################-----]  84.0% 41977/50000 |  112.0/s | elapsed 6m 15s | eta 1m 12s | process workers | seats 10 | tracked 15 | cur 1 hist 3 boot 0 teach 4 base 2 heur 0 | avg reward -0.000
PPO linea    [#######################-----]  84.0% 41999/50000 |  112.0/s | elapsed 6m 15s | eta 1m 11s | process workers | seats 6 | tracked 15 | cur 1 hist 3 boot 0 teach 1 base 1 heur 0 | avg reward -0.000 
PPO linea    [#######################-----]  84.0% 42021/50000 |  112.0/s | elapsed 6m 15s | eta 1m 11s | process workers | seats 6 | tracked 15 | cur 1 hist 1 boot 1 teach 2 base 0 heur 1 | avg reward -0.000 
PPO linea    [#######################-----]  84.1% 42043/50000 |  112.0/s | elapsed 6m 15s | eta 1m 11s | process workers | seats 4 | tracked 15 | cur 1 hist 1 boot 1 teach 1 base 0 heur 0 | avg reward -0.000 
PPO linea    [#######################-----]  84.1% 42065/50000 |  112.0/s | elapsed 6m 16s | eta 1m 11s | process workers | seats 10 | tracked 30 | cur 2 hist 1 boot 1 teach 3 base 0 heur 3 | avg reward -0.000
PPO linea    [#######################-----]  84.2% 42087/50000 |  112.0/s | elapsed 6m 16s | eta 1m 11s | process workers | seats 8 | tracked 15 | cur 1 hist 1 boot 1 teach 5 base 0 heur 0 | avg reward -0.000 
PPO linea    [#######################-----]  84.2% 42109/50000 |  112.0/s | elapsed 6m 16s | eta 1m 10s | process workers | seats 8 | tracked 30 | cur 2 hist 2 boot 0 teach 2 base 1 heur 1 | avg reward -0.000 
PPO linea    [#######################-----]  84.3% 42131/50000 |  112.0/s | elapsed 6m 16s | eta 1m 10s | process workers | seats 6 | tracked 15 | cur 1 hist 0 boot 0 teach 4 base 0 heur 1 | avg reward -0.000 
PPO linea    [#######################-----]  84.3% 42153/50000 |  112.0/s | elapsed 6m 16s | eta 1m 10s | process workers | seats 10 | tracked 15 | cur 1 hist 3 boot 3 teach 3 base 0 heur 0 | avg reward -0.000
PPO linea    [#######################-----]  84.4% 42175/50000 |  112.0/s | elapsed 6m 16s | eta 1m 10s | process workers | seats 4 | tracked 15 | cur 1 hist 1 boot 0 teach 2 base 0 heur 0 | avg reward -0.000 
PPO linea    [#######################-----]  84.4% 42197/50000 |  112.0/s | elapsed 6m 17s | eta 1m 10s | process workers | seats 10 | tracked 15 | cur 1 hist 3 boot 3 teach 3 base 0 heur 0 | avg reward -0.000
PPO linea    [#######################-----]  84.4% 42219/50000 |  112.0/s | elapsed 6m 17s | eta 1m 9s | process workers | seats 10 | tracked 15 | cur 1 hist 1 boot 3 teach 2 base 2 heur 1 | avg reward -0.000 
PPO linea    [#######################-----]  84.5% 42241/50000 |  112.0/s | elapsed 6m 17s | eta 1m 9s | process workers | seats 8 | tracked 15 | cur 1 hist 1 boot 3 teach 2 base 1 heur 0 | avg reward -0.000  
PPO linea    [#######################-----]  84.5% 42263/50000 |  112.0/s | elapsed 6m 17s | eta 1m 9s | process workers | seats 6 | tracked 15 | cur 1 hist 3 boot 0 teach 2 base 0 heur 0 | avg reward -0.000  
PPO linea    [#######################-----]  84.6% 42285/50000 |  112.0/s | elapsed 6m 17s | eta 1m 9s | process workers | seats 6 | tracked 15 | cur 1 hist 0 boot 1 teach 2 base 2 heur 0 | avg reward -0.000  
PPO linea    [#######################-----]  84.6% 42307/50000 |  112.0/s | elapsed 6m 18s | eta 1m 9s | process workers | seats 4 | tracked 15 | cur 1 hist 0 boot 0 teach 1 base 2 heur 0 | avg reward -0.000  
PPO linea    [#######################-----]  84.7% 42329/50000 |  112.0/s | elapsed 6m 18s | eta 1m 8s | process workers | seats 10 | tracked 15 | cur 1 hist 1 boot 2 teach 4 base 0 heur 2 | avg reward -0.000 
PPO linea    [#######################-----]  84.7% 42351/50000 |  112.0/s | elapsed 6m 18s | eta 1m 8s | process workers | seats 8 | tracked 15 | cur 1 hist 0 boot 1 teach 3 base 2 heur 1 | avg reward -0.000  
PPO linea    [#######################-----]  84.7% 42373/50000 |  112.0/s | elapsed 6m 18s | eta 1m 8s | process workers | seats 6 | tracked 15 | cur 1 hist 1 boot 0 teach 2 base 1 heur 1 | avg reward -0.000  
PPO linea    [#######################-----]  84.8% 42395/50000 |  112.0/s | elapsed 6m 18s | eta 1m 8s | process workers | seats 10 | tracked 30 | cur 2 hist 2 boot 1 teach 4 base 1 heur 0 | avg reward -0.000 
PPO linea    [#######################-----]  84.8% 42417/50000 |  112.0/s | elapsed 6m 19s | eta 1m 8s | process workers | seats 10 | tracked 15 | cur 1 hist 2 boot 2 teach 3 base 2 heur 0 | avg reward -0.000 
PPO linea    [#######################-----]  84.9% 42439/50000 |  112.1/s | elapsed 6m 19s | eta 1m 7s | process workers | seats 8 | tracked 15 | cur 1 hist 2 boot 1 teach 3 base 1 heur 0 | avg reward -0.000  
PPO linea    [#######################-----]  84.9% 42461/50000 |  112.0/s | elapsed 6m 19s | eta 1m 7s | process workers | seats 4 | tracked 15 | cur 1 hist 0 boot 1 teach 2 base 0 heur 0 | avg reward -0.000  
PPO linea    [#######################-----]  85.0% 42483/50000 |  112.0/s | elapsed 6m 19s | eta 1m 7s | process workers | seats 8 | tracked 30 | cur 2 hist 1 boot 1 teach 4 base 0 heur 0 | avg reward -0.000  
PPO linea    [#######################-----]  85.0% 42505/50000 |  112.0/s | elapsed 6m 19s | eta 1m 7s | process workers | seats 2 | tracked 15 | cur 1 hist 0 boot 0 teach 1 base 0 heur 0 | avg reward -0.000  
PPO linea    [#######################-----]  85.1% 42527/50000 |  112.0/s | elapsed 6m 20s | eta 1m 7s | process workers | seats 6 | tracked 15 | cur 1 hist 1 boot 0 teach 3 base 1 heur 0 | avg reward -0.000  
PPO linea    [#######################-----]  85.1% 42549/50000 |  112.0/s | elapsed 6m 20s | eta 1m 6s | process workers | seats 8 | tracked 15 | cur 1 hist 3 boot 1 teach 2 base 0 heur 1 | avg reward -0.000  
PPO linea    [#######################-----]  85.1% 42571/50000 |  112.0/s | elapsed 6m 20s | eta 1m 6s | process workers | seats 6 | tracked 15 | cur 1 hist 3 boot 0 teach 1 base 0 heur 1 | avg reward -0.000  
PPO linea    [#######################-----]  85.2% 42593/50000 |  112.1/s | elapsed 6m 20s | eta 1m 6s | process workers | seats 6 | tracked 15 | cur 1 hist 1 boot 1 teach 1 base 2 heur 0 | avg reward -0.000  
PPO linea    [#######################-----]  85.2% 42615/50000 |  112.1/s | elapsed 6m 20s | eta 1m 6s | process workers | seats 8 | tracked 15 | cur 1 hist 3 boot 2 teach 1 base 0 heur 1 | avg reward -0.000  
PPO linea    [#######################-----]  85.3% 42637/50000 |  112.1/s | elapsed 6m 20s | eta 1m 6s | process workers | seats 8 | tracked 15 | cur 1 hist 3 boot 3 teach 0 base 1 heur 0 | avg reward -0.000  
PPO linea    [#######################-----]  85.3% 42659/50000 |  112.1/s | elapsed 6m 21s | eta 1m 6s | process workers | seats 2 | tracked 15 | cur 1 hist 0 boot 1 teach 0 base 0 heur 0 | avg reward -0.000  
PPO linea    [#######################-----]  85.4% 42681/50000 |  112.1/s | elapsed 6m 21s | eta 1m 5s | process workers | seats 6 | tracked 15 | cur 1 hist 2 boot 0 teach 1 base 1 heur 1 | avg reward -0.000  
PPO linea    [#######################-----]  85.4% 42703/50000 |  112.1/s | elapsed 6m 21s | eta 1m 5s | process workers | seats 10 | tracked 30 | cur 2 hist 4 boot 1 teach 3 base 0 heur 0 | avg reward -0.000 
PPO linea    [#######################-----]  85.5% 42725/50000 |  112.1/s | elapsed 6m 21s | eta 1m 5s | process workers | seats 6 | tracked 15 | cur 1 hist 0 boot 0 teach 4 base 1 heur 0 | avg reward -0.000  
PPO linea    [#######################-----]  85.5% 42747/50000 |  112.1/s | elapsed 6m 21s | eta 1m 5s | process workers | seats 10 | tracked 15 | cur 1 hist 4 boot 1 teach 4 base 0 heur 0 | avg reward -0.000 
PPO linea    [#######################-----]  85.5% 42769/50000 |  112.1/s | elapsed 6m 22s | eta 1m 5s | process workers | seats 4 | tracked 15 | cur 1 hist 1 boot 1 teach 1 base 0 heur 0 | avg reward -0.000  
PPO linea    [#######################-----]  85.6% 42791/50000 |  112.1/s | elapsed 6m 22s | eta 1m 4s | process workers | seats 4 | tracked 15 | cur 1 hist 1 boot 0 teach 1 base 1 heur 0 | avg reward -0.000  
PPO linea    [#######################-----]  85.6% 42813/50000 |  112.1/s | elapsed 6m 22s | eta 1m 4s | process workers | seats 6 | tracked 15 | cur 1 hist 1 boot 1 teach 3 base 0 heur 0 | avg reward -0.000  
PPO linea    [#######################-----]  85.7% 42835/50000 |  112.1/s | elapsed 6m 22s | eta 1m 4s | process workers | seats 10 | tracked 30 | cur 2 hist 1 boot 2 teach 3 base 1 heur 1 | avg reward -0.000 
PPO linea    [#######################-----]  85.7% 42857/50000 |  112.1/s | elapsed 6m 22s | eta 1m 4s | process workers | seats 4 | tracked 15 | cur 1 hist 2 boot 0 teach 1 base 0 heur 0 | avg reward -0.000  
PPO linea    [########################----]  85.8% 42879/50000 |  112.1/s | elapsed 6m 23s | eta 1m 4s | process workers | seats 8 | tracked 15 | cur 1 hist 0 boot 1 teach 2 base 2 heur 2 | avg reward -0.000  
PPO linea    [########################----]  85.8% 42901/50000 |  112.1/s | elapsed 6m 23s | eta 1m 3s | process workers | seats 6 | tracked 15 | cur 1 hist 1 boot 2 teach 0 base 1 heur 1 | avg reward -0.000  
PPO linea    [########################----]  85.8% 42923/50000 |  112.1/s | elapsed 6m 23s | eta 1m 3s | process workers | seats 4 | tracked 15 | cur 1 hist 0 boot 0 teach 2 base 1 heur 0 | avg reward -0.000  
PPO linea    [########################----]  85.9% 42945/50000 |  112.1/s | elapsed 6m 23s | eta 1m 3s | process workers | seats 10 | tracked 30 | cur 2 hist 2 boot 2 teach 3 base 1 heur 0 | avg reward -0.000 
PPO linea    [########################----]  85.9% 42967/50000 |  112.1/s | elapsed 6m 23s | eta 1m 3s | process workers | seats 4 | tracked 15 | cur 1 hist 0 boot 0 teach 1 base 1 heur 1 | avg reward -0.000  
PPO linea    [########################----]  86.0% 42989/50000 |  112.1/s | elapsed 6m 24s | eta 1m 3s | process workers | seats 6 | tracked 15 | cur 1 hist 0 boot 1 teach 2 base 1 heur 1 | avg reward -0.000  
PPO linea    [########################----]  86.0% 43011/50000 |  112.1/s | elapsed 6m 24s | eta 1m 2s | process workers | seats 10 | tracked 15 | cur 1 hist 5 boot 1 teach 1 base 2 heur 0 | avg reward -0.000 
PPO linea    [########################----]  86.1% 43033/50000 |  112.1/s | elapsed 6m 24s | eta 1m 2s | process workers | seats 10 | tracked 15 | cur 1 hist 3 boot 4 teach 1 base 0 heur 1 | avg reward -0.000 
PPO linea    [########################----]  86.1% 43055/50000 |  112.1/s | elapsed 6m 24s | eta 1m 2s | process workers | seats 4 | tracked 15 | cur 1 hist 0 boot 1 teach 0 base 0 heur 2 | avg reward -0.000  
PPO linea    [########################----]  86.2% 43077/50000 |  112.1/s | elapsed 6m 24s | eta 1m 2s | process workers | seats 10 | tracked 15 | cur 1 hist 1 boot 3 teach 5 base 0 heur 0 | avg reward -0.000 
PPO linea    [########################----]  86.2% 43099/50000 |  112.1/s | elapsed 6m 24s | eta 1m 2s | process workers | seats 8 | tracked 30 | cur 2 hist 1 boot 0 teach 2 base 1 heur 2 | avg reward -0.000  
PPO linea    [########################----]  86.2% 43121/50000 |  112.1/s | elapsed 6m 25s | eta 1m 1s | process workers | seats 4 | tracked 15 | cur 1 hist 0 boot 0 teach 0 base 3 heur 0 | avg reward -0.000  
PPO linea    [########################----]  86.3% 43143/50000 |  112.1/s | elapsed 6m 25s | eta 1m 1s | process workers | seats 8 | tracked 15 | cur 1 hist 4 boot 0 teach 2 base 1 heur 0 | avg reward -0.000  
PPO linea    [########################----]  86.3% 43165/50000 |  112.1/s | elapsed 6m 25s | eta 1m 1s | process workers | seats 10 | tracked 15 | cur 1 hist 2 boot 4 teach 1 base 2 heur 0 | avg reward -0.000 
PPO linea    [########################----]  86.4% 43187/50000 |  112.1/s | elapsed 6m 25s | eta 1m 1s | process workers | seats 2 | tracked 15 | cur 1 hist 0 boot 0 teach 1 base 0 heur 0 | avg reward -0.000  
PPO linea    [########################----]  86.4% 43209/50000 |  112.1/s | elapsed 6m 25s | eta 1m 1s | process workers | seats 4 | tracked 15 | cur 1 hist 0 boot 0 teach 3 base 0 heur 0 | avg reward -0.000  
PPO linea    [########################----]  86.5% 43231/50000 |  112.1/s | elapsed 6m 26s | eta 1m 0s | process workers | seats 8 | tracked 15 | cur 1 hist 2 boot 2 teach 1 base 1 heur 1 | avg reward -0.000  
PPO linea    [########################----]  86.5% 43253/50000 |  112.1/s | elapsed 6m 26s | eta 1m 0s | process workers | seats 6 | tracked 15 | cur 1 hist 1 boot 1 teach 3 base 0 heur 0 | avg reward -0.000  
PPO linea    [########################----]  86.6% 43275/50000 |  112.1/s | elapsed 6m 26s | eta 1m 0s | process workers | seats 10 | tracked 15 | cur 1 hist 0 boot 2 teach 6 base 1 heur 0 | avg reward -0.000 
PPO linea    [########################----]  86.6% 43297/50000 |  112.1/s | elapsed 6m 26s | eta 1m 0s | process workers | seats 10 | tracked 15 | cur 1 hist 4 boot 1 teach 2 base 2 heur 0 | avg reward -0.000 
PPO linea    [########################----]  86.6% 43319/50000 |  112.1/s | elapsed 6m 26s | eta 1m 0s | process workers | seats 4 | tracked 15 | cur 1 hist 1 boot 1 teach 1 base 0 heur 0 | avg reward -0.000  
PPO linea    [########################----]  86.7% 43341/50000 |  112.1/s | elapsed 6m 27s | eta 59s | process workers | seats 2 | tracked 15 | cur 1 hist 0 boot 1 teach 0 base 0 heur 0 | avg reward -0.000    
PPO linea    [########################----]  86.7% 43363/50000 |  112.1/s | elapsed 6m 27s | eta 59s | process workers | seats 4 | tracked 15 | cur 1 hist 0 boot 1 teach 2 base 0 heur 0 | avg reward -0.000    
PPO linea    [########################----]  86.8% 43385/50000 |  112.1/s | elapsed 6m 27s | eta 59s | process workers | seats 10 | tracked 15 | cur 1 hist 4 boot 0 teach 4 base 1 heur 0 | avg reward -0.000   
PPO linea    [########################----]  86.8% 43407/50000 |  112.1/s | elapsed 6m 27s | eta 59s | process workers | seats 10 | tracked 15 | cur 1 hist 1 boot 3 teach 2 base 1 heur 2 | avg reward -0.000   
PPO linea    [########################----]  86.9% 43429/50000 |  112.1/s | elapsed 6m 27s | eta 59s | process workers | seats 2 | tracked 15 | cur 1 hist 0 boot 0 teach 0 base 0 heur 1 | avg reward -0.000    
PPO linea    [########################----]  86.9% 43451/50000 |  112.1/s | elapsed 6m 28s | eta 58s | process workers | seats 4 | tracked 15 | cur 1 hist 2 boot 0 teach 0 base 1 heur 0 | avg reward -0.000    
PPO linea    [########################----]  86.9% 43473/50000 |  112.1/s | elapsed 6m 28s | eta 58s | process workers | seats 10 | tracked 30 | cur 2 hist 3 boot 2 teach 2 base 1 heur 0 | avg reward -0.000   
PPO linea    [########################----]  87.0% 43495/50000 |  112.1/s | elapsed 6m 28s | eta 58s | process workers | seats 2 | tracked 15 | cur 1 hist 0 boot 0 teach 1 base 0 heur 0 | avg reward -0.000    
PPO linea    [########################----]  87.0% 43517/50000 |  112.1/s | elapsed 6m 28s | eta 58s | process workers | seats 2 | tracked 15 | cur 1 hist 0 boot 0 teach 1 base 0 heur 0 | avg reward -0.000    
PPO linea    [########################----]  87.1% 43539/50000 |  112.1/s | elapsed 6m 28s | eta 58s | process workers | seats 8 | tracked 15 | cur 1 hist 2 boot 2 teach 2 base 1 heur 0 | avg reward -0.000    
PPO linea    [########################----]  87.1% 43561/50000 |  112.1/s | elapsed 6m 28s | eta 57s | process workers | seats 8 | tracked 15 | cur 1 hist 1 boot 0 teach 6 base 0 heur 0 | avg reward -0.000    
PPO linea    [########################----]  87.2% 43583/50000 |  112.1/s | elapsed 6m 29s | eta 57s | process workers | seats 10 | tracked 30 | cur 2 hist 3 boot 3 teach 1 base 0 heur 1 | avg reward -0.000   
PPO linea    [########################----]  87.2% 43605/50000 |  112.1/s | elapsed 6m 29s | eta 57s | process workers | seats 4 | tracked 15 | cur 1 hist 0 boot 2 teach 0 base 1 heur 0 | avg reward -0.000    
PPO linea    [########################----]  87.3% 43627/50000 |  112.1/s | elapsed 6m 29s | eta 57s | process workers | seats 6 | tracked 15 | cur 1 hist 3 boot 0 teach 1 base 1 heur 0 | avg reward -0.000    
PPO linea    [########################----]  87.3% 43649/50000 |  112.1/s | elapsed 6m 29s | eta 57s | process workers | seats 2 | tracked 15 | cur 1 hist 0 boot 0 teach 1 base 0 heur 0 | avg reward -0.000    
PPO linea    [########################----]  87.3% 43671/50000 |  112.1/s | elapsed 6m 29s | eta 56s | process workers | seats 4 | tracked 15 | cur 1 hist 0 boot 0 teach 3 base 0 heur 0 | avg reward -0.000    
PPO linea    [########################----]  87.4% 43693/50000 |  112.2/s | elapsed 6m 30s | eta 56s | process workers | seats 4 | tracked 15 | cur 1 hist 1 boot 0 teach 1 base 1 heur 0 | avg reward -0.000    
PPO linea    [########################----]  87.4% 43715/50000 |  112.2/s | elapsed 6m 30s | eta 56s | process workers | seats 2 | tracked 15 | cur 1 hist 0 boot 0 teach 1 base 0 heur 0 | avg reward -0.000    
PPO linea    [########################----]  87.5% 43737/50000 |  112.2/s | elapsed 6m 30s | eta 56s | process workers | seats 10 | tracked 15 | cur 1 hist 3 boot 0 teach 3 base 1 heur 2 | avg reward -0.000   
PPO linea    [########################----]  87.5% 43759/50000 |  112.2/s | elapsed 6m 30s | eta 56s | process workers | seats 10 | tracked 30 | cur 2 hist 0 boot 0 teach 6 base 0 heur 2 | avg reward -0.000   
PPO linea    [########################----]  87.6% 43781/50000 |  112.2/s | elapsed 6m 30s | eta 55s | process workers | seats 8 | tracked 30 | cur 2 hist 0 boot 0 teach 5 base 0 heur 1 | avg reward -0.000    
PPO linea    [########################----]  87.6% 43803/50000 |  112.1/s | elapsed 6m 31s | eta 55s | process workers | seats 10 | tracked 30 | cur 2 hist 2 boot 2 teach 2 base 1 heur 1 | avg reward -0.000   
PPO linea    [########################----]  87.6% 43825/50000 |  112.1/s | elapsed 6m 31s | eta 55s | process workers | seats 6 | tracked 15 | cur 1 hist 2 boot 2 teach 1 base 0 heur 0 | avg reward -0.000    
PPO linea    [########################----]  87.7% 43847/50000 |  112.1/s | elapsed 6m 31s | eta 55s | process workers | seats 10 | tracked 15 | cur 1 hist 4 boot 2 teach 2 base 1 heur 0 | avg reward -0.000   
PPO linea    [########################----]  87.7% 43869/50000 |  112.2/s | elapsed 6m 31s | eta 55s | process workers | seats 6 | tracked 15 | cur 1 hist 2 boot 1 teach 1 base 0 heur 1 | avg reward -0.000    
PPO linea    [########################----]  87.8% 43891/50000 |  112.2/s | elapsed 6m 31s | eta 54s | process workers | seats 8 | tracked 30 | cur 2 hist 1 boot 1 teach 3 base 0 heur 1 | avg reward -0.000    
PPO linea    [########################----]  87.8% 43913/50000 |  112.1/s | elapsed 6m 32s | eta 54s | process workers | seats 8 | tracked 30 | cur 2 hist 0 boot 1 teach 5 base 0 heur 0 | avg reward -0.000    
PPO linea    [########################----]  87.9% 43935/50000 |  112.1/s | elapsed 6m 32s | eta 54s | process workers | seats 4 | tracked 15 | cur 1 hist 0 boot 0 teach 1 base 2 heur 0 | avg reward -0.000    
PPO linea    [########################----]  87.9% 43957/50000 |  112.1/s | elapsed 6m 32s | eta 54s | process workers | seats 8 | tracked 15 | cur 1 hist 1 boot 1 teach 4 base 1 heur 0 | avg reward -0.000    
PPO linea    [########################----]  88.0% 43979/50000 |  112.1/s | elapsed 6m 32s | eta 54s | process workers | seats 10 | tracked 30 | cur 2 hist 3 boot 3 teach 2 base 0 heur 0 | avg reward -0.000   
PPO linea    [########################----]  88.0% 44001/50000 |  112.1/s | elapsed 6m 32s | eta 53s | process workers | seats 10 | tracked 15 | cur 1 hist 1 boot 1 teach 3 base 2 heur 2 | avg reward -0.000   
PPO linea    [########################----]  88.0% 44023/50000 |  112.1/s | elapsed 6m 33s | eta 53s | process workers | seats 2 | tracked 15 | cur 1 hist 0 boot 0 teach 1 base 0 heur 0 | avg reward -0.000    
PPO linea    [########################----]  88.1% 44045/50000 |  112.1/s | elapsed 6m 33s | eta 53s | process workers | seats 10 | tracked 15 | cur 1 hist 3 boot 1 teach 4 base 0 heur 1 | avg reward -0.000   
PPO linea    [########################----]  88.1% 44067/50000 |  112.1/s | elapsed 6m 33s | eta 53s | process workers | seats 8 | tracked 30 | cur 2 hist 3 boot 0 teach 1 base 2 heur 0 | avg reward -0.000    
PPO linea    [########################----]  88.2% 44089/50000 |  112.1/s | elapsed 6m 33s | eta 53s | process workers | seats 6 | tracked 15 | cur 1 hist 1 boot 1 teach 2 base 1 heur 0 | avg reward -0.000    
PPO linea    [########################----]  88.2% 44111/50000 |  112.1/s | elapsed 6m 33s | eta 53s | process workers | seats 10 | tracked 15 | cur 1 hist 1 boot 4 teach 4 base 0 heur 0 | avg reward -0.000   
PPO linea    [########################----]  88.3% 44133/50000 |  112.1/s | elapsed 6m 34s | eta 52s | process workers | seats 10 | tracked 15 | cur 1 hist 1 boot 1 teach 4 base 1 heur 2 | avg reward -0.000   
PPO linea    [########################----]  88.3% 44155/50000 |  112.1/s | elapsed 6m 34s | eta 52s | process workers | seats 10 | tracked 15 | cur 1 hist 1 boot 2 teach 3 base 3 heur 0 | avg reward -0.000   
PPO linea    [########################----]  88.4% 44177/50000 |  112.1/s | elapsed 6m 34s | eta 52s | process workers | seats 4 | tracked 15 | cur 1 hist 2 boot 1 teach 0 base 0 heur 0 | avg reward -0.000    
PPO linea    [########################----]  88.4% 44199/50000 |  112.1/s | elapsed 6m 34s | eta 52s | process workers | seats 8 | tracked 30 | cur 2 hist 2 boot 0 teach 4 base 0 heur 0 | avg reward -0.000    
PPO linea    [########################----]  88.4% 44221/50000 |  112.1/s | elapsed 6m 34s | eta 52s | process workers | seats 4 | tracked 15 | cur 1 hist 0 boot 0 teach 2 base 1 heur 0 | avg reward -0.000    
PPO linea    [########################----]  88.5% 44243/50000 |  112.1/s | elapsed 6m 35s | eta 51s | process workers | seats 6 | tracked 15 | cur 1 hist 0 boot 0 teach 2 base 2 heur 1 | avg reward -0.000    
PPO linea    [########################----]  88.5% 44265/50000 |  112.1/s | elapsed 6m 35s | eta 51s | process workers | seats 10 | tracked 15 | cur 1 hist 0 boot 3 teach 4 base 1 heur 1 | avg reward -0.000   
PPO linea    [########################----]  88.6% 44287/50000 |  112.1/s | elapsed 6m 35s | eta 51s | process workers | seats 4 | tracked 15 | cur 1 hist 3 boot 0 teach 0 base 0 heur 0 | avg reward -0.000    
PPO linea    [########################----]  88.6% 44309/50000 |  112.1/s | elapsed 6m 35s | eta 51s | process workers | seats 10 | tracked 15 | cur 1 hist 0 boot 2 teach 6 base 1 heur 0 | avg reward -0.000   
PPO linea    [########################----]  88.7% 44331/50000 |  112.1/s | elapsed 6m 35s | eta 51s | process workers | seats 2 | tracked 15 | cur 1 hist 0 boot 0 teach 1 base 0 heur 0 | avg reward -0.000    
PPO linea    [########################----]  88.7% 44353/50000 |  112.1/s | elapsed 6m 35s | eta 50s | process workers | seats 4 | tracked 15 | cur 1 hist 2 boot 0 teach 1 base 0 heur 0 | avg reward -0.000    
PPO linea    [########################----]  88.8% 44375/50000 |  112.1/s | elapsed 6m 36s | eta 50s | process workers | seats 10 | tracked 15 | cur 1 hist 1 boot 1 teach 4 base 2 heur 1 | avg reward -0.000   
PPO linea    [########################----]  88.8% 44397/50000 |  112.1/s | elapsed 6m 36s | eta 50s | process workers | seats 2 | tracked 15 | cur 1 hist 0 boot 0 teach 0 base 0 heur 1 | avg reward -0.000    
PPO linea    [########################----]  88.8% 44419/50000 |  112.1/s | elapsed 6m 36s | eta 50s | process workers | seats 10 | tracked 30 | cur 2 hist 3 boot 1 teach 2 base 2 heur 0 | avg reward -0.000   
PPO linea    [########################----]  88.9% 44441/50000 |  112.1/s | elapsed 6m 36s | eta 50s | process workers | seats 6 | tracked 15 | cur 1 hist 0 boot 0 teach 4 base 1 heur 0 | avg reward -0.000    
PPO linea    [########################----]  88.9% 44463/50000 |  112.1/s | elapsed 6m 36s | eta 49s | process workers | seats 4 | tracked 15 | cur 1 hist 1 boot 1 teach 0 base 0 heur 1 | avg reward -0.000    
PPO linea    [########################----]  89.0% 44485/50000 |  112.1/s | elapsed 6m 37s | eta 49s | process workers | seats 10 | tracked 15 | cur 1 hist 1 boot 2 teach 5 base 0 heur 1 | avg reward -0.000   
PPO linea    [########################----]  89.0% 44507/50000 |  112.1/s | elapsed 6m 37s | eta 49s | process workers | seats 6 | tracked 15 | cur 1 hist 1 boot 0 teach 3 base 0 heur 1 | avg reward -0.000    
PPO linea    [########################----]  89.1% 44529/50000 |  112.2/s | elapsed 6m 37s | eta 49s | process workers | seats 10 | tracked 15 | cur 1 hist 1 boot 2 teach 2 base 1 heur 3 | avg reward -0.000   
PPO linea    [########################----]  89.1% 44551/50000 |  112.1/s | elapsed 6m 37s | eta 49s | process workers | seats 8 | tracked 15 | cur 1 hist 1 boot 2 teach 3 base 1 heur 0 | avg reward -0.000    
PPO linea    [########################----]  89.1% 44573/50000 |  112.1/s | elapsed 6m 37s | eta 48s | process workers | seats 8 | tracked 15 | cur 1 hist 1 boot 2 teach 3 base 0 heur 1 | avg reward -0.000    
PPO linea    [########################----]  89.2% 44595/50000 |  112.2/s | elapsed 6m 38s | eta 48s | process workers | seats 10 | tracked 15 | cur 1 hist 2 boot 0 teach 5 base 1 heur 1 | avg reward -0.000   
PPO linea    [########################----]  89.2% 44617/50000 |  112.1/s | elapsed 6m 38s | eta 48s | process workers | seats 10 | tracked 15 | cur 1 hist 3 boot 1 teach 3 base 2 heur 0 | avg reward -0.000   
PPO linea    [########################----]  89.3% 44639/50000 |  112.2/s | elapsed 6m 38s | eta 48s | process workers | seats 10 | tracked 15 | cur 1 hist 4 boot 0 teach 5 base 0 heur 0 | avg reward -0.000   
PPO linea    [#########################---]  89.3% 44661/50000 |  112.2/s | elapsed 6m 38s | eta 48s | process workers | seats 10 | tracked 15 | cur 1 hist 0 boot 1 teach 3 base 4 heur 1 | avg reward -0.000   
PPO linea    [#########################---]  89.4% 44683/50000 |  112.1/s | elapsed 6m 38s | eta 47s | process workers | seats 4 | tracked 15 | cur 1 hist 0 boot 0 teach 1 base 2 heur 0 | avg reward -0.000    
PPO linea    [#########################---]  89.4% 44705/50000 |  112.2/s | elapsed 6m 39s | eta 47s | process workers | seats 6 | tracked 15 | cur 1 hist 1 boot 1 teach 2 base 1 heur 0 | avg reward -0.000    
PPO linea    [#########################---]  89.5% 44727/50000 |  112.1/s | elapsed 6m 39s | eta 47s | process workers | seats 10 | tracked 15 | cur 1 hist 1 boot 3 teach 4 base 0 heur 1 | avg reward -0.000   
PPO linea    [#########################---]  89.5% 44749/50000 |  112.1/s | elapsed 6m 39s | eta 47s | process workers | seats 4 | tracked 15 | cur 1 hist 0 boot 0 teach 2 base 1 heur 0 | avg reward -0.000    
PPO linea    [#########################---]  89.5% 44771/50000 |  112.1/s | elapsed 6m 39s | eta 47s | process workers | seats 2 | tracked 15 | cur 1 hist 0 boot 0 teach 1 base 0 heur 0 | avg reward -0.000    
PPO linea    [#########################---]  89.6% 44793/50000 |  112.2/s | elapsed 6m 39s | eta 46s | process workers | seats 4 | tracked 15 | cur 1 hist 0 boot 2 teach 0 base 0 heur 1 | avg reward -0.000    
PPO linea    [#########################---]  89.6% 44815/50000 |  112.2/s | elapsed 6m 40s | eta 46s | process workers | seats 10 | tracked 30 | cur 2 hist 1 boot 1 teach 4 base 2 heur 0 | avg reward -0.000   
PPO linea    [#########################---]  89.7% 44837/50000 |  112.2/s | elapsed 6m 40s | eta 46s | process workers | seats 10 | tracked 30 | cur 2 hist 2 boot 1 teach 4 base 0 heur 1 | avg reward -0.000   
PPO linea    [#########################---]  89.7% 44859/50000 |  112.1/s | elapsed 6m 40s | eta 46s | process workers | seats 10 | tracked 15 | cur 1 hist 2 boot 1 teach 4 base 2 heur 0 | avg reward -0.000   
PPO linea    [#########################---]  89.8% 44881/50000 |  112.1/s | elapsed 6m 40s | eta 46s | process workers | seats 6 | tracked 15 | cur 1 hist 1 boot 3 teach 1 base 0 heur 0 | avg reward -0.000    
PPO linea    [#########################---]  89.8% 44903/50000 |  112.1/s | elapsed 6m 40s | eta 45s | process workers | seats 6 | tracked 15 | cur 1 hist 2 boot 0 teach 2 base 1 heur 0 | avg reward -0.000    
PPO linea    [#########################---]  89.8% 44925/50000 |  112.1/s | elapsed 6m 41s | eta 45s | process workers | seats 8 | tracked 15 | cur 1 hist 1 boot 1 teach 2 base 3 heur 0 | avg reward -0.000    
PPO linea    [#########################---]  89.9% 44947/50000 |  112.1/s | elapsed 6m 41s | eta 45s | process workers | seats 8 | tracked 15 | cur 1 hist 3 boot 1 teach 3 base 0 heur 0 | avg reward -0.000    
PPO linea    [#########################---]  89.9% 44969/50000 |  112.1/s | elapsed 6m 41s | eta 45s | process workers | seats 10 | tracked 15 | cur 1 hist 2 boot 1 teach 4 base 2 heur 0 | avg reward -0.000   
PPO linea    [#########################---]  90.0% 44991/50000 |  112.1/s | elapsed 6m 41s | eta 45s | process workers | seats 10 | tracked 30 | cur 2 hist 3 boot 0 teach 4 base 1 heur 0 | avg reward -0.000   
PPO linea    [#########################---]  90.0% 45013/50000 |  112.1/s | elapsed 6m 41s | eta 44s | process workers | seats 4 | tracked 15 | cur 1 hist 0 boot 1 teach 1 base 1 heur 0 | avg reward -0.000    
PPO linea    [#########################---]  90.1% 45035/50000 |  112.2/s | elapsed 6m 42s | eta 44s | process workers | seats 8 | tracked 15 | cur 1 hist 3 boot 1 teach 2 base 1 heur 0 | avg reward -0.000    
PPO linea    [#########################---]  90.1% 45057/50000 |  112.2/s | elapsed 6m 42s | eta 44s | process workers | seats 10 | tracked 15 | cur 1 hist 5 boot 0 teach 3 base 1 heur 0 | avg reward -0.000   
PPO linea    [#########################---]  90.2% 45079/50000 |  112.2/s | elapsed 6m 42s | eta 44s | process workers | seats 10 | tracked 15 | cur 1 hist 3 boot 2 teach 2 base 2 heur 0 | avg reward -0.000   
PPO linea    [#########################---]  90.2% 45101/50000 |  112.1/s | elapsed 6m 42s | eta 44s | process workers | seats 8 | tracked 15 | cur 1 hist 1 boot 3 teach 1 base 1 heur 1 | avg reward -0.000    
PPO linea    [#########################---]  90.2% 45123/50000 |  112.1/s | elapsed 6m 42s | eta 43s | process workers | seats 8 | tracked 30 | cur 2 hist 1 boot 1 teach 3 base 1 heur 0 | avg reward -0.000    
PPO linea    [#########################---]  90.3% 45145/50000 |  112.2/s | elapsed 6m 43s | eta 43s | process workers | seats 4 | tracked 15 | cur 1 hist 1 boot 1 teach 1 base 0 heur 0 | avg reward -0.000    
PPO linea    [#########################---]  90.3% 45167/50000 |  112.1/s | elapsed 6m 43s | eta 43s | process workers | seats 6 | tracked 15 | cur 1 hist 1 boot 3 teach 1 base 0 heur 0 | avg reward -0.000    
PPO linea    [#########################---]  90.4% 45189/50000 |  112.2/s | elapsed 6m 43s | eta 43s | process workers | seats 4 | tracked 15 | cur 1 hist 2 boot 0 teach 1 base 0 heur 0 | avg reward -0.000    
PPO linea    [#########################---]  90.4% 45211/50000 |  112.2/s | elapsed 6m 43s | eta 43s | process workers | seats 8 | tracked 15 | cur 1 hist 3 boot 3 teach 1 base 0 heur 0 | avg reward -0.000    
PPO linea    [#########################---]  90.5% 45233/50000 |  112.2/s | elapsed 6m 43s | eta 43s | process workers | seats 8 | tracked 30 | cur 2 hist 1 boot 2 teach 2 base 1 heur 0 | avg reward -0.000    
PPO linea    [#########################---]  90.5% 45255/50000 |  112.1/s | elapsed 6m 44s | eta 42s | process workers | seats 10 | tracked 30 | cur 2 hist 1 boot 2 teach 3 base 2 heur 0 | avg reward -0.000   
PPO linea    [#########################---]  90.6% 45277/50000 |  112.1/s | elapsed 6m 44s | eta 42s | process workers | seats 4 | tracked 15 | cur 1 hist 0 boot 1 teach 1 base 1 heur 0 | avg reward -0.000    
PPO linea    [#########################---]  90.6% 45299/50000 |  112.1/s | elapsed 6m 44s | eta 42s | process workers | seats 6 | tracked 15 | cur 1 hist 1 boot 1 teach 0 base 1 heur 2 | avg reward -0.000    
PPO linea    [#########################---]  90.6% 45321/50000 |  112.1/s | elapsed 6m 44s | eta 42s | process workers | seats 6 | tracked 15 | cur 1 hist 0 boot 1 teach 2 base 2 heur 0 | avg reward -0.000    
PPO linea    [#########################---]  90.7% 45343/50000 |  112.1/s | elapsed 6m 44s | eta 42s | process workers | seats 4 | tracked 15 | cur 1 hist 0 boot 1 teach 2 base 0 heur 0 | avg reward -0.000    
PPO linea    [#########################---]  90.7% 45365/50000 |  112.1/s | elapsed 6m 45s | eta 41s | process workers | seats 10 | tracked 15 | cur 1 hist 1 boot 2 teach 3 base 1 heur 2 | avg reward -0.000   
PPO linea    [#########################---]  90.8% 45387/50000 |  112.1/s | elapsed 6m 45s | eta 41s | process workers | seats 4 | tracked 15 | cur 1 hist 2 boot 1 teach 0 base 0 heur 0 | avg reward -0.000    
PPO linea    [#########################---]  90.8% 45409/50000 |  112.1/s | elapsed 6m 45s | eta 41s | process workers | seats 10 | tracked 15 | cur 1 hist 1 boot 2 teach 6 base 0 heur 0 | avg reward -0.000   
PPO linea    [#########################---]  90.9% 45431/50000 |  112.1/s | elapsed 6m 45s | eta 41s | process workers | seats 8 | tracked 15 | cur 1 hist 1 boot 1 teach 2 base 3 heur 0 | avg reward -0.000    
PPO linea    [#########################---]  90.9% 45453/50000 |  112.2/s | elapsed 6m 45s | eta 41s | process workers | seats 4 | tracked 15 | cur 1 hist 3 boot 0 teach 0 base 0 heur 0 | avg reward -0.000    
PPO linea    [#########################---]  91.0% 45475/50000 |  112.1/s | elapsed 6m 45s | eta 40s | process workers | seats 2 | tracked 15 | cur 1 hist 1 boot 0 teach 0 base 0 heur 0 | avg reward -0.000    
PPO linea    [#########################---]  91.0% 45497/50000 |  112.2/s | elapsed 6m 46s | eta 40s | process workers | seats 6 | tracked 15 | cur 1 hist 1 boot 0 teach 3 base 1 heur 0 | avg reward -0.000    
PPO linea    [#########################---]  91.0% 45519/50000 |  112.2/s | elapsed 6m 46s | eta 40s | process workers | seats 10 | tracked 15 | cur 1 hist 1 boot 4 teach 4 base 0 heur 0 | avg reward -0.000   
PPO linea    [#########################---]  91.1% 45541/50000 |  112.2/s | elapsed 6m 46s | eta 40s | process workers | seats 10 | tracked 15 | cur 1 hist 3 boot 1 teach 3 base 2 heur 0 | avg reward -0.000   
PPO linea    [#########################---]  91.1% 45563/50000 |  112.2/s | elapsed 6m 46s | eta 40s | process workers | seats 10 | tracked 15 | cur 1 hist 3 boot 1 teach 2 base 2 heur 1 | avg reward -0.000   
PPO linea    [#########################---]  91.2% 45585/50000 |  112.2/s | elapsed 6m 46s | eta 39s | process workers | seats 8 | tracked 30 | cur 2 hist 1 boot 1 teach 2 base 1 heur 1 | avg reward -0.000    
PPO linea    [#########################---]  91.2% 45607/50000 |  112.2/s | elapsed 6m 47s | eta 39s | process workers | seats 6 | tracked 15 | cur 1 hist 1 boot 1 teach 2 base 1 heur 0 | avg reward -0.000    
PPO linea    [#########################---]  91.3% 45629/50000 |  112.2/s | elapsed 6m 47s | eta 39s | process workers | seats 8 | tracked 15 | cur 1 hist 4 boot 0 teach 3 base 0 heur 0 | avg reward -0.000    
PPO linea    [#########################---]  91.3% 45651/50000 |  112.2/s | elapsed 6m 47s | eta 39s | process workers | seats 4 | tracked 15 | cur 1 hist 0 boot 0 teach 2 base 1 heur 0 | avg reward -0.000    
PPO linea    [#########################---]  91.3% 45673/50000 |  112.2/s | elapsed 6m 47s | eta 39s | process workers | seats 10 | tracked 30 | cur 2 hist 2 boot 1 teach 2 base 2 heur 1 | avg reward -0.000   
PPO linea    [#########################---]  91.4% 45695/50000 |  112.2/s | elapsed 6m 47s | eta 38s | process workers | seats 8 | tracked 15 | cur 1 hist 0 boot 1 teach 2 base 2 heur 2 | avg reward -0.000    
PPO linea    [#########################---]  91.4% 45717/50000 |  112.2/s | elapsed 6m 48s | eta 38s | process workers | seats 10 | tracked 30 | cur 2 hist 2 boot 0 teach 6 base 0 heur 0 | avg reward -0.000   
PPO linea    [#########################---]  91.5% 45739/50000 |  112.2/s | elapsed 6m 48s | eta 38s | process workers | seats 6 | tracked 15 | cur 1 hist 1 boot 1 teach 3 base 0 heur 0 | avg reward -0.000    
PPO linea    [#########################---]  91.5% 45761/50000 |  112.2/s | elapsed 6m 48s | eta 38s | process workers | seats 8 | tracked 15 | cur 1 hist 2 boot 3 teach 1 base 1 heur 0 | avg reward -0.000    
PPO linea    [#########################---]  91.6% 45783/50000 |  112.2/s | elapsed 6m 48s | eta 38s | process workers | seats 10 | tracked 15 | cur 1 hist 1 boot 1 teach 3 base 4 heur 0 | avg reward -0.000   
PPO linea    [#########################---]  91.6% 45805/50000 |  112.2/s | elapsed 6m 48s | eta 37s | process workers | seats 6 | tracked 15 | cur 1 hist 1 boot 1 teach 3 base 0 heur 0 | avg reward -0.000    
PPO linea    [#########################---]  91.7% 45827/50000 |  112.2/s | elapsed 6m 48s | eta 37s | process workers | seats 2 | tracked 15 | cur 1 hist 0 boot 0 teach 1 base 0 heur 0 | avg reward -0.000    
PPO linea    [#########################---]  91.7% 45849/50000 |  112.2/s | elapsed 6m 49s | eta 37s | process workers | seats 8 | tracked 15 | cur 1 hist 1 boot 1 teach 4 base 1 heur 0 | avg reward -0.000    
PPO linea    [#########################---]  91.7% 45871/50000 |  112.2/s | elapsed 6m 49s | eta 37s | process workers | seats 10 | tracked 15 | cur 1 hist 4 boot 1 teach 4 base 0 heur 0 | avg reward -0.000   
PPO linea    [#########################---]  91.8% 45893/50000 |  112.2/s | elapsed 6m 49s | eta 37s | process workers | seats 4 | tracked 15 | cur 1 hist 1 boot 0 teach 2 base 0 heur 0 | avg reward -0.000    
PPO linea    [#########################---]  91.8% 45915/50000 |  112.2/s | elapsed 6m 49s | eta 36s | process workers | seats 8 | tracked 15 | cur 1 hist 2 boot 2 teach 2 base 1 heur 0 | avg reward -0.000    
PPO linea    [#########################---]  91.9% 45937/50000 |  112.2/s | elapsed 6m 49s | eta 36s | process workers | seats 6 | tracked 15 | cur 1 hist 0 boot 0 teach 3 base 1 heur 1 | avg reward -0.000    
PPO linea    [#########################---]  91.9% 45959/50000 |  112.2/s | elapsed 6m 50s | eta 36s | process workers | seats 8 | tracked 15 | cur 1 hist 2 boot 0 teach 4 base 1 heur 0 | avg reward -0.000    
PPO linea    [#########################---]  92.0% 45981/50000 |  112.2/s | elapsed 6m 50s | eta 36s | process workers | seats 6 | tracked 15 | cur 1 hist 1 boot 1 teach 2 base 1 heur 0 | avg reward -0.000    
PPO linea    [#########################---]  92.0% 46003/50000 |  112.2/s | elapsed 6m 50s | eta 36s | process workers | seats 8 | tracked 15 | cur 1 hist 2 boot 2 teach 1 base 1 heur 1 | avg reward -0.000    
PPO linea    [#########################---]  92.0% 46025/50000 |  112.2/s | elapsed 6m 50s | eta 35s | process workers | seats 4 | tracked 15 | cur 1 hist 1 boot 0 teach 2 base 0 heur 0 | avg reward -0.000    
PPO linea    [#########################---]  92.1% 46047/50000 |  112.2/s | elapsed 6m 50s | eta 35s | process workers | seats 10 | tracked 15 | cur 1 hist 0 boot 1 teach 4 base 3 heur 1 | avg reward -0.000   
PPO linea    [#########################---]  92.1% 46069/50000 |  112.2/s | elapsed 6m 51s | eta 35s | process workers | seats 8 | tracked 30 | cur 2 hist 0 boot 1 teach 3 base 2 heur 0 | avg reward -0.000    
PPO linea    [#########################---]  92.2% 46091/50000 |  112.2/s | elapsed 6m 51s | eta 35s | process workers | seats 10 | tracked 15 | cur 1 hist 0 boot 1 teach 6 base 2 heur 0 | avg reward -0.000   
PPO linea    [#########################---]  92.2% 46113/50000 |  112.2/s | elapsed 6m 51s | eta 35s | process workers | seats 10 | tracked 15 | cur 1 hist 2 boot 1 teach 4 base 1 heur 1 | avg reward -0.000   
PPO linea    [#########################---]  92.3% 46135/50000 |  112.2/s | elapsed 6m 51s | eta 34s | process workers | seats 4 | tracked 15 | cur 1 hist 2 boot 0 teach 1 base 0 heur 0 | avg reward -0.000    
PPO linea    [#########################---]  92.3% 46157/50000 |  112.2/s | elapsed 6m 51s | eta 34s | process workers | seats 8 | tracked 15 | cur 1 hist 0 boot 3 teach 2 base 1 heur 1 | avg reward -0.000    
PPO linea    [#########################---]  92.4% 46179/50000 |  112.2/s | elapsed 6m 52s | eta 34s | process workers | seats 6 | tracked 15 | cur 1 hist 0 boot 0 teach 4 base 1 heur 0 | avg reward -0.000    
PPO linea    [#########################---]  92.4% 46201/50000 |  112.2/s | elapsed 6m 52s | eta 34s | process workers | seats 6 | tracked 15 | cur 1 hist 0 boot 1 teach 3 base 1 heur 0 | avg reward -0.000    
PPO linea    [#########################---]  92.4% 46223/50000 |  112.2/s | elapsed 6m 52s | eta 34s | process workers | seats 4 | tracked 15 | cur 1 hist 0 boot 2 teach 0 base 0 heur 1 | avg reward -0.000    
PPO linea    [#########################---]  92.5% 46245/50000 |  112.2/s | elapsed 6m 52s | eta 33s | process workers | seats 2 | tracked 15 | cur 1 hist 0 boot 0 teach 0 base 1 heur 0 | avg reward -0.000    
PPO linea    [#########################---]  92.5% 46267/50000 |  112.2/s | elapsed 6m 52s | eta 33s | process workers | seats 10 | tracked 30 | cur 2 hist 1 boot 3 teach 3 base 0 heur 1 | avg reward -0.000   
PPO linea    [#########################---]  92.6% 46289/50000 |  112.2/s | elapsed 6m 52s | eta 33s | process workers | seats 10 | tracked 15 | cur 1 hist 2 boot 3 teach 2 base 2 heur 0 | avg reward -0.000   
PPO linea    [#########################---]  92.6% 46311/50000 |  112.2/s | elapsed 6m 53s | eta 33s | process workers | seats 2 | tracked 15 | cur 1 hist 0 boot 1 teach 0 base 0 heur 0 | avg reward -0.000    
PPO linea    [#########################---]  92.7% 46333/50000 |  112.2/s | elapsed 6m 53s | eta 33s | process workers | seats 2 | tracked 15 | cur 1 hist 0 boot 0 teach 1 base 0 heur 0 | avg reward -0.000    
PPO linea    [#########################---]  92.7% 46355/50000 |  112.2/s | elapsed 6m 53s | eta 32s | process workers | seats 8 | tracked 15 | cur 1 hist 2 boot 2 teach 2 base 1 heur 0 | avg reward -0.000    
PPO linea    [#########################---]  92.8% 46377/50000 |  112.2/s | elapsed 6m 53s | eta 32s | process workers | seats 10 | tracked 15 | cur 1 hist 1 boot 1 teach 5 base 0 heur 2 | avg reward -0.000   
PPO linea    [#########################---]  92.8% 46399/50000 |  112.2/s | elapsed 6m 54s | eta 32s | process workers | seats 10 | tracked 15 | cur 1 hist 3 boot 1 teach 4 base 1 heur 0 | avg reward -0.000   
PPO linea    [#########################---]  92.8% 46421/50000 |  112.2/s | elapsed 6m 54s | eta 32s | process workers | seats 8 | tracked 15 | cur 1 hist 1 boot 2 teach 4 base 0 heur 0 | avg reward -0.000    
PPO linea    [##########################--]  92.9% 46443/50000 |  112.2/s | elapsed 6m 54s | eta 32s | process workers | seats 2 | tracked 15 | cur 1 hist 0 boot 0 teach 1 base 0 heur 0 | avg reward -0.000    
PPO linea    [##########################--]  92.9% 46465/50000 |  112.2/s | elapsed 6m 54s | eta 32s | process workers | seats 10 | tracked 30 | cur 2 hist 2 boot 1 teach 3 base 2 heur 0 | avg reward -0.000   
PPO linea    [##########################--]  93.0% 46487/50000 |  112.2/s | elapsed 6m 54s | eta 31s | process workers | seats 8 | tracked 15 | cur 1 hist 1 boot 2 teach 3 base 0 heur 1 | avg reward -0.000    
PPO linea    [##########################--]  93.0% 46509/50000 |  112.2/s | elapsed 6m 55s | eta 31s | process workers | seats 6 | tracked 15 | cur 1 hist 2 boot 1 teach 0 base 2 heur 0 | avg reward -0.000    
PPO linea    [##########################--]  93.1% 46531/50000 |  112.2/s | elapsed 6m 55s | eta 31s | process workers | seats 4 | tracked 15 | cur 1 hist 0 boot 1 teach 2 base 0 heur 0 | avg reward -0.000    
PPO linea    [##########################--]  93.1% 46553/50000 |  112.2/s | elapsed 6m 55s | eta 31s | process workers | seats 4 | tracked 15 | cur 1 hist 2 boot 1 teach 0 base 0 heur 0 | avg reward -0.000    
PPO linea    [##########################--]  93.2% 46575/50000 |  112.2/s | elapsed 6m 55s | eta 31s | process workers | seats 4 | tracked 15 | cur 1 hist 0 boot 1 teach 2 base 0 heur 0 | avg reward -0.000    
PPO linea    [##########################--]  93.2% 46597/50000 |  112.2/s | elapsed 6m 55s | eta 30s | process workers | seats 6 | tracked 15 | cur 1 hist 1 boot 1 teach 2 base 0 heur 1 | avg reward -0.000    
PPO linea    [##########################--]  93.2% 46619/50000 |  112.2/s | elapsed 6m 56s | eta 30s | process workers | seats 4 | tracked 15 | cur 1 hist 0 boot 1 teach 1 base 1 heur 0 | avg reward -0.000    
PPO linea    [##########################--]  93.3% 46641/50000 |  112.2/s | elapsed 6m 56s | eta 30s | process workers | seats 10 | tracked 30 | cur 2 hist 0 boot 2 teach 3 base 2 heur 1 | avg reward -0.000   
PPO linea    [##########################--]  93.3% 46663/50000 |  112.2/s | elapsed 6m 56s | eta 30s | process workers | seats 6 | tracked 15 | cur 1 hist 2 boot 0 teach 3 base 0 heur 0 | avg reward -0.000    
PPO linea    [##########################--]  93.4% 46685/50000 |  112.2/s | elapsed 6m 56s | eta 30s | process workers | seats 8 | tracked 15 | cur 1 hist 1 boot 1 teach 2 base 3 heur 0 | avg reward -0.000    
PPO linea    [##########################--]  93.4% 46707/50000 |  112.2/s | elapsed 6m 56s | eta 29s | process workers | seats 10 | tracked 15 | cur 1 hist 3 boot 4 teach 2 base 0 heur 0 | avg reward -0.000   
PPO linea    [##########################--]  93.5% 46729/50000 |  112.2/s | elapsed 6m 57s | eta 29s | process workers | seats 8 | tracked 30 | cur 2 hist 2 boot 1 teach 2 base 0 heur 1 | avg reward -0.000    
PPO linea    [##########################--]  93.5% 46751/50000 |  112.2/s | elapsed 6m 57s | eta 29s | process workers | seats 4 | tracked 15 | cur 1 hist 1 boot 0 teach 1 base 1 heur 0 | avg reward -0.000    
PPO linea    [##########################--]  93.5% 46773/50000 |  112.2/s | elapsed 6m 57s | eta 29s | process workers | seats 2 | tracked 15 | cur 1 hist 1 boot 0 teach 0 base 0 heur 0 | avg reward -0.000    
PPO linea    [##########################--]  93.6% 46795/50000 |  112.2/s | elapsed 6m 57s | eta 29s | process workers | seats 4 | tracked 15 | cur 1 hist 0 boot 0 teach 1 base 1 heur 1 | avg reward -0.000    
PPO linea    [##########################--]  93.6% 46817/50000 |  112.2/s | elapsed 6m 57s | eta 28s | process workers | seats 6 | tracked 15 | cur 1 hist 1 boot 2 teach 0 base 1 heur 1 | avg reward -0.000    
PPO linea    [##########################--]  93.7% 46839/50000 |  112.2/s | elapsed 6m 58s | eta 28s | process workers | seats 6 | tracked 15 | cur 1 hist 0 boot 2 teach 3 base 0 heur 0 | avg reward -0.000    
PPO linea    [##########################--]  93.7% 46861/50000 |  112.2/s | elapsed 6m 58s | eta 28s | process workers | seats 8 | tracked 30 | cur 2 hist 2 boot 0 teach 2 base 1 heur 1 | avg reward -0.000    
PPO linea    [##########################--]  93.8% 46883/50000 |  112.2/s | elapsed 6m 58s | eta 28s | process workers | seats 4 | tracked 15 | cur 1 hist 1 boot 0 teach 1 base 1 heur 0 | avg reward -0.000    
PPO linea    [##########################--]  93.8% 46905/50000 |  112.2/s | elapsed 6m 58s | eta 28s | process workers | seats 2 | tracked 15 | cur 1 hist 0 boot 0 teach 1 base 0 heur 0 | avg reward -0.000    
PPO linea    [##########################--]  93.9% 46927/50000 |  112.2/s | elapsed 6m 58s | eta 27s | process workers | seats 10 | tracked 15 | cur 1 hist 2 boot 2 teach 4 base 1 heur 0 | avg reward -0.000   
PPO linea    [##########################--]  93.9% 46949/50000 |  112.2/s | elapsed 6m 58s | eta 27s | process workers | seats 6 | tracked 15 | cur 1 hist 0 boot 2 teach 2 base 1 heur 0 | avg reward -0.000    
PPO linea    [##########################--]  93.9% 46971/50000 |  112.2/s | elapsed 6m 59s | eta 27s | process workers | seats 8 | tracked 15 | cur 1 hist 1 boot 2 teach 2 base 2 heur 0 | avg reward -0.000    
PPO linea    [##########################--]  94.0% 46993/50000 |  112.2/s | elapsed 6m 59s | eta 27s | process workers | seats 10 | tracked 15 | cur 1 hist 2 boot 2 teach 2 base 2 heur 1 | avg reward -0.000   
PPO linea    [##########################--]  94.0% 47015/50000 |  112.2/s | elapsed 6m 59s | eta 27s | process workers | seats 10 | tracked 15 | cur 1 hist 2 boot 1 teach 4 base 0 heur 2 | avg reward -0.000   
PPO linea    [##########################--]  94.1% 47037/50000 |  112.2/s | elapsed 6m 59s | eta 26s | process workers | seats 8 | tracked 15 | cur 1 hist 1 boot 1 teach 3 base 2 heur 0 | avg reward -0.000    
PPO linea    [##########################--]  94.1% 47059/50000 |  112.2/s | elapsed 6m 59s | eta 26s | process workers | seats 6 | tracked 15 | cur 1 hist 1 boot 1 teach 3 base 0 heur 0 | avg reward -0.000    
PPO linea    [##########################--]  94.2% 47081/50000 |  112.2/s | elapsed 7m 0s | eta 26s | process workers | seats 10 | tracked 15 | cur 1 hist 3 boot 2 teach 3 base 1 heur 0 | avg reward -0.000    
PPO linea    [##########################--]  94.2% 47103/50000 |  112.2/s | elapsed 7m 0s | eta 26s | process workers | seats 4 | tracked 15 | cur 1 hist 1 boot 1 teach 1 base 0 heur 0 | avg reward -0.000     
PPO linea    [##########################--]  94.2% 47125/50000 |  112.2/s | elapsed 7m 0s | eta 26s | process workers | seats 10 | tracked 30 | cur 2 hist 2 boot 3 teach 2 base 1 heur 0 | avg reward -0.000    
PPO linea    [##########################--]  94.3% 47147/50000 |  112.2/s | elapsed 7m 0s | eta 25s | process workers | seats 6 | tracked 15 | cur 1 hist 0 boot 0 teach 4 base 1 heur 0 | avg reward -0.000     
PPO linea    [##########################--]  94.3% 47169/50000 |  112.2/s | elapsed 7m 0s | eta 25s | process workers | seats 10 | tracked 30 | cur 2 hist 2 boot 0 teach 3 base 1 heur 2 | avg reward -0.000    
PPO linea    [##########################--]  94.4% 47191/50000 |  112.2/s | elapsed 7m 1s | eta 25s | process workers | seats 4 | tracked 15 | cur 1 hist 0 boot 2 teach 0 base 0 heur 1 | avg reward -0.000     
PPO linea    [##########################--]  94.4% 47213/50000 |  112.2/s | elapsed 7m 1s | eta 25s | process workers | seats 6 | tracked 15 | cur 1 hist 0 boot 2 teach 1 base 1 heur 1 | avg reward -0.000     
PPO linea    [##########################--]  94.5% 47235/50000 |  112.2/s | elapsed 7m 1s | eta 25s | process workers | seats 10 | tracked 30 | cur 2 hist 2 boot 1 teach 4 base 1 heur 0 | avg reward -0.000    
PPO linea    [##########################--]  94.5% 47257/50000 |  112.2/s | elapsed 7m 1s | eta 24s | process workers | seats 6 | tracked 15 | cur 1 hist 2 boot 1 teach 1 base 1 heur 0 | avg reward -0.000     
PPO linea    [##########################--]  94.6% 47279/50000 |  112.2/s | elapsed 7m 1s | eta 24s | process workers | seats 8 | tracked 15 | cur 1 hist 2 boot 1 teach 2 base 1 heur 1 | avg reward -0.000     
PPO linea    [##########################--]  94.6% 47301/50000 |  112.2/s | elapsed 7m 2s | eta 24s | process workers | seats 6 | tracked 15 | cur 1 hist 0 boot 1 teach 3 base 1 heur 0 | avg reward -0.000     
PPO linea    [##########################--]  94.6% 47323/50000 |  112.2/s | elapsed 7m 2s | eta 24s | process workers | seats 4 | tracked 15 | cur 1 hist 1 boot 1 teach 1 base 0 heur 0 | avg reward -0.000     
PPO linea    [##########################--]  94.7% 47345/50000 |  112.2/s | elapsed 7m 2s | eta 24s | process workers | seats 10 | tracked 15 | cur 1 hist 3 boot 1 teach 4 base 0 heur 1 | avg reward -0.000    
PPO linea    [##########################--]  94.7% 47367/50000 |  112.2/s | elapsed 7m 2s | eta 23s | process workers | seats 8 | tracked 30 | cur 2 hist 1 boot 1 teach 1 base 2 heur 1 | avg reward -0.000     
PPO linea    [##########################--]  94.8% 47389/50000 |  112.2/s | elapsed 7m 2s | eta 23s | process workers | seats 10 | tracked 15 | cur 1 hist 3 boot 0 teach 6 base 0 heur 0 | avg reward -0.000    
PPO linea    [##########################--]  94.8% 47411/50000 |  112.2/s | elapsed 7m 2s | eta 23s | process workers | seats 10 | tracked 15 | cur 1 hist 2 boot 1 teach 5 base 1 heur 0 | avg reward -0.000    
PPO linea    [##########################--]  94.9% 47433/50000 |  112.2/s | elapsed 7m 3s | eta 23s | process workers | seats 8 | tracked 15 | cur 1 hist 1 boot 1 teach 3 base 1 heur 1 | avg reward -0.000     
PPO linea    [##########################--]  94.9% 47455/50000 |  112.2/s | elapsed 7m 3s | eta 23s | process workers | seats 8 | tracked 30 | cur 2 hist 0 boot 1 teach 3 base 1 heur 1 | avg reward -0.000     
PPO linea    [##########################--]  95.0% 47477/50000 |  112.2/s | elapsed 7m 3s | eta 22s | process workers | seats 10 | tracked 30 | cur 2 hist 2 boot 0 teach 3 base 1 heur 2 | avg reward -0.000    
PPO linea    [##########################--]  95.0% 47499/50000 |  112.2/s | elapsed 7m 3s | eta 22s | process workers | seats 10 | tracked 30 | cur 2 hist 2 boot 0 teach 3 base 1 heur 2 | avg reward -0.000    
PPO linea    [##########################--]  95.0% 47521/50000 |  112.2/s | elapsed 7m 3s | eta 22s | process workers | seats 4 | tracked 15 | cur 1 hist 1 boot 0 teach 1 base 1 heur 0 | avg reward -0.000     
PPO linea    [##########################--]  95.1% 47543/50000 |  112.2/s | elapsed 7m 4s | eta 22s | process workers | seats 10 | tracked 30 | cur 2 hist 1 boot 1 teach 5 base 0 heur 1 | avg reward -0.000    
PPO linea    [##########################--]  95.1% 47565/50000 |  112.2/s | elapsed 7m 4s | eta 22s | process workers | seats 10 | tracked 15 | cur 1 hist 0 boot 0 teach 5 base 2 heur 2 | avg reward -0.000    
PPO linea    [##########################--]  95.2% 47587/50000 |  112.2/s | elapsed 7m 4s | eta 22s | process workers | seats 8 | tracked 15 | cur 1 hist 3 boot 0 teach 4 base 0 heur 0 | avg reward -0.000     
PPO linea    [##########################--]  95.2% 47609/50000 |  112.2/s | elapsed 7m 4s | eta 21s | process workers | seats 4 | tracked 15 | cur 1 hist 2 boot 0 teach 1 base 0 heur 0 | avg reward -0.000     
PPO linea    [##########################--]  95.3% 47631/50000 |  112.2/s | elapsed 7m 4s | eta 21s | process workers | seats 8 | tracked 30 | cur 2 hist 0 boot 1 teach 4 base 1 heur 0 | avg reward -0.000     
PPO linea    [##########################--]  95.3% 47653/50000 |  112.2/s | elapsed 7m 5s | eta 21s | process workers | seats 6 | tracked 15 | cur 1 hist 2 boot 1 teach 0 base 1 heur 1 | avg reward -0.000     
PPO linea    [##########################--]  95.3% 47675/50000 |  112.2/s | elapsed 7m 5s | eta 21s | process workers | seats 4 | tracked 15 | cur 1 hist 1 boot 0 teach 1 base 1 heur 0 | avg reward -0.000     
PPO linea    [##########################--]  95.4% 47697/50000 |  112.2/s | elapsed 7m 5s | eta 21s | process workers | seats 10 | tracked 15 | cur 1 hist 1 boot 0 teach 4 base 1 heur 3 | avg reward -0.000    
PPO linea    [##########################--]  95.4% 47719/50000 |  112.2/s | elapsed 7m 5s | eta 20s | process workers | seats 10 | tracked 15 | cur 1 hist 4 boot 0 teach 1 base 4 heur 0 | avg reward -0.000    
PPO linea    [##########################--]  95.5% 47741/50000 |  112.2/s | elapsed 7m 5s | eta 20s | process workers | seats 4 | tracked 15 | cur 1 hist 0 boot 0 teach 3 base 0 heur 0 | avg reward -0.000     
PPO linea    [##########################--]  95.5% 47763/50000 |  112.2/s | elapsed 7m 6s | eta 20s | process workers | seats 2 | tracked 15 | cur 1 hist 0 boot 0 teach 0 base 1 heur 0 | avg reward -0.000     
PPO linea    [##########################--]  95.6% 47785/50000 |  112.2/s | elapsed 7m 6s | eta 20s | process workers | seats 10 | tracked 15 | cur 1 hist 0 boot 3 teach 4 base 1 heur 1 | avg reward -0.000    
PPO linea    [##########################--]  95.6% 47807/50000 |  112.2/s | elapsed 7m 6s | eta 20s | process workers | seats 6 | tracked 15 | cur 1 hist 0 boot 1 teach 4 base 0 heur 0 | avg reward -0.000     
PPO linea    [##########################--]  95.7% 47829/50000 |  112.2/s | elapsed 7m 6s | eta 19s | process workers | seats 6 | tracked 15 | cur 1 hist 2 boot 1 teach 0 base 1 heur 1 | avg reward -0.000     
PPO linea    [##########################--]  95.7% 47851/50000 |  112.2/s | elapsed 7m 6s | eta 19s | process workers | seats 4 | tracked 15 | cur 1 hist 0 boot 0 teach 2 base 1 heur 0 | avg reward -0.000     
PPO linea    [##########################--]  95.7% 47873/50000 |  112.2/s | elapsed 7m 7s | eta 19s | process workers | seats 4 | tracked 15 | cur 1 hist 0 boot 0 teach 2 base 1 heur 0 | avg reward -0.000     
PPO linea    [##########################--]  95.8% 47895/50000 |  112.2/s | elapsed 7m 7s | eta 19s | process workers | seats 10 | tracked 15 | cur 1 hist 2 boot 1 teach 6 base 0 heur 0 | avg reward -0.000    
PPO linea    [##########################--]  95.8% 47917/50000 |  112.2/s | elapsed 7m 7s | eta 19s | process workers | seats 8 | tracked 15 | cur 1 hist 3 boot 0 teach 3 base 1 heur 0 | avg reward -0.000     
PPO linea    [##########################--]  95.9% 47939/50000 |  112.2/s | elapsed 7m 7s | eta 18s | process workers | seats 10 | tracked 15 | cur 1 hist 3 boot 0 teach 5 base 1 heur 0 | avg reward -0.000    
PPO linea    [##########################--]  95.9% 47961/50000 |  112.2/s | elapsed 7m 7s | eta 18s | process workers | seats 4 | tracked 15 | cur 1 hist 1 boot 0 teach 1 base 1 heur 0 | avg reward -0.000     
PPO linea    [##########################--]  96.0% 47983/50000 |  112.2/s | elapsed 7m 8s | eta 18s | process workers | seats 4 | tracked 15 | cur 1 hist 0 boot 1 teach 2 base 0 heur 0 | avg reward -0.000     
PPO linea    [##########################--]  96.0% 48005/50000 |  112.2/s | elapsed 7m 8s | eta 18s | process workers | seats 8 | tracked 15 | cur 1 hist 1 boot 1 teach 4 base 1 heur 0 | avg reward -0.000     
PPO linea    [##########################--]  96.1% 48027/50000 |  112.2/s | elapsed 7m 8s | eta 18s | process workers | seats 4 | tracked 15 | cur 1 hist 1 boot 0 teach 1 base 0 heur 1 | avg reward -0.000     
PPO linea    [##########################--]  96.1% 48049/50000 |  112.2/s | elapsed 7m 8s | eta 17s | process workers | seats 6 | tracked 15 | cur 1 hist 3 boot 0 teach 0 base 2 heur 0 | avg reward -0.000     
PPO linea    [##########################--]  96.1% 48071/50000 |  112.2/s | elapsed 7m 8s | eta 17s | process workers | seats 2 | tracked 15 | cur 1 hist 0 boot 0 teach 1 base 0 heur 0 | avg reward -0.000     
PPO linea    [##########################--]  96.2% 48093/50000 |  112.2/s | elapsed 7m 9s | eta 17s | process workers | seats 2 | tracked 15 | cur 1 hist 0 boot 0 teach 1 base 0 heur 0 | avg reward -0.000     
PPO linea    [##########################--]  96.2% 48115/50000 |  112.2/s | elapsed 7m 9s | eta 17s | process workers | seats 8 | tracked 30 | cur 2 hist 2 boot 0 teach 2 base 2 heur 0 | avg reward -0.000     
PPO linea    [##########################--]  96.3% 48137/50000 |  112.2/s | elapsed 7m 9s | eta 17s | process workers | seats 6 | tracked 15 | cur 1 hist 2 boot 1 teach 2 base 0 heur 0 | avg reward -0.000     
PPO linea    [##########################--]  96.3% 48159/50000 |  112.2/s | elapsed 7m 9s | eta 16s | process workers | seats 8 | tracked 15 | cur 1 hist 1 boot 2 teach 1 base 2 heur 1 | avg reward -0.000     
PPO linea    [##########################--]  96.4% 48181/50000 |  112.2/s | elapsed 7m 9s | eta 16s | process workers | seats 10 | tracked 30 | cur 2 hist 2 boot 0 teach 4 base 2 heur 0 | avg reward -0.000    
PPO linea    [##########################--]  96.4% 48203/50000 |  112.2/s | elapsed 7m 10s | eta 16s | process workers | seats 10 | tracked 30 | cur 2 hist 4 boot 0 teach 3 base 1 heur 0 | avg reward -0.000   
PPO linea    [###########################-]  96.5% 48225/50000 |  112.2/s | elapsed 7m 10s | eta 16s | process workers | seats 8 | tracked 15 | cur 1 hist 0 boot 0 teach 4 base 2 heur 1 | avg reward -0.000    
PPO linea    [###########################-]  96.5% 48247/50000 |  112.2/s | elapsed 7m 10s | eta 16s | process workers | seats 10 | tracked 15 | cur 1 hist 3 boot 0 teach 3 base 3 heur 0 | avg reward -0.000   
PPO linea    [###########################-]  96.5% 48269/50000 |  112.2/s | elapsed 7m 10s | eta 15s | process workers | seats 10 | tracked 30 | cur 2 hist 4 boot 0 teach 2 base 1 heur 1 | avg reward -0.000   
PPO linea    [###########################-]  96.6% 48291/50000 |  112.2/s | elapsed 7m 10s | eta 15s | process workers | seats 6 | tracked 15 | cur 1 hist 1 boot 0 teach 2 base 2 heur 0 | avg reward -0.000    
PPO linea    [###########################-]  96.6% 48313/50000 |  112.2/s | elapsed 7m 11s | eta 15s | process workers | seats 10 | tracked 15 | cur 1 hist 0 boot 0 teach 6 base 3 heur 0 | avg reward -0.000   
PPO linea    [###########################-]  96.7% 48335/50000 |  112.2/s | elapsed 7m 11s | eta 15s | process workers | seats 10 | tracked 15 | cur 1 hist 2 boot 0 teach 4 base 3 heur 0 | avg reward -0.000   
PPO linea    [###########################-]  96.7% 48357/50000 |  112.2/s | elapsed 7m 11s | eta 15s | process workers | seats 6 | tracked 15 | cur 1 hist 3 boot 0 teach 1 base 1 heur 0 | avg reward -0.000    
PPO linea    [###########################-]  96.8% 48379/50000 |  112.2/s | elapsed 7m 11s | eta 14s | process workers | seats 6 | tracked 15 | cur 1 hist 2 boot 1 teach 2 base 0 heur 0 | avg reward -0.000    
PPO linea    [###########################-]  96.8% 48401/50000 |  112.2/s | elapsed 7m 11s | eta 14s | process workers | seats 4 | tracked 15 | cur 1 hist 0 boot 1 teach 2 base 0 heur 0 | avg reward -0.000    
PPO linea    [###########################-]  96.8% 48423/50000 |  112.2/s | elapsed 7m 11s | eta 14s | process workers | seats 4 | tracked 15 | cur 1 hist 0 boot 0 teach 2 base 1 heur 0 | avg reward -0.000    
PPO linea    [###########################-]  96.9% 48445/50000 |  112.2/s | elapsed 7m 12s | eta 14s | process workers | seats 6 | tracked 15 | cur 1 hist 2 boot 1 teach 1 base 0 heur 1 | avg reward -0.000    
PPO linea    [###########################-]  96.9% 48467/50000 |  112.2/s | elapsed 7m 12s | eta 14s | process workers | seats 4 | tracked 15 | cur 1 hist 0 boot 1 teach 1 base 1 heur 0 | avg reward -0.000    
PPO linea    [###########################-]  97.0% 48489/50000 |  112.2/s | elapsed 7m 12s | eta 13s | process workers | seats 6 | tracked 15 | cur 1 hist 3 boot 0 teach 2 base 0 heur 0 | avg reward -0.000    
PPO linea    [###########################-]  97.0% 48511/50000 |  112.2/s | elapsed 7m 12s | eta 13s | process workers | seats 4 | tracked 15 | cur 1 hist 1 boot 1 teach 0 base 1 heur 0 | avg reward -0.000    
PPO linea    [###########################-]  97.1% 48533/50000 |  112.2/s | elapsed 7m 12s | eta 13s | process workers | seats 6 | tracked 15 | cur 1 hist 3 boot 0 teach 2 base 0 heur 0 | avg reward -0.000    
PPO linea    [###########################-]  97.1% 48555/50000 |  112.2/s | elapsed 7m 13s | eta 13s | process workers | seats 6 | tracked 15 | cur 1 hist 0 boot 2 teach 2 base 1 heur 0 | avg reward -0.000    
PPO linea    [###########################-]  97.2% 48577/50000 |  112.2/s | elapsed 7m 13s | eta 13s | process workers | seats 10 | tracked 15 | cur 1 hist 4 boot 2 teach 3 base 0 heur 0 | avg reward -0.000   
PPO linea    [###########################-]  97.2% 48599/50000 |  112.2/s | elapsed 7m 13s | eta 12s | process workers | seats 4 | tracked 15 | cur 1 hist 0 boot 0 teach 1 base 2 heur 0 | avg reward -0.000    
PPO linea    [###########################-]  97.2% 48621/50000 |  112.2/s | elapsed 7m 13s | eta 12s | process workers | seats 4 | tracked 15 | cur 1 hist 2 boot 0 teach 1 base 0 heur 0 | avg reward -0.000    
PPO linea    [###########################-]  97.3% 48643/50000 |  112.2/s | elapsed 7m 13s | eta 12s | process workers | seats 10 | tracked 15 | cur 1 hist 4 boot 1 teach 2 base 2 heur 0 | avg reward -0.000   
PPO linea    [###########################-]  97.3% 48665/50000 |  112.2/s | elapsed 7m 14s | eta 12s | process workers | seats 10 | tracked 30 | cur 2 hist 3 boot 2 teach 2 base 0 heur 1 | avg reward -0.000   
PPO linea    [###########################-]  97.4% 48687/50000 |  112.2/s | elapsed 7m 14s | eta 12s | process workers | seats 4 | tracked 15 | cur 1 hist 1 boot 1 teach 1 base 0 heur 0 | avg reward -0.000    
PPO linea    [###########################-]  97.4% 48709/50000 |  112.2/s | elapsed 7m 14s | eta 12s | process workers | seats 8 | tracked 15 | cur 1 hist 0 boot 4 teach 1 base 2 heur 0 | avg reward -0.000    
PPO linea    [###########################-]  97.5% 48731/50000 |  112.2/s | elapsed 7m 14s | eta 11s | process workers | seats 10 | tracked 15 | cur 1 hist 1 boot 0 teach 7 base 1 heur 0 | avg reward -0.000   
PPO linea    [###########################-]  97.5% 48753/50000 |  112.2/s | elapsed 7m 14s | eta 11s | process workers | seats 10 | tracked 15 | cur 1 hist 1 boot 1 teach 5 base 2 heur 0 | avg reward -0.000   
PPO linea    [###########################-]  97.5% 48775/50000 |  112.2/s | elapsed 7m 15s | eta 11s | process workers | seats 10 | tracked 30 | cur 2 hist 2 boot 0 teach 5 base 1 heur 0 | avg reward -0.000   
PPO linea    [###########################-]  97.6% 48797/50000 |  112.2/s | elapsed 7m 15s | eta 11s | process workers | seats 10 | tracked 30 | cur 2 hist 0 boot 1 teach 4 base 2 heur 1 | avg reward -0.000   
PPO linea    [###########################-]  97.6% 48819/50000 |  112.2/s | elapsed 7m 15s | eta 11s | process workers | seats 6 | tracked 15 | cur 1 hist 2 boot 1 teach 1 base 1 heur 0 | avg reward -0.000    
PPO linea    [###########################-]  97.7% 48841/50000 |  112.2/s | elapsed 7m 15s | eta 10s | process workers | seats 6 | tracked 15 | cur 1 hist 0 boot 1 teach 3 base 0 heur 1 | avg reward -0.000    
PPO linea    [###########################-]  97.7% 48863/50000 |  112.2/s | elapsed 7m 15s | eta 10s | process workers | seats 4 | tracked 15 | cur 1 hist 1 boot 0 teach 2 base 0 heur 0 | avg reward -0.000    
PPO linea    [###########################-]  97.8% 48885/50000 |  112.2/s | elapsed 7m 16s | eta 10s | process workers | seats 6 | tracked 15 | cur 1 hist 1 boot 1 teach 3 base 0 heur 0 | avg reward -0.000    
PPO linea    [###########################-]  97.8% 48907/50000 |  112.2/s | elapsed 7m 16s | eta 10s | process workers | seats 4 | tracked 15 | cur 1 hist 0 boot 0 teach 1 base 2 heur 0 | avg reward -0.000    
PPO linea    [###########################-]  97.9% 48929/50000 |  112.2/s | elapsed 7m 16s | eta 10s | process workers | seats 10 | tracked 15 | cur 1 hist 2 boot 1 teach 4 base 1 heur 1 | avg reward -0.000   
PPO linea    [###########################-]  97.9% 48951/50000 |  112.2/s | elapsed 7m 16s | eta 9s | process workers | seats 10 | tracked 15 | cur 1 hist 3 boot 1 teach 1 base 2 heur 2 | avg reward -0.000    
PPO linea    [###########################-]  97.9% 48973/50000 |  112.2/s | elapsed 7m 16s | eta 9s | process workers | seats 8 | tracked 15 | cur 1 hist 3 boot 2 teach 2 base 0 heur 0 | avg reward -0.000     
PPO linea    [###########################-]  98.0% 48995/50000 |  112.2/s | elapsed 7m 16s | eta 9s | process workers | seats 6 | tracked 15 | cur 1 hist 0 boot 1 teach 4 base 0 heur 0 | avg reward -0.000     
PPO linea    [###########################-]  98.0% 49017/50000 |  112.2/s | elapsed 7m 17s | eta 9s | process workers | seats 4 | tracked 15 | cur 1 hist 0 boot 0 teach 1 base 2 heur 0 | avg reward -0.000     
PPO linea    [###########################-]  98.1% 49039/50000 |  112.2/s | elapsed 7m 17s | eta 9s | process workers | seats 4 | tracked 15 | cur 1 hist 0 boot 0 teach 2 base 1 heur 0 | avg reward -0.000     
PPO linea    [###########################-]  98.1% 49061/50000 |  112.3/s | elapsed 7m 17s | eta 8s | process workers | seats 6 | tracked 15 | cur 1 hist 1 boot 0 teach 2 base 1 heur 1 | avg reward -0.000     
PPO linea    [###########################-]  98.2% 49083/50000 |  112.3/s | elapsed 7m 17s | eta 8s | process workers | seats 10 | tracked 30 | cur 2 hist 3 boot 1 teach 4 base 0 heur 0 | avg reward -0.000    
PPO linea    [###########################-]  98.2% 49105/50000 |  112.3/s | elapsed 7m 17s | eta 8s | process workers | seats 6 | tracked 15 | cur 1 hist 2 boot 1 teach 2 base 0 heur 0 | avg reward -0.000     
PPO linea    [###########################-]  98.3% 49127/50000 |  112.3/s | elapsed 7m 18s | eta 8s | process workers | seats 8 | tracked 15 | cur 1 hist 1 boot 2 teach 1 base 3 heur 0 | avg reward -0.000     
PPO linea    [###########################-]  98.3% 49149/50000 |  112.3/s | elapsed 7m 18s | eta 8s | process workers | seats 8 | tracked 15 | cur 1 hist 0 boot 0 teach 6 base 1 heur 0 | avg reward -0.000     
PPO linea    [###########################-]  98.3% 49171/50000 |  112.3/s | elapsed 7m 18s | eta 7s | process workers | seats 8 | tracked 15 | cur 1 hist 2 boot 2 teach 2 base 0 heur 1 | avg reward -0.000     
PPO linea    [###########################-]  98.4% 49193/50000 |  112.2/s | elapsed 7m 18s | eta 7s | process workers | seats 6 | tracked 15 | cur 1 hist 0 boot 1 teach 3 base 1 heur 0 | avg reward -0.000     
PPO linea    [###########################-]  98.4% 49215/50000 |  112.2/s | elapsed 7m 18s | eta 7s | process workers | seats 10 | tracked 15 | cur 1 hist 2 boot 5 teach 2 base 0 heur 0 | avg reward -0.000    
PPO linea    [###########################-]  98.5% 49237/50000 |  112.2/s | elapsed 7m 19s | eta 7s | process workers | seats 2 | tracked 15 | cur 1 hist 0 boot 0 teach 1 base 0 heur 0 | avg reward -0.000     
PPO linea    [###########################-]  98.5% 49259/50000 |  112.2/s | elapsed 7m 19s | eta 7s | process workers | seats 6 | tracked 15 | cur 1 hist 0 boot 1 teach 2 base 1 heur 1 | avg reward -0.000     
PPO linea    [###########################-]  98.6% 49281/50000 |  112.2/s | elapsed 7m 19s | eta 6s | process workers | seats 6 | tracked 15 | cur 1 hist 1 boot 1 teach 1 base 1 heur 1 | avg reward -0.000     
PPO linea    [###########################-]  98.6% 49303/50000 |  112.2/s | elapsed 7m 19s | eta 6s | process workers | seats 6 | tracked 15 | cur 1 hist 1 boot 2 teach 0 base 2 heur 0 | avg reward -0.000     
PPO linea    [###########################-]  98.7% 49325/50000 |  112.2/s | elapsed 7m 19s | eta 6s | process workers | seats 10 | tracked 30 | cur 2 hist 0 boot 3 teach 4 base 0 heur 1 | avg reward -0.000    
PPO linea    [###########################-]  98.7% 49347/50000 |  112.2/s | elapsed 7m 20s | eta 6s | process workers | seats 8 | tracked 15 | cur 1 hist 0 boot 0 teach 3 base 3 heur 1 | avg reward -0.000     
PPO linea    [###########################-]  98.7% 49369/50000 |  112.2/s | elapsed 7m 20s | eta 6s | process workers | seats 4 | tracked 15 | cur 1 hist 1 boot 0 teach 1 base 1 heur 0 | avg reward -0.000     
PPO linea    [###########################-]  98.8% 49391/50000 |  112.2/s | elapsed 7m 20s | eta 5s | process workers | seats 10 | tracked 15 | cur 1 hist 1 boot 3 teach 4 base 1 heur 0 | avg reward -0.000    
PPO linea    [###########################-]  98.8% 49413/50000 |  112.2/s | elapsed 7m 20s | eta 5s | process workers | seats 4 | tracked 15 | cur 1 hist 1 boot 0 teach 1 base 1 heur 0 | avg reward -0.000     
PPO linea    [###########################-]  98.9% 49435/50000 |  112.2/s | elapsed 7m 20s | eta 5s | process workers | seats 8 | tracked 30 | cur 2 hist 0 boot 2 teach 3 base 1 heur 0 | avg reward -0.000     
PPO linea    [###########################-]  98.9% 49457/50000 |  112.2/s | elapsed 7m 21s | eta 5s | process workers | seats 6 | tracked 15 | cur 1 hist 0 boot 1 teach 2 base 1 heur 1 | avg reward -0.000     
PPO linea    [###########################-]  99.0% 49479/50000 |  112.3/s | elapsed 7m 21s | eta 5s | process workers | seats 6 | tracked 15 | cur 1 hist 1 boot 1 teach 2 base 1 heur 0 | avg reward -0.000     
PPO linea    [###########################-]  99.0% 49501/50000 |  112.3/s | elapsed 7m 21s | eta 4s | process workers | seats 4 | tracked 15 | cur 1 hist 0 boot 3 teach 0 base 0 heur 0 | avg reward -0.000     
PPO linea    [###########################-]  99.0% 49523/50000 |  112.3/s | elapsed 7m 21s | eta 4s | process workers | seats 2 | tracked 15 | cur 1 hist 1 boot 0 teach 0 base 0 heur 0 | avg reward -0.000     
PPO linea    [###########################-]  99.1% 49545/50000 |  112.3/s | elapsed 7m 21s | eta 4s | process workers | seats 8 | tracked 15 | cur 1 hist 1 boot 2 teach 3 base 1 heur 0 | avg reward -0.000     
PPO linea    [###########################-]  99.1% 49567/50000 |  112.3/s | elapsed 7m 22s | eta 4s | process workers | seats 4 | tracked 15 | cur 1 hist 0 boot 0 teach 3 base 0 heur 0 | avg reward -0.000     
PPO linea    [###########################-]  99.2% 49589/50000 |  112.3/s | elapsed 7m 22s | eta 4s | process workers | seats 10 | tracked 15 | cur 1 hist 2 boot 3 teach 4 base 0 heur 0 | avg reward -0.000    
PPO linea    [###########################-]  99.2% 49611/50000 |  112.3/s | elapsed 7m 22s | eta 3s | process workers | seats 6 | tracked 15 | cur 1 hist 3 boot 0 teach 1 base 0 heur 1 | avg reward -0.000     
PPO linea    [###########################-]  99.3% 49633/50000 |  112.3/s | elapsed 7m 22s | eta 3s | process workers | seats 10 | tracked 30 | cur 2 hist 2 boot 1 teach 3 base 1 heur 1 | avg reward -0.000    
PPO linea    [###########################-]  99.3% 49655/50000 |  112.3/s | elapsed 7m 22s | eta 3s | process workers | seats 2 | tracked 15 | cur 1 hist 0 boot 0 teach 0 base 1 heur 0 | avg reward -0.000     
PPO linea    [###########################-]  99.4% 49677/50000 |  112.3/s | elapsed 7m 22s | eta 3s | process workers | seats 6 | tracked 15 | cur 1 hist 2 boot 0 teach 1 base 2 heur 0 | avg reward -0.000     
PPO linea    [###########################-]  99.4% 49699/50000 |  112.3/s | elapsed 7m 23s | eta 3s | process workers | seats 2 | tracked 15 | cur 1 hist 1 boot 0 teach 0 base 0 heur 0 | avg reward -0.000     
PPO linea    [###########################-]  99.4% 49721/50000 |  112.3/s | elapsed 7m 23s | eta 2s | process workers | seats 8 | tracked 30 | cur 2 hist 5 boot 0 teach 1 base 0 heur 0 | avg reward -0.000     
PPO linea    [###########################-]  99.5% 49743/50000 |  112.3/s | elapsed 7m 23s | eta 2s | process workers | seats 4 | tracked 15 | cur 1 hist 0 boot 1 teach 2 base 0 heur 0 | avg reward -0.000     
PPO linea    [###########################-]  99.5% 49765/50000 |  112.3/s | elapsed 7m 23s | eta 2s | process workers | seats 10 | tracked 15 | cur 1 hist 1 boot 2 teach 1 base 3 heur 2 | avg reward -0.000    
PPO linea    [###########################-]  99.6% 49787/50000 |  112.3/s | elapsed 7m 23s | eta 2s | process workers | seats 8 | tracked 15 | cur 1 hist 1 boot 1 teach 5 base 0 heur 0 | avg reward -0.000     
PPO linea    [###########################-]  99.6% 49809/50000 |  112.3/s | elapsed 7m 24s | eta 2s | process workers | seats 8 | tracked 30 | cur 2 hist 0 boot 0 teach 3 base 2 heur 1 | avg reward -0.000     
PPO linea    [###########################-]  99.7% 49831/50000 |  112.3/s | elapsed 7m 24s | eta 2s | process workers | seats 4 | tracked 15 | cur 1 hist 1 boot 0 teach 2 base 0 heur 0 | avg reward -0.000     
PPO linea    [###########################-]  99.7% 49853/50000 |  112.3/s | elapsed 7m 24s | eta 1s | process workers | seats 4 | tracked 15 | cur 1 hist 0 boot 0 teach 2 base 1 heur 0 | avg reward -0.000     
PPO linea    [###########################-]  99.8% 49875/50000 |  112.3/s | elapsed 7m 24s | eta 1s | process workers | seats 6 | tracked 15 | cur 1 hist 1 boot 0 teach 3 base 0 heur 1 | avg reward -0.000     
PPO linea    [###########################-]  99.8% 49897/50000 |  112.3/s | elapsed 7m 24s | eta 1s | process workers | seats 6 | tracked 15 | cur 1 hist 1 boot 2 teach 2 base 0 heur 0 | avg reward -0.000     
PPO linea    [###########################-]  99.8% 49919/50000 |  112.3/s | elapsed 7m 25s | eta 1s | process workers | seats 4 | tracked 15 | cur 1 hist 0 boot 0 teach 2 base 1 heur 0 | avg reward -0.000     
PPO linea    [###########################-]  99.9% 49941/50000 |  112.3/s | elapsed 7m 25s | eta 1s | process workers | seats 8 | tracked 30 | cur 2 hist 1 boot 1 teach 3 base 1 heur 0 | avg reward -0.000     
PPO linea    [###########################-]  99.9% 49963/50000 |  112.3/s | elapsed 7m 25s | eta 0s | process workers | seats 10 | tracked 30 | cur 2 hist 1 boot 1 teach 3 base 3 heur 0 | avg reward -0.000    
PPO linea    [###########################-] 100.0% 49985/50000 |  112.3/s | elapsed 7m 25s | eta 0s | process workers | seats 4 | tracked 15 | cur 1 hist 0 boot 1 teach 1 base 1 heur 0 | avg reward -0.000     
PPO linea    [############################] 100.0% 50000/50000 |  112.3/s | elapsed 7m 25s | process workers | seats 4 | tracked 15 | cur 1 hist 1 boot 0 teach 1 base 0 heur 1 | avg reward -0.000              
PPO linea    [############################] 100.0% 50000/50000 |  112.3/s | elapsed 7m 25s | avg reward -0.000                                                                                                   
Skipping neural training; exporting bootstrap neural policy for comparison only.
Export gate | linear live False (vs heur +1.704) | neural live False (vs heur -11.801)
Wrote card policy registry to /var/folders/50/v8fcvn9n4mdc8cxqdywkmk880000gn/T/tmpzigjt6rh/candidate-2.js
